Workbook

Sheet MOT Tables INT
A1: Gender | B1: Event | C1: Age | D1: Canada Track | E1: Canada Track Time | F1: Canada Track Time in Seconds | G1: Average Progression Delta | H1: Average Progression Delta VALUE ONLY | I1: Canada Entry Age | J1: Canada Arrival Age | K1: Malaysia Arrival Time (SEA BRONZE) | L1: Malaysia Track Time in Seconds | M1: Malaysia Track Time | N1: Malaysia Track AQUA | P1: Data must be sorted by Gender, Event, Age for the Average Progression Delta forumula to work, values copied in Average Progression Delta VALUE ONLY for refernce if it gets corrupted
A2: F | B2: 100 Back | C2: 13 | D2: 1 | E2: 1:05.85 | F2: =IFERROR(__xludf.DUMMYFUNCTION("IF( REGEXMATCH(E2, "":""), 60*VALUE(INDEX(SPLIT(E2, "":""),1,1)) + VALUE(INDEX(SPLIT(E2, "":""),1,2)), VALUE(E2) )"),65.85) | G2: 0 | H2: 0 | I2: =C2 | J2: =C19 | K2: {=INDEX('Podium Target Times'!$C:$C, MATCH(A2&B2, 'Podium Target Times'!$A:$A&'Podium Target Times'!$B:$B, 0))} | L2: =L3+G3 | M2: =IF(L2<60, TEXT(L2/86400, "ss.00"), IF(L2<600, TEXT(L2/86400, "m:ss.00"), TEXT(L2/86400, "mm:ss.00"))) | N2: =IFERROR(__xludf.DUMMYFUNCTION("LET( gen,$A2, ev,$B2, t,$M2, hdrs, ARRAYFORMULA(UPPER(TRIM(CLEAN(SUBSTITUTE('AQUA POINTS'!$1:$1,CHAR(160),"" ""))))), col, MATCH(UPPER(ev), hdrs, 0), base, INDEX('AQUA POINTS'!$1:$3, IF(gen=""M"",2,3), col), baseSec, IF(ISNUMBER(base), IF(base<"&"1, base*86400, base), IF(REGEXMATCH(base,"":""), VALUE(LEFT(base, FIND("":"",base)-1))*60 + VALUE(MID(base, FIND("":"",base)+1, 99)), VALUE(SUBSTITUTE(base,"","",""."")))), tSec, IF(ISNUMBER(t), IF(t<1, t*86400, t), "&" IF(REGEXMATCH(t,"":""), VALUE(LEFT(t, FIND("":"",t)-1))*60 + VALUE(MID(t, FIND("":"",t)+1, 99)), VALUE(SUBSTITUTE(t,"","",""."")))), INT(1000*(baseSec/tSec)^3) )"),534.0) | P2: =A2 | Q2: =B2 | R2: =C2 | S2: =M2 | T2: =N2
A3: F | B3: 100 Back | C3: 14 | D3: 1 | E3: 1:03.87 | F3: =IFERROR(__xludf.DUMMYFUNCTION("IF( REGEXMATCH(E3, "":""), 60*VALUE(INDEX(SPLIT(E3, "":""),1,1)) + VALUE(INDEX(SPLIT(E3, "":""),1,2)), VALUE(E3) )"),63.87) | G3: =F2-F3 | H3: 1.98 | I3: =C2 | J3: =C19 | K3: {=INDEX('Podium Target Times'!$C:$C, MATCH(A3&B3, 'Podium Target Times'!$A:$A&'Podium Target Times'!$B:$B, 0))} | L3: =L5+G5 | M3: =TEXT(L3/86400, "mm:ss.00") | N3: =IFERROR(__xludf.DUMMYFUNCTION("LET( gen,$A3, ev,$B3, t,$M3, hdrs, ARRAYFORMULA(UPPER(TRIM(CLEAN(SUBSTITUTE('AQUA POINTS'!$1:$1,CHAR(160),"" ""))))), col, MATCH(UPPER(ev), hdrs, 0), base, INDEX('AQUA POINTS'!$1:$3, IF(gen=""M"",2,3), col), baseSec, IF(ISNUMBER(base), IF(base<"&"1, base*86400, base), IF(REGEXMATCH(base,"":""), VALUE(LEFT(base, FIND("":"",base)-1))*60 + VALUE(MID(base, FIND("":"",base)+1, 99)), VALUE(SUBSTITUTE(base,"","",""."")))), tSec, IF(ISNUMBER(t), IF(t<1, t*86400, t), "&" IF(REGEXMATCH(t,"":""), VALUE(LEFT(t, FIND("":"",t)-1))*60 + VALUE(MID(t, FIND("":"",t)+1, 99)), VALUE(SUBSTITUTE(t,"","",""."")))), INT(1000*(baseSec/tSec)^3) )"),581.0) | P3: =A3 | Q3: =B3 | R3: =C3 | S3: =M3 | T3: =N3
A4: F | B4: 100 Back | C4: 14 | D4: 2 | E4: 1:04.75 | F4: =IFERROR(__xludf.DUMMYFUNCTION("IF( REGEXMATCH(E4, "":""), 60*VALUE(INDEX(SPLIT(E4, "":""),1,1)) + VALUE(INDEX(SPLIT(E4, "":""),1,2)), VALUE(E4) )"),64.75) | G4: =F2-F3 | H4: 1.98 | I4: =C2 | J4: =C19 | K4: {=INDEX('Podium Target Times'!$C:$C, MATCH(A4&B4, 'Podium Target Times'!$A:$A&'Podium Target Times'!$B:$B, 0))} | L4: =L5+G5 | M4: =TEXT(L4/86400, "mm:ss.00") | N4: =IFERROR(__xludf.DUMMYFUNCTION("LET( gen,$A4, ev,$B4, t,$M4, hdrs, ARRAYFORMULA(UPPER(TRIM(CLEAN(SUBSTITUTE('AQUA POINTS'!$1:$1,CHAR(160),"" ""))))), col, MATCH(UPPER(ev), hdrs, 0), base, INDEX('AQUA POINTS'!$1:$3, IF(gen=""M"",2,3), col), baseSec, IF(ISNUMBER(base), IF(base<"&"1, base*86400, base), IF(REGEXMATCH(base,"":""), VALUE(LEFT(base, FIND("":"",base)-1))*60 + VALUE(MID(base, FIND("":"",base)+1, 99)), VALUE(SUBSTITUTE(base,"","",""."")))), tSec, IF(ISNUMBER(t), IF(t<1, t*86400, t), "&" IF(REGEXMATCH(t,"":""), VALUE(LEFT(t, FIND("":"",t)-1))*60 + VALUE(MID(t, FIND("":"",t)+1, 99)), VALUE(SUBSTITUTE(t,"","",""."")))), INT(1000*(baseSec/tSec)^3) )"),581.0) | P4: =A5 | Q4: =B5 | R4: =C5 | S4: =M5 | T4: =N5
A5: F | B5: 100 Back | C5: 15 | D5: 1 | E5: 1:02.34 | F5: =IFERROR(__xludf.DUMMYFUNCTION("IF( REGEXMATCH(E5, "":""), 60*VALUE(INDEX(SPLIT(E5, "":""),1,1)) + VALUE(INDEX(SPLIT(E5, "":""),1,2)), VALUE(E5) )"),62.34) | G5: =average(F3-F5,F4-F6) | H5: 1.54 | I5: =C2 | J5: =C19 | K5: {=INDEX('Podium Target Times'!$C:$C, MATCH(A5&B5, 'Podium Target Times'!$A:$A&'Podium Target Times'!$B:$B, 0))} | L5: =L8+G8 | M5: =TEXT(L5/86400, "mm:ss.00") | N5: =IFERROR(__xludf.DUMMYFUNCTION("LET( gen,$A5, ev,$B5, t,$M5, hdrs, ARRAYFORMULA(UPPER(TRIM(CLEAN(SUBSTITUTE('AQUA POINTS'!$1:$1,CHAR(160),"" ""))))), col, MATCH(UPPER(ev), hdrs, 0), base, INDEX('AQUA POINTS'!$1:$3, IF(gen=""M"",2,3), col), baseSec, IF(ISNUMBER(base), IF(base<"&"1, base*86400, base), IF(REGEXMATCH(base,"":""), VALUE(LEFT(base, FIND("":"",base)-1))*60 + VALUE(MID(base, FIND("":"",base)+1, 99)), VALUE(SUBSTITUTE(base,"","",""."")))), tSec, IF(ISNUMBER(t), IF(t<1, t*86400, t), "&" IF(REGEXMATCH(t,"":""), VALUE(LEFT(t, FIND("":"",t)-1))*60 + VALUE(MID(t, FIND("":"",t)+1, 99)), VALUE(SUBSTITUTE(t,"","",""."")))), INT(1000*(baseSec/tSec)^3) )"),623.0) | P5: =A8 | Q5: =B8 | R5: =C8 | S5: =M8 | T5: =N8
A6: F | B6: 100 Back | C6: 15 | D6: 2 | E6: 1:03.20 | F6: =IFERROR(__xludf.DUMMYFUNCTION("IF( REGEXMATCH(E6, "":""), 60*VALUE(INDEX(SPLIT(E6, "":""),1,1)) + VALUE(INDEX(SPLIT(E6, "":""),1,2)), VALUE(E6) )"),63.2) | G6: =average(F3-F5,F4-F6) | H6: 1.54 | I6: =C2 | J6: =C19 | K6: {=INDEX('Podium Target Times'!$C:$C, MATCH(A6&B6, 'Podium Target Times'!$A:$A&'Podium Target Times'!$B:$B, 0))} | L6: =L8+G8 | M6: =TEXT(L6/86400, "mm:ss.00") | N6: =IFERROR(__xludf.DUMMYFUNCTION("LET( gen,$A6, ev,$B6, t,$M6, hdrs, ARRAYFORMULA(UPPER(TRIM(CLEAN(SUBSTITUTE('AQUA POINTS'!$1:$1,CHAR(160),"" ""))))), col, MATCH(UPPER(ev), hdrs, 0), base, INDEX('AQUA POINTS'!$1:$3, IF(gen=""M"",2,3), col), baseSec, IF(ISNUMBER(base), IF(base<"&"1, base*86400, base), IF(REGEXMATCH(base,"":""), VALUE(LEFT(base, FIND("":"",base)-1))*60 + VALUE(MID(base, FIND("":"",base)+1, 99)), VALUE(SUBSTITUTE(base,"","",""."")))), tSec, IF(ISNUMBER(t), IF(t<1, t*86400, t), "&" IF(REGEXMATCH(t,"":""), VALUE(LEFT(t, FIND("":"",t)-1))*60 + VALUE(MID(t, FIND("":"",t)+1, 99)), VALUE(SUBSTITUTE(t,"","",""."")))), INT(1000*(baseSec/tSec)^3) )"),623.0) | P6: =A11 | Q6: =B11 | R6: =C11 | S6: =M11 | T6: =N11
A7: F | B7: 100 Back | C7: 15 | D7: 3 | E7: 1:03.66 | F7: =IFERROR(__xludf.DUMMYFUNCTION("IF( REGEXMATCH(E7, "":""), 60*VALUE(INDEX(SPLIT(E7, "":""),1,1)) + VALUE(INDEX(SPLIT(E7, "":""),1,2)), VALUE(E7) )"),63.66) | G7: =average(F3-F5,F4-F6) | H7: 1.54 | I7: =C2 | J7: =C19 | K7: {=INDEX('Podium Target Times'!$C:$C, MATCH(A7&B7, 'Podium Target Times'!$A:$A&'Podium Target Times'!$B:$B, 0))} | L7: =L8+G8 | M7: =TEXT(L7/86400, "mm:ss.00") | N7: =IFERROR(__xludf.DUMMYFUNCTION("LET( gen,$A7, ev,$B7, t,$M7, hdrs, ARRAYFORMULA(UPPER(TRIM(CLEAN(SUBSTITUTE('AQUA POINTS'!$1:$1,CHAR(160),"" ""))))), col, MATCH(UPPER(ev), hdrs, 0), base, INDEX('AQUA POINTS'!$1:$3, IF(gen=""M"",2,3), col), baseSec, IF(ISNUMBER(base), IF(base<"&"1, base*86400, base), IF(REGEXMATCH(base,"":""), VALUE(LEFT(base, FIND("":"",base)-1))*60 + VALUE(MID(base, FIND("":"",base)+1, 99)), VALUE(SUBSTITUTE(base,"","",""."")))), tSec, IF(ISNUMBER(t), IF(t<1, t*86400, t), "&" IF(REGEXMATCH(t,"":""), VALUE(LEFT(t, FIND("":"",t)-1))*60 + VALUE(MID(t, FIND("":"",t)+1, 99)), VALUE(SUBSTITUTE(t,"","",""."")))), INT(1000*(baseSec/tSec)^3) )"),623.0) | P7: =A14 | Q7: =B14 | R7: =C14 | S7: =M14 | T7: =N14
A8: F | B8: 100 Back | C8: 16 | D8: 1 | E8: 1:01.22 | F8: =IFERROR(__xludf.DUMMYFUNCTION("IF( REGEXMATCH(E8, "":""), 60*VALUE(INDEX(SPLIT(E8, "":""),1,1)) + VALUE(INDEX(SPLIT(E8, "":""),1,2)), VALUE(E8) )"),61.22) | G8: =average(F5-F8,F6-F9,F7-F10) | H8: 1.1333333 | I8: =C2 | J8: =C19 | K8: {=INDEX('Podium Target Times'!$C:$C, MATCH(A8&B8, 'Podium Target Times'!$A:$A&'Podium Target Times'!$B:$B, 0))} | L8: =L11+G11 | M8: =TEXT(L8/86400, "mm:ss.00") | N8: =IFERROR(__xludf.DUMMYFUNCTION("LET( gen,$A8, ev,$B8, t,$M8, hdrs, ARRAYFORMULA(UPPER(TRIM(CLEAN(SUBSTITUTE('AQUA POINTS'!$1:$1,CHAR(160),"" ""))))), col, MATCH(UPPER(ev), hdrs, 0), base, INDEX('AQUA POINTS'!$1:$3, IF(gen=""M"",2,3), col), baseSec, IF(ISNUMBER(base), IF(base<"&"1, base*86400, base), IF(REGEXMATCH(base,"":""), VALUE(LEFT(base, FIND("":"",base)-1))*60 + VALUE(MID(base, FIND("":"",base)+1, 99)), VALUE(SUBSTITUTE(base,"","",""."")))), tSec, IF(ISNUMBER(t), IF(t<1, t*86400, t), "&" IF(REGEXMATCH(t,"":""), VALUE(LEFT(t, FIND("":"",t)-1))*60 + VALUE(MID(t, FIND("":"",t)+1, 99)), VALUE(SUBSTITUTE(t,"","",""."")))), INT(1000*(baseSec/tSec)^3) )"),655.0) | P8: =A16 | Q8: =B16 | R8: =C16 | S8: =M16 | T8: =N16
A9: F | B9: 100 Back | C9: 16 | D9: 2 | E9: 1:02.06 | F9: =IFERROR(__xludf.DUMMYFUNCTION("IF( REGEXMATCH(E9, "":""), 60*VALUE(INDEX(SPLIT(E9, "":""),1,1)) + VALUE(INDEX(SPLIT(E9, "":""),1,2)), VALUE(E9) )"),62.06) | G9: =average(F5-F8,F6-F9,F7-F10) | H9: 1.1333333 | I9: =C2 | J9: =C19 | K9: {=INDEX('Podium Target Times'!$C:$C, MATCH(A9&B9, 'Podium Target Times'!$A:$A&'Podium Target Times'!$B:$B, 0))} | L9: =L11+G11 | M9: =TEXT(L9/86400, "mm:ss.00") | N9: =IFERROR(__xludf.DUMMYFUNCTION("LET( gen,$A9, ev,$B9, t,$M9, hdrs, ARRAYFORMULA(UPPER(TRIM(CLEAN(SUBSTITUTE('AQUA POINTS'!$1:$1,CHAR(160),"" ""))))), col, MATCH(UPPER(ev), hdrs, 0), base, INDEX('AQUA POINTS'!$1:$3, IF(gen=""M"",2,3), col), baseSec, IF(ISNUMBER(base), IF(base<"&"1, base*86400, base), IF(REGEXMATCH(base,"":""), VALUE(LEFT(base, FIND("":"",base)-1))*60 + VALUE(MID(base, FIND("":"",base)+1, 99)), VALUE(SUBSTITUTE(base,"","",""."")))), tSec, IF(ISNUMBER(t), IF(t<1, t*86400, t), "&" IF(REGEXMATCH(t,"":""), VALUE(LEFT(t, FIND("":"",t)-1))*60 + VALUE(MID(t, FIND("":"",t)+1, 99)), VALUE(SUBSTITUTE(t,"","",""."")))), INT(1000*(baseSec/tSec)^3) )"),655.0) | P9: =A18 | Q9: =B18 | R9: =C18 | S9: =M18 | T9: =N18
A10: F | B10: 100 Back | C10: 16 | D10: 3 | E10: 1:02.52 | F10: =IFERROR(__xludf.DUMMYFUNCTION("IF( REGEXMATCH(E10, "":""), 60*VALUE(INDEX(SPLIT(E10, "":""),1,1)) + VALUE(INDEX(SPLIT(E10, "":""),1,2)), VALUE(E10) )"),62.52) | G10: =average(F5-F8,F6-F9,F7-F10) | H10: 1.1333333 | I10: =C2 | J10: =C19 | K10: {=INDEX('Podium Target Times'!$C:$C, MATCH(A10&B10, 'Podium Target Times'!$A:$A&'Podium Target Times'!$B:$B, 0))} | L10: =L11+G11 | M10: =TEXT(L10/86400, "mm:ss.00") | N10: =IFERROR(__xludf.DUMMYFUNCTION("LET( gen,$A10, ev,$B10, t,$M10, hdrs, ARRAYFORMULA(UPPER(TRIM(CLEAN(SUBSTITUTE('AQUA POINTS'!$1:$1,CHAR(160),"" ""))))), col, MATCH(UPPER(ev), hdrs, 0), base, INDEX('AQUA POINTS'!$1:$3, IF(gen=""M"",2,3), col), baseSec, IF(ISNUMBER(base), IF(ba"&"se<1, base*86400, base), IF(REGEXMATCH(base,"":""), VALUE(LEFT(base, FIND("":"",base)-1))*60 + VALUE(MID(base, FIND("":"",base)+1, 99)), VALUE(SUBSTITUTE(base,"","",""."")))), tSec, IF(ISNUMBER(t), IF(t<1, t*86400, t), "&" IF(REGEXMATCH(t,"":""), VALUE(LEFT(t, FIND("":"",t)-1))*60 + VALUE(MID(t, FIND("":"",t)+1, 99)), VALUE(SUBSTITUTE(t,"","",""."")))), INT(1000*(baseSec/tSec)^3) )"),655.0) | P10: =A19 | Q10: =B19 | R10: =C19 | S10: =M19 | T10: =N19
A11: F | B11: 100 Back | C11: 17 | D11: 1 | E11: 1:00.46 | F11: =IFERROR(__xludf.DUMMYFUNCTION("IF( REGEXMATCH(E11, "":""), 60*VALUE(INDEX(SPLIT(E11, "":""),1,1)) + VALUE(INDEX(SPLIT(E11, "":""),1,2)), VALUE(E11) )"),60.46) | G11: =average(F8-F11,F9-F12,F10-F13) | H11: 0.77 | I11: =C2 | J11: =C19 | K11: {=INDEX('Podium Target Times'!$C:$C, MATCH(A11&B11, 'Podium Target Times'!$A:$A&'Podium Target Times'!$B:$B, 0))} | L11: =L14+G14 | M11: =TEXT(L11/86400, "mm:ss.00") | N11: =IFERROR(__xludf.DUMMYFUNCTION("LET( gen,$A11, ev,$B11, t,$M11, hdrs, ARRAYFORMULA(UPPER(TRIM(CLEAN(SUBSTITUTE('AQUA POINTS'!$1:$1,CHAR(160),"" ""))))), col, MATCH(UPPER(ev), hdrs, 0), base, INDEX('AQUA POINTS'!$1:$3, IF(gen=""M"",2,3), col), baseSec, IF(ISNUMBER(base), IF(ba"&"se<1, base*86400, base), IF(REGEXMATCH(base,"":""), VALUE(LEFT(base, FIND("":"",base)-1))*60 + VALUE(MID(base, FIND("":"",base)+1, 99)), VALUE(SUBSTITUTE(base,"","",""."")))), tSec, IF(ISNUMBER(t), IF(t<1, t*86400, t), "&" IF(REGEXMATCH(t,"":""), VALUE(LEFT(t, FIND("":"",t)-1))*60 + VALUE(MID(t, FIND("":"",t)+1, 99)), VALUE(SUBSTITUTE(t,"","",""."")))), INT(1000*(baseSec/tSec)^3) )"),679.0)
A12: F | B12: 100 Back | C12: 17 | D12: 2 | E12: 1:01.29 | F12: =IFERROR(__xludf.DUMMYFUNCTION("IF( REGEXMATCH(E12, "":""), 60*VALUE(INDEX(SPLIT(E12, "":""),1,1)) + VALUE(INDEX(SPLIT(E12, "":""),1,2)), VALUE(E12) )"),61.29) | G12: =average(F8-F11,F9-F12,F10-F13) | H12: 0.77 | I12: =C2 | J12: =C19 | K12: {=INDEX('Podium Target Times'!$C:$C, MATCH(A12&B12, 'Podium Target Times'!$A:$A&'Podium Target Times'!$B:$B, 0))} | L12: =L14+G14 | M12: =TEXT(L12/86400, "mm:ss.00") | N12: =IFERROR(__xludf.DUMMYFUNCTION("LET( gen,$A12, ev,$B12, t,$M12, hdrs, ARRAYFORMULA(UPPER(TRIM(CLEAN(SUBSTITUTE('AQUA POINTS'!$1:$1,CHAR(160),"" ""))))), col, MATCH(UPPER(ev), hdrs, 0), base, INDEX('AQUA POINTS'!$1:$3, IF(gen=""M"",2,3), col), baseSec, IF(ISNUMBER(base), IF(ba"&"se<1, base*86400, base), IF(REGEXMATCH(base,"":""), VALUE(LEFT(base, FIND("":"",base)-1))*60 + VALUE(MID(base, FIND("":"",base)+1, 99)), VALUE(SUBSTITUTE(base,"","",""."")))), tSec, IF(ISNUMBER(t), IF(t<1, t*86400, t), "&" IF(REGEXMATCH(t,"":""), VALUE(LEFT(t, FIND("":"",t)-1))*60 + VALUE(MID(t, FIND("":"",t)+1, 99)), VALUE(SUBSTITUTE(t,"","",""."")))), INT(1000*(baseSec/tSec)^3) )"),679.0)
A13: F | B13: 100 Back | C13: 17 | D13: 3 | E13: 1:01.74 | F13: =IFERROR(__xludf.DUMMYFUNCTION("IF( REGEXMATCH(E13, "":""), 60*VALUE(INDEX(SPLIT(E13, "":""),1,1)) + VALUE(INDEX(SPLIT(E13, "":""),1,2)), VALUE(E13) )"),61.74) | G13: =average(F8-F11,F9-F12,F10-F13) | H13: 0.77 | I13: =C2 | J13: =C19 | K13: {=INDEX('Podium Target Times'!$C:$C, MATCH(A13&B13, 'Podium Target Times'!$A:$A&'Podium Target Times'!$B:$B, 0))} | L13: =L14+G14 | M13: =TEXT(L13/86400, "mm:ss.00") | N13: =IFERROR(__xludf.DUMMYFUNCTION("LET( gen,$A13, ev,$B13, t,$M13, hdrs, ARRAYFORMULA(UPPER(TRIM(CLEAN(SUBSTITUTE('AQUA POINTS'!$1:$1,CHAR(160),"" ""))))), col, MATCH(UPPER(ev), hdrs, 0), base, INDEX('AQUA POINTS'!$1:$3, IF(gen=""M"",2,3), col), baseSec, IF(ISNUMBER(base), IF(ba"&"se<1, base*86400, base), IF(REGEXMATCH(base,"":""), VALUE(LEFT(base, FIND("":"",base)-1))*60 + VALUE(MID(base, FIND("":"",base)+1, 99)), VALUE(SUBSTITUTE(base,"","",""."")))), tSec, IF(ISNUMBER(t), IF(t<1, t*86400, t), "&" IF(REGEXMATCH(t,"":""), VALUE(LEFT(t, FIND("":"",t)-1))*60 + VALUE(MID(t, FIND("":"",t)+1, 99)), VALUE(SUBSTITUTE(t,"","",""."")))), INT(1000*(baseSec/tSec)^3) )"),679.0)
A14: F | B14: 100 Back | C14: 18 | D14: 2 | E14: 1:00.79 | F14: =IFERROR(__xludf.DUMMYFUNCTION("IF( REGEXMATCH(E14, "":""), 60*VALUE(INDEX(SPLIT(E14, "":""),1,1)) + VALUE(INDEX(SPLIT(E14, "":""),1,2)), VALUE(E14) )"),60.79) | G14: =average(F12-F14,F13-F15) | H14: 0.505 | I14: =C2 | J14: =C19 | K14: {=INDEX('Podium Target Times'!$C:$C, MATCH(A14&B14, 'Podium Target Times'!$A:$A&'Podium Target Times'!$B:$B, 0))} | L14: =L16+G16 | M14: =TEXT(L14/86400, "mm:ss.00") | N14: =IFERROR(__xludf.DUMMYFUNCTION("LET( gen,$A14, ev,$B14, t,$M14, hdrs, ARRAYFORMULA(UPPER(TRIM(CLEAN(SUBSTITUTE('AQUA POINTS'!$1:$1,CHAR(160),"" ""))))), col, MATCH(UPPER(ev), hdrs, 0), base, INDEX('AQUA POINTS'!$1:$3, IF(gen=""M"",2,3), col), baseSec, IF(ISNUMBER(base), IF(ba"&"se<1, base*86400, base), IF(REGEXMATCH(base,"":""), VALUE(LEFT(base, FIND("":"",base)-1))*60 + VALUE(MID(base, FIND("":"",base)+1, 99)), VALUE(SUBSTITUTE(base,"","",""."")))), tSec, IF(ISNUMBER(t), IF(t<1, t*86400, t), "&" IF(REGEXMATCH(t,"":""), VALUE(LEFT(t, FIND("":"",t)-1))*60 + VALUE(MID(t, FIND("":"",t)+1, 99)), VALUE(SUBSTITUTE(t,"","",""."")))), INT(1000*(baseSec/tSec)^3) )"),695.0)
A15: F | B15: 100 Back | C15: 18 | D15: 3 | E15: 1:01.23 | F15: =IFERROR(__xludf.DUMMYFUNCTION("IF( REGEXMATCH(E15, "":""), 60*VALUE(INDEX(SPLIT(E15, "":""),1,1)) + VALUE(INDEX(SPLIT(E15, "":""),1,2)), VALUE(E15) )"),61.23) | G15: =average(F12-F14,F13-F15) | H15: 0.505 | I15: =C2 | J15: =C19 | K15: {=INDEX('Podium Target Times'!$C:$C, MATCH(A15&B15, 'Podium Target Times'!$A:$A&'Podium Target Times'!$B:$B, 0))} | L15: =L16+G16 | M15: =TEXT(L15/86400, "mm:ss.00") | N15: =IFERROR(__xludf.DUMMYFUNCTION("LET( gen,$A15, ev,$B15, t,$M15, hdrs, ARRAYFORMULA(UPPER(TRIM(CLEAN(SUBSTITUTE('AQUA POINTS'!$1:$1,CHAR(160),"" ""))))), col, MATCH(UPPER(ev), hdrs, 0), base, INDEX('AQUA POINTS'!$1:$3, IF(gen=""M"",2,3), col), baseSec, IF(ISNUMBER(base), IF(ba"&"se<1, base*86400, base), IF(REGEXMATCH(base,"":""), VALUE(LEFT(base, FIND("":"",base)-1))*60 + VALUE(MID(base, FIND("":"",base)+1, 99)), VALUE(SUBSTITUTE(base,"","",""."")))), tSec, IF(ISNUMBER(t), IF(t<1, t*86400, t), "&" IF(REGEXMATCH(t,"":""), VALUE(LEFT(t, FIND("":"",t)-1))*60 + VALUE(MID(t, FIND("":"",t)+1, 99)), VALUE(SUBSTITUTE(t,"","",""."")))), INT(1000*(baseSec/tSec)^3) )"),695.0)
A16: F | B16: 100 Back | C16: 19 | D16: 2 | E16: 1:00.46 | F16: =IFERROR(__xludf.DUMMYFUNCTION("IF( REGEXMATCH(E16, "":""), 60*VALUE(INDEX(SPLIT(E16, "":""),1,1)) + VALUE(INDEX(SPLIT(E16, "":""),1,2)), VALUE(E16) )"),60.46) | G16: =average(F14-F16,F15-F17) | H16: 0.33 | I16: =C2 | J16: =C19 | K16: {=INDEX('Podium Target Times'!$C:$C, MATCH(A16&B16, 'Podium Target Times'!$A:$A&'Podium Target Times'!$B:$B, 0))} | L16: =L18+G18 | M16: =TEXT(L16/86400, "mm:ss.00") | N16: =IFERROR(__xludf.DUMMYFUNCTION("LET( gen,$A16, ev,$B16, t,$M16, hdrs, ARRAYFORMULA(UPPER(TRIM(CLEAN(SUBSTITUTE('AQUA POINTS'!$1:$1,CHAR(160),"" ""))))), col, MATCH(UPPER(ev), hdrs, 0), base, INDEX('AQUA POINTS'!$1:$3, IF(gen=""M"",2,3), col), baseSec, IF(ISNUMBER(base), IF(ba"&"se<1, base*86400, base), IF(REGEXMATCH(base,"":""), VALUE(LEFT(base, FIND("":"",base)-1))*60 + VALUE(MID(base, FIND("":"",base)+1, 99)), VALUE(SUBSTITUTE(base,"","",""."")))), tSec, IF(ISNUMBER(t), IF(t<1, t*86400, t), "&" IF(REGEXMATCH(t,"":""), VALUE(LEFT(t, FIND("":"",t)-1))*60 + VALUE(MID(t, FIND("":"",t)+1, 99)), VALUE(SUBSTITUTE(t,"","",""."")))), INT(1000*(baseSec/tSec)^3) )"),706.0)
A17: F | B17: 100 Back | C17: 19 | D17: 3 | E17: 1:00.90 | F17: =IFERROR(__xludf.DUMMYFUNCTION("IF( REGEXMATCH(E17, "":""), 60*VALUE(INDEX(SPLIT(E17, "":""),1,1)) + VALUE(INDEX(SPLIT(E17, "":""),1,2)), VALUE(E17) )"),60.9) | G17: =average(F14-F16,F15-F17) | H17: 0.33 | I17: =C2 | J17: =C19 | K17: {=INDEX('Podium Target Times'!$C:$C, MATCH(A17&B17, 'Podium Target Times'!$A:$A&'Podium Target Times'!$B:$B, 0))} | L17: =L18+G18 | M17: =TEXT(L17/86400, "mm:ss.00") | N17: =IFERROR(__xludf.DUMMYFUNCTION("LET( gen,$A17, ev,$B17, t,$M17, hdrs, ARRAYFORMULA(UPPER(TRIM(CLEAN(SUBSTITUTE('AQUA POINTS'!$1:$1,CHAR(160),"" ""))))), col, MATCH(UPPER(ev), hdrs, 0), base, INDEX('AQUA POINTS'!$1:$3, IF(gen=""M"",2,3), col), baseSec, IF(ISNUMBER(base), IF(ba"&"se<1, base*86400, base), IF(REGEXMATCH(base,"":""), VALUE(LEFT(base, FIND("":"",base)-1))*60 + VALUE(MID(base, FIND("":"",base)+1, 99)), VALUE(SUBSTITUTE(base,"","",""."")))), tSec, IF(ISNUMBER(t), IF(t<1, t*86400, t), "&" IF(REGEXMATCH(t,"":""), VALUE(LEFT(t, FIND("":"",t)-1))*60 + VALUE(MID(t, FIND("":"",t)+1, 99)), VALUE(SUBSTITUTE(t,"","",""."")))), INT(1000*(baseSec/tSec)^3) )"),706.0)
A18: F | B18: 100 Back | C18: 20 | D18: 3 | E18: 1:00.66 | F18: =IFERROR(__xludf.DUMMYFUNCTION("IF( REGEXMATCH(E18, "":""), 60*VALUE(INDEX(SPLIT(E18, "":""),1,1)) + VALUE(INDEX(SPLIT(E18, "":""),1,2)), VALUE(E18) )"),60.66) | G18: =F17-F18 | H18: 0.24 | I18: =C2 | J18: =C19 | K18: {=INDEX('Podium Target Times'!$C:$C, MATCH(A18&B18, 'Podium Target Times'!$A:$A&'Podium Target Times'!$B:$B, 0))} | L18: =L19+G19 | M18: =TEXT(L18/86400, "mm:ss.00") | N18: =IFERROR(__xludf.DUMMYFUNCTION("LET( gen,$A18, ev,$B18, t,$M18, hdrs, ARRAYFORMULA(UPPER(TRIM(CLEAN(SUBSTITUTE('AQUA POINTS'!$1:$1,CHAR(160),"" ""))))), col, MATCH(UPPER(ev), hdrs, 0), base, INDEX('AQUA POINTS'!$1:$3, IF(gen=""M"",2,3), col), baseSec, IF(ISNUMBER(base), IF(ba"&"se<1, base*86400, base), IF(REGEXMATCH(base,"":""), VALUE(LEFT(base, FIND("":"",base)-1))*60 + VALUE(MID(base, FIND("":"",base)+1, 99)), VALUE(SUBSTITUTE(base,"","",""."")))), tSec, IF(ISNUMBER(t), IF(t<1, t*86400, t), "&" IF(REGEXMATCH(t,"":""), VALUE(LEFT(t, FIND("":"",t)-1))*60 + VALUE(MID(t, FIND("":"",t)+1, 99)), VALUE(SUBSTITUTE(t,"","",""."")))), INT(1000*(baseSec/tSec)^3) )"),714.0)
A19: F | B19: 100 Back | C19: 21 | D19: 3 | E19: 1:00.46 | F19: =IFERROR(__xludf.DUMMYFUNCTION("IF( REGEXMATCH(E19, "":""), 60*VALUE(INDEX(SPLIT(E19, "":""),1,1)) + VALUE(INDEX(SPLIT(E19, "":""),1,2)), VALUE(E19) )"),60.46) | G19: =F18-F19 | H19: 0.2 | I19: =C2 | J19: =C19 | K19: {=INDEX('Podium Target Times'!$C:$C, MATCH(A19&B19, 'Podium Target Times'!$A:$A&'Podium Target Times'!$B:$B, 0))} | L19: =K19 | M19: =TEXT(L19/86400, "mm:ss.00") | N19: =IFERROR(__xludf.DUMMYFUNCTION("LET( gen,$A19, ev,$B19, t,$M19, hdrs, ARRAYFORMULA(UPPER(TRIM(CLEAN(SUBSTITUTE('AQUA POINTS'!$1:$1,CHAR(160),"" ""))))), col, MATCH(UPPER(ev), hdrs, 0), base, INDEX('AQUA POINTS'!$1:$3, IF(gen=""M"",2,3), col), baseSec, IF(ISNUMBER(base), IF(ba"&"se<1, base*86400, base), IF(REGEXMATCH(base,"":""), VALUE(LEFT(base, FIND("":"",base)-1))*60 + VALUE(MID(base, FIND("":"",base)+1, 99)), VALUE(SUBSTITUTE(base,"","",""."")))), tSec, IF(ISNUMBER(t), IF(t<1, t*86400, t), "&" IF(REGEXMATCH(t,"":""), VALUE(LEFT(t, FIND("":"",t)-1))*60 + VALUE(MID(t, FIND("":"",t)+1, 99)), VALUE(SUBSTITUTE(t,"","",""."")))), INT(1000*(baseSec/tSec)^3) )"),721.0)
A20: F | B20: 100 Breast | C20: 15 | D20: 1 | E20: 1:09.68 | F20: =IFERROR(__xludf.DUMMYFUNCTION("IF( REGEXMATCH(E20, "":""), 60*VALUE(INDEX(SPLIT(E20, "":""),1,1)) + VALUE(INDEX(SPLIT(E20, "":""),1,2)), VALUE(E20) )"),69.68) | G20: 0 | H20: 0 | I20: =C20 | J20: =C37 | K20: {=INDEX('Podium Target Times'!$C:$C, MATCH(A20&B20, 'Podium Target Times'!$A:$A&'Podium Target Times'!$B:$B, 0))} | L20: =L21+G21 | M20: =TEXT(L20/86400, "mm:ss.00") | N20: =IFERROR(__xludf.DUMMYFUNCTION("LET( gen,$A20, ev,$B20, t,$M20, hdrs, ARRAYFORMULA(UPPER(TRIM(CLEAN(SUBSTITUTE('AQUA POINTS'!$1:$1,CHAR(160),"" ""))))), col, MATCH(UPPER(ev), hdrs, 0), base, INDEX('AQUA POINTS'!$1:$3, IF(gen=""M"",2,3), col), baseSec, IF(ISNUMBER(base), IF(ba"&"se<1, base*86400, base), IF(REGEXMATCH(base,"":""), VALUE(LEFT(base, FIND("":"",base)-1))*60 + VALUE(MID(base, FIND("":"",base)+1, 99)), VALUE(SUBSTITUTE(base,"","",""."")))), tSec, IF(ISNUMBER(t), IF(t<1, t*86400, t), "&" IF(REGEXMATCH(t,"":""), VALUE(LEFT(t, FIND("":"",t)-1))*60 + VALUE(MID(t, FIND("":"",t)+1, 99)), VALUE(SUBSTITUTE(t,"","",""."")))), INT(1000*(baseSec/tSec)^3) )"),625.0) | P20: =A20 | Q20: =B20 | R20: =C20 | S20: =M20 | T20: =N20
A21: F | B21: 100 Breast | C21: 16 | D21: 1 | E21: 1:08.45 | F21: =IFERROR(__xludf.DUMMYFUNCTION("IF( REGEXMATCH(E21, "":""), 60*VALUE(INDEX(SPLIT(E21, "":""),1,1)) + VALUE(INDEX(SPLIT(E21, "":""),1,2)), VALUE(E21) )"),68.45) | G21: =F20-F21 | H21: 1.23 | I21: =C20 | J21: =C37 | K21: {=INDEX('Podium Target Times'!$C:$C, MATCH(A21&B21, 'Podium Target Times'!$A:$A&'Podium Target Times'!$B:$B, 0))} | L21: =L23+G23 | M21: =TEXT(L21/86400, "mm:ss.00") | N21: =IFERROR(__xludf.DUMMYFUNCTION("LET( gen,$A21, ev,$B21, t,$M21, hdrs, ARRAYFORMULA(UPPER(TRIM(CLEAN(SUBSTITUTE('AQUA POINTS'!$1:$1,CHAR(160),"" ""))))), col, MATCH(UPPER(ev), hdrs, 0), base, INDEX('AQUA POINTS'!$1:$3, IF(gen=""M"",2,3), col), baseSec, IF(ISNUMBER(base), IF(ba"&"se<1, base*86400, base), IF(REGEXMATCH(base,"":""), VALUE(LEFT(base, FIND("":"",base)-1))*60 + VALUE(MID(base, FIND("":"",base)+1, 99)), VALUE(SUBSTITUTE(base,"","",""."")))), tSec, IF(ISNUMBER(t), IF(t<1, t*86400, t), "&" IF(REGEXMATCH(t,"":""), VALUE(LEFT(t, FIND("":"",t)-1))*60 + VALUE(MID(t, FIND("":"",t)+1, 99)), VALUE(SUBSTITUTE(t,"","",""."")))), INT(1000*(baseSec/tSec)^3) )"),657.0) | P21: =A21 | Q21: =B21 | R21: =C21 | S21: =M21 | T21: =N21
A22: F | B22: 100 Breast | C22: 16 | D22: 2 | E22: 1:09.15 | F22: =IFERROR(__xludf.DUMMYFUNCTION("IF( REGEXMATCH(E22, "":""), 60*VALUE(INDEX(SPLIT(E22, "":""),1,1)) + VALUE(INDEX(SPLIT(E22, "":""),1,2)), VALUE(E22) )"),69.15) | G22: =F20-F21 | H22: 1.23 | I22: =C20 | J22: =C37 | K22: {=INDEX('Podium Target Times'!$C:$C, MATCH(A22&B22, 'Podium Target Times'!$A:$A&'Podium Target Times'!$B:$B, 0))} | L22: =L23+G23 | M22: =TEXT(L22/86400, "mm:ss.00") | N22: =IFERROR(__xludf.DUMMYFUNCTION("LET( gen,$A22, ev,$B22, t,$M22, hdrs, ARRAYFORMULA(UPPER(TRIM(CLEAN(SUBSTITUTE('AQUA POINTS'!$1:$1,CHAR(160),"" ""))))), col, MATCH(UPPER(ev), hdrs, 0), base, INDEX('AQUA POINTS'!$1:$3, IF(gen=""M"",2,3), col), baseSec, IF(ISNUMBER(base), IF(ba"&"se<1, base*86400, base), IF(REGEXMATCH(base,"":""), VALUE(LEFT(base, FIND("":"",base)-1))*60 + VALUE(MID(base, FIND("":"",base)+1, 99)), VALUE(SUBSTITUTE(base,"","",""."")))), tSec, IF(ISNUMBER(t), IF(t<1, t*86400, t), "&" IF(REGEXMATCH(t,"":""), VALUE(LEFT(t, FIND("":"",t)-1))*60 + VALUE(MID(t, FIND("":"",t)+1, 99)), VALUE(SUBSTITUTE(t,"","",""."")))), INT(1000*(baseSec/tSec)^3) )"),657.0) | P22: =A23 | Q22: =B23 | R22: =C23 | S22: =M23 | T22: =N23
A23: F | B23: 100 Breast | C23: 17 | D23: 1 | E23: 1:07.71 | F23: =IFERROR(__xludf.DUMMYFUNCTION("IF( REGEXMATCH(E23, "":""), 60*VALUE(INDEX(SPLIT(E23, "":""),1,1)) + VALUE(INDEX(SPLIT(E23, "":""),1,2)), VALUE(E23) )"),67.71) | G23: =average(F21-F23,F22-F24) | H23: 0.745 | I23: =C20 | J23: =C37 | K23: {=INDEX('Podium Target Times'!$C:$C, MATCH(A23&B23, 'Podium Target Times'!$A:$A&'Podium Target Times'!$B:$B, 0))} | L23: =L26+G26 | M23: =TEXT(L23/86400, "mm:ss.00") | N23: =IFERROR(__xludf.DUMMYFUNCTION("LET( gen,$A23, ev,$B23, t,$M23, hdrs, ARRAYFORMULA(UPPER(TRIM(CLEAN(SUBSTITUTE('AQUA POINTS'!$1:$1,CHAR(160),"" ""))))), col, MATCH(UPPER(ev), hdrs, 0), base, INDEX('AQUA POINTS'!$1:$3, IF(gen=""M"",2,3), col), baseSec, IF(ISNUMBER(base), IF(ba"&"se<1, base*86400, base), IF(REGEXMATCH(base,"":""), VALUE(LEFT(base, FIND("":"",base)-1))*60 + VALUE(MID(base, FIND("":"",base)+1, 99)), VALUE(SUBSTITUTE(base,"","",""."")))), tSec, IF(ISNUMBER(t), IF(t<1, t*86400, t), "&" IF(REGEXMATCH(t,"":""), VALUE(LEFT(t, FIND("":"",t)-1))*60 + VALUE(MID(t, FIND("":"",t)+1, 99)), VALUE(SUBSTITUTE(t,"","",""."")))), INT(1000*(baseSec/tSec)^3) )"),677.0) | P23: =A26 | Q23: =B26 | R23: =C26 | S23: =M26 | T23: =N26
A24: F | B24: 100 Breast | C24: 17 | D24: 2 | E24: 1:08.40 | F24: =IFERROR(__xludf.DUMMYFUNCTION("IF( REGEXMATCH(E24, "":""), 60*VALUE(INDEX(SPLIT(E24, "":""),1,1)) + VALUE(INDEX(SPLIT(E24, "":""),1,2)), VALUE(E24) )"),68.4) | G24: =average(F21-F23,F22-F24) | H24: 0.745 | I24: =C20 | J24: =C37 | K24: {=INDEX('Podium Target Times'!$C:$C, MATCH(A24&B24, 'Podium Target Times'!$A:$A&'Podium Target Times'!$B:$B, 0))} | L24: =L26+G26 | M24: =TEXT(L24/86400, "mm:ss.00") | N24: =IFERROR(__xludf.DUMMYFUNCTION("LET( gen,$A24, ev,$B24, t,$M24, hdrs, ARRAYFORMULA(UPPER(TRIM(CLEAN(SUBSTITUTE('AQUA POINTS'!$1:$1,CHAR(160),"" ""))))), col, MATCH(UPPER(ev), hdrs, 0), base, INDEX('AQUA POINTS'!$1:$3, IF(gen=""M"",2,3), col), baseSec, IF(ISNUMBER(base), IF(ba"&"se<1, base*86400, base), IF(REGEXMATCH(base,"":""), VALUE(LEFT(base, FIND("":"",base)-1))*60 + VALUE(MID(base, FIND("":"",base)+1, 99)), VALUE(SUBSTITUTE(base,"","",""."")))), tSec, IF(ISNUMBER(t), IF(t<1, t*86400, t), "&" IF(REGEXMATCH(t,"":""), VALUE(LEFT(t, FIND("":"",t)-1))*60 + VALUE(MID(t, FIND("":"",t)+1, 99)), VALUE(SUBSTITUTE(t,"","",""."")))), INT(1000*(baseSec/tSec)^3) )"),677.0) | P24: =A29 | Q24: =B29 | R24: =C29 | S24: =M29 | T24: =N29
A25: F | B25: 100 Breast | C25: 17 | D25: 3 | E25: 1:08.94 | F25: =IFERROR(__xludf.DUMMYFUNCTION("IF( REGEXMATCH(E25, "":""), 60*VALUE(INDEX(SPLIT(E25, "":""),1,1)) + VALUE(INDEX(SPLIT(E25, "":""),1,2)), VALUE(E25) )"),68.94) | G25: =average(F21-F23,F22-F24) | H25: 0.745 | I25: =C20 | J25: =C37 | K25: {=INDEX('Podium Target Times'!$C:$C, MATCH(A25&B25, 'Podium Target Times'!$A:$A&'Podium Target Times'!$B:$B, 0))} | L25: =L26+G26 | M25: =TEXT(L25/86400, "mm:ss.00") | N25: =IFERROR(__xludf.DUMMYFUNCTION("LET( gen,$A25, ev,$B25, t,$M25, hdrs, ARRAYFORMULA(UPPER(TRIM(CLEAN(SUBSTITUTE('AQUA POINTS'!$1:$1,CHAR(160),"" ""))))), col, MATCH(UPPER(ev), hdrs, 0), base, INDEX('AQUA POINTS'!$1:$3, IF(gen=""M"",2,3), col), baseSec, IF(ISNUMBER(base), IF(ba"&"se<1, base*86400, base), IF(REGEXMATCH(base,"":""), VALUE(LEFT(base, FIND("":"",base)-1))*60 + VALUE(MID(base, FIND("":"",base)+1, 99)), VALUE(SUBSTITUTE(base,"","",""."")))), tSec, IF(ISNUMBER(t), IF(t<1, t*86400, t), "&" IF(REGEXMATCH(t,"":""), VALUE(LEFT(t, FIND("":"",t)-1))*60 + VALUE(MID(t, FIND("":"",t)+1, 99)), VALUE(SUBSTITUTE(t,"","",""."")))), INT(1000*(baseSec/tSec)^3) )"),677.0) | P25: =A32 | Q25: =B32 | R25: =C32 | S25: =M32 | T25: =N32
A26: F | B26: 100 Breast | C26: 18 | D26: 1 | E26: 1:07.24 | F26: =IFERROR(__xludf.DUMMYFUNCTION("IF( REGEXMATCH(E26, "":""), 60*VALUE(INDEX(SPLIT(E26, "":""),1,1)) + VALUE(INDEX(SPLIT(E26, "":""),1,2)), VALUE(E26) )"),67.24) | G26: =average(F23-F26,F24-F27,F25-F28) | H26: 0.47666667 | I26: =C20 | J26: =C37 | K26: {=INDEX('Podium Target Times'!$C:$C, MATCH(A26&B26, 'Podium Target Times'!$A:$A&'Podium Target Times'!$B:$B, 0))} | L26: =L29+G29 | M26: =TEXT(L26/86400, "mm:ss.00") | N26: =IFERROR(__xludf.DUMMYFUNCTION("LET( gen,$A26, ev,$B26, t,$M26, hdrs, ARRAYFORMULA(UPPER(TRIM(CLEAN(SUBSTITUTE('AQUA POINTS'!$1:$1,CHAR(160),"" ""))))), col, MATCH(UPPER(ev), hdrs, 0), base, INDEX('AQUA POINTS'!$1:$3, IF(gen=""M"",2,3), col), baseSec, IF(ISNUMBER(base), IF(ba"&"se<1, base*86400, base), IF(REGEXMATCH(base,"":""), VALUE(LEFT(base, FIND("":"",base)-1))*60 + VALUE(MID(base, FIND("":"",base)+1, 99)), VALUE(SUBSTITUTE(base,"","",""."")))), tSec, IF(ISNUMBER(t), IF(t<1, t*86400, t), "&" IF(REGEXMATCH(t,"":""), VALUE(LEFT(t, FIND("":"",t)-1))*60 + VALUE(MID(t, FIND("":"",t)+1, 99)), VALUE(SUBSTITUTE(t,"","",""."")))), INT(1000*(baseSec/tSec)^3) )"),691.0) | P26: =A34 | Q26: =B34 | R26: =C34 | S26: =M34 | T26: =N34
A27: F | B27: 100 Breast | C27: 18 | D27: 2 | E27: 1:07.92 | F27: =IFERROR(__xludf.DUMMYFUNCTION("IF( REGEXMATCH(E27, "":""), 60*VALUE(INDEX(SPLIT(E27, "":""),1,1)) + VALUE(INDEX(SPLIT(E27, "":""),1,2)), VALUE(E27) )"),67.92) | G27: =average(F23-F26,F24-F27,F25-F28) | H27: 0.47666667 | I27: =C20 | J27: =C37 | K27: {=INDEX('Podium Target Times'!$C:$C, MATCH(A27&B27, 'Podium Target Times'!$A:$A&'Podium Target Times'!$B:$B, 0))} | L27: =L29+G29 | M27: =TEXT(L27/86400, "mm:ss.00") | N27: =IFERROR(__xludf.DUMMYFUNCTION("LET( gen,$A27, ev,$B27, t,$M27, hdrs, ARRAYFORMULA(UPPER(TRIM(CLEAN(SUBSTITUTE('AQUA POINTS'!$1:$1,CHAR(160),"" ""))))), col, MATCH(UPPER(ev), hdrs, 0), base, INDEX('AQUA POINTS'!$1:$3, IF(gen=""M"",2,3), col), baseSec, IF(ISNUMBER(base), IF(ba"&"se<1, base*86400, base), IF(REGEXMATCH(base,"":""), VALUE(LEFT(base, FIND("":"",base)-1))*60 + VALUE(MID(base, FIND("":"",base)+1, 99)), VALUE(SUBSTITUTE(base,"","",""."")))), tSec, IF(ISNUMBER(t), IF(t<1, t*86400, t), "&" IF(REGEXMATCH(t,"":""), VALUE(LEFT(t, FIND("":"",t)-1))*60 + VALUE(MID(t, FIND("":"",t)+1, 99)), VALUE(SUBSTITUTE(t,"","",""."")))), INT(1000*(baseSec/tSec)^3) )"),691.0) | P27: =A36 | Q27: =B36 | R27: =C36 | S27: =M36 | T27: =N36
A28: F | B28: 100 Breast | C28: 18 | D28: 3 | E28: 1:08.46 | F28: =IFERROR(__xludf.DUMMYFUNCTION("IF( REGEXMATCH(E28, "":""), 60*VALUE(INDEX(SPLIT(E28, "":""),1,1)) + VALUE(INDEX(SPLIT(E28, "":""),1,2)), VALUE(E28) )"),68.46000000000001) | G28: =average(F23-F26,F24-F27,F25-F28) | H28: 0.47666667 | I28: =C20 | J28: =C37 | K28: {=INDEX('Podium Target Times'!$C:$C, MATCH(A28&B28, 'Podium Target Times'!$A:$A&'Podium Target Times'!$B:$B, 0))} | L28: =L29+G29 | M28: =TEXT(L28/86400, "mm:ss.00") | N28: =IFERROR(__xludf.DUMMYFUNCTION("LET( gen,$A28, ev,$B28, t,$M28, hdrs, ARRAYFORMULA(UPPER(TRIM(CLEAN(SUBSTITUTE('AQUA POINTS'!$1:$1,CHAR(160),"" ""))))), col, MATCH(UPPER(ev), hdrs, 0), base, INDEX('AQUA POINTS'!$1:$3, IF(gen=""M"",2,3), col), baseSec, IF(ISNUMBER(base), IF(ba"&"se<1, base*86400, base), IF(REGEXMATCH(base,"":""), VALUE(LEFT(base, FIND("":"",base)-1))*60 + VALUE(MID(base, FIND("":"",base)+1, 99)), VALUE(SUBSTITUTE(base,"","",""."")))), tSec, IF(ISNUMBER(t), IF(t<1, t*86400, t), "&" IF(REGEXMATCH(t,"":""), VALUE(LEFT(t, FIND("":"",t)-1))*60 + VALUE(MID(t, FIND("":"",t)+1, 99)), VALUE(SUBSTITUTE(t,"","",""."")))), INT(1000*(baseSec/tSec)^3) )"),691.0) | P28: =A37 | Q28: =B37 | R28: =C37 | S28: =M37 | T28: =N37
A29: F | B29: 100 Breast | C29: 19 | D29: 1 | E29: 1:06.87 | F29: =IFERROR(__xludf.DUMMYFUNCTION("IF( REGEXMATCH(E29, "":""), 60*VALUE(INDEX(SPLIT(E29, "":""),1,1)) + VALUE(INDEX(SPLIT(E29, "":""),1,2)), VALUE(E29) )"),66.87) | G29: =average(F26-F29,F27-F30,F28-F31) | H29: 0.37333333 | I29: =C20 | J29: =C37 | K29: {=INDEX('Podium Target Times'!$C:$C, MATCH(A29&B29, 'Podium Target Times'!$A:$A&'Podium Target Times'!$B:$B, 0))} | L29: =L32+G32 | M29: =TEXT(L29/86400, "mm:ss.00") | N29: =IFERROR(__xludf.DUMMYFUNCTION("LET( gen,$A29, ev,$B29, t,$M29, hdrs, ARRAYFORMULA(UPPER(TRIM(CLEAN(SUBSTITUTE('AQUA POINTS'!$1:$1,CHAR(160),"" ""))))), col, MATCH(UPPER(ev), hdrs, 0), base, INDEX('AQUA POINTS'!$1:$3, IF(gen=""M"",2,3), col), baseSec, IF(ISNUMBER(base), IF(ba"&"se<1, base*86400, base), IF(REGEXMATCH(base,"":""), VALUE(LEFT(base, FIND("":"",base)-1))*60 + VALUE(MID(base, FIND("":"",base)+1, 99)), VALUE(SUBSTITUTE(base,"","",""."")))), tSec, IF(ISNUMBER(t), IF(t<1, t*86400, t), "&" IF(REGEXMATCH(t,"":""), VALUE(LEFT(t, FIND("":"",t)-1))*60 + VALUE(MID(t, FIND("":"",t)+1, 99)), VALUE(SUBSTITUTE(t,"","",""."")))), INT(1000*(baseSec/tSec)^3) )"),702.0)
A30: F | B30: 100 Breast | C30: 19 | D30: 2 | E30: 1:07.55 | F30: =IFERROR(__xludf.DUMMYFUNCTION("IF( REGEXMATCH(E30, "":""), 60*VALUE(INDEX(SPLIT(E30, "":""),1,1)) + VALUE(INDEX(SPLIT(E30, "":""),1,2)), VALUE(E30) )"),67.55) | G30: =average(F26-F29,F27-F30,F28-F31) | H30: 0.37333333 | I30: =C20 | J30: =C37 | K30: {=INDEX('Podium Target Times'!$C:$C, MATCH(A30&B30, 'Podium Target Times'!$A:$A&'Podium Target Times'!$B:$B, 0))} | L30: =L32+G32 | M30: =TEXT(L30/86400, "mm:ss.00") | N30: =IFERROR(__xludf.DUMMYFUNCTION("LET( gen,$A30, ev,$B30, t,$M30, hdrs, ARRAYFORMULA(UPPER(TRIM(CLEAN(SUBSTITUTE('AQUA POINTS'!$1:$1,CHAR(160),"" ""))))), col, MATCH(UPPER(ev), hdrs, 0), base, INDEX('AQUA POINTS'!$1:$3, IF(gen=""M"",2,3), col), baseSec, IF(ISNUMBER(base), IF(ba"&"se<1, base*86400, base), IF(REGEXMATCH(base,"":""), VALUE(LEFT(base, FIND("":"",base)-1))*60 + VALUE(MID(base, FIND("":"",base)+1, 99)), VALUE(SUBSTITUTE(base,"","",""."")))), tSec, IF(ISNUMBER(t), IF(t<1, t*86400, t), "&" IF(REGEXMATCH(t,"":""), VALUE(LEFT(t, FIND("":"",t)-1))*60 + VALUE(MID(t, FIND("":"",t)+1, 99)), VALUE(SUBSTITUTE(t,"","",""."")))), INT(1000*(baseSec/tSec)^3) )"),702.0)
A31: F | B31: 100 Breast | C31: 19 | D31: 3 | E31: 1:08.08 | F31: =IFERROR(__xludf.DUMMYFUNCTION("IF( REGEXMATCH(E31, "":""), 60*VALUE(INDEX(SPLIT(E31, "":""),1,1)) + VALUE(INDEX(SPLIT(E31, "":""),1,2)), VALUE(E31) )"),68.08) | G31: =average(F26-F29,F27-F30,F28-F31) | H31: 0.37333333 | I31: =C20 | J31: =C37 | K31: {=INDEX('Podium Target Times'!$C:$C, MATCH(A31&B31, 'Podium Target Times'!$A:$A&'Podium Target Times'!$B:$B, 0))} | L31: =L32+G32 | M31: =TEXT(L31/86400, "mm:ss.00") | N31: =IFERROR(__xludf.DUMMYFUNCTION("LET( gen,$A31, ev,$B31, t,$M31, hdrs, ARRAYFORMULA(UPPER(TRIM(CLEAN(SUBSTITUTE('AQUA POINTS'!$1:$1,CHAR(160),"" ""))))), col, MATCH(UPPER(ev), hdrs, 0), base, INDEX('AQUA POINTS'!$1:$3, IF(gen=""M"",2,3), col), baseSec, IF(ISNUMBER(base), IF(ba"&"se<1, base*86400, base), IF(REGEXMATCH(base,"":""), VALUE(LEFT(base, FIND("":"",base)-1))*60 + VALUE(MID(base, FIND("":"",base)+1, 99)), VALUE(SUBSTITUTE(base,"","",""."")))), tSec, IF(ISNUMBER(t), IF(t<1, t*86400, t), "&" IF(REGEXMATCH(t,"":""), VALUE(LEFT(t, FIND("":"",t)-1))*60 + VALUE(MID(t, FIND("":"",t)+1, 99)), VALUE(SUBSTITUTE(t,"","",""."")))), INT(1000*(baseSec/tSec)^3) )"),702.0)
A32: F | B32: 100 Breast | C32: 20 | D32: 2 | E32: 1:07.20 | F32: =IFERROR(__xludf.DUMMYFUNCTION("IF( REGEXMATCH(E32, "":""), 60*VALUE(INDEX(SPLIT(E32, "":""),1,1)) + VALUE(INDEX(SPLIT(E32, "":""),1,2)), VALUE(E32) )"),67.2) | G32: =average(F30-F32,F31-F33) | H32: 0.35 | I32: =C20 | J32: =C37 | K32: {=INDEX('Podium Target Times'!$C:$C, MATCH(A32&B32, 'Podium Target Times'!$A:$A&'Podium Target Times'!$B:$B, 0))} | L32: =L34+G34 | M32: =TEXT(L32/86400, "mm:ss.00") | N32: =IFERROR(__xludf.DUMMYFUNCTION("LET( gen,$A32, ev,$B32, t,$M32, hdrs, ARRAYFORMULA(UPPER(TRIM(CLEAN(SUBSTITUTE('AQUA POINTS'!$1:$1,CHAR(160),"" ""))))), col, MATCH(UPPER(ev), hdrs, 0), base, INDEX('AQUA POINTS'!$1:$3, IF(gen=""M"",2,3), col), baseSec, IF(ISNUMBER(base), IF(ba"&"se<1, base*86400, base), IF(REGEXMATCH(base,"":""), VALUE(LEFT(base, FIND("":"",base)-1))*60 + VALUE(MID(base, FIND("":"",base)+1, 99)), VALUE(SUBSTITUTE(base,"","",""."")))), tSec, IF(ISNUMBER(t), IF(t<1, t*86400, t), "&" IF(REGEXMATCH(t,"":""), VALUE(LEFT(t, FIND("":"",t)-1))*60 + VALUE(MID(t, FIND("":"",t)+1, 99)), VALUE(SUBSTITUTE(t,"","",""."")))), INT(1000*(baseSec/tSec)^3) )"),712.0)
A33: F | B33: 100 Breast | C33: 20 | D33: 3 | E33: 1:07.73 | F33: =IFERROR(__xludf.DUMMYFUNCTION("IF( REGEXMATCH(E33, "":""), 60*VALUE(INDEX(SPLIT(E33, "":""),1,1)) + VALUE(INDEX(SPLIT(E33, "":""),1,2)), VALUE(E33) )"),67.73) | G33: =average(F30-F32,F31-F33) | H33: 0.35 | I33: =C20 | J33: =C37 | K33: {=INDEX('Podium Target Times'!$C:$C, MATCH(A33&B33, 'Podium Target Times'!$A:$A&'Podium Target Times'!$B:$B, 0))} | L33: =L34+G34 | M33: =TEXT(L33/86400, "mm:ss.00") | N33: =IFERROR(__xludf.DUMMYFUNCTION("LET( gen,$A33, ev,$B33, t,$M33, hdrs, ARRAYFORMULA(UPPER(TRIM(CLEAN(SUBSTITUTE('AQUA POINTS'!$1:$1,CHAR(160),"" ""))))), col, MATCH(UPPER(ev), hdrs, 0), base, INDEX('AQUA POINTS'!$1:$3, IF(gen=""M"",2,3), col), baseSec, IF(ISNUMBER(base), IF(ba"&"se<1, base*86400, base), IF(REGEXMATCH(base,"":""), VALUE(LEFT(base, FIND("":"",base)-1))*60 + VALUE(MID(base, FIND("":"",base)+1, 99)), VALUE(SUBSTITUTE(base,"","",""."")))), tSec, IF(ISNUMBER(t), IF(t<1, t*86400, t), "&" IF(REGEXMATCH(t,"":""), VALUE(LEFT(t, FIND("":"",t)-1))*60 + VALUE(MID(t, FIND("":"",t)+1, 99)), VALUE(SUBSTITUTE(t,"","",""."")))), INT(1000*(baseSec/tSec)^3) )"),712.0)
A34: F | B34: 100 Breast | C34: 21 | D34: 2 | E34: 1:06.87 | F34: =IFERROR(__xludf.DUMMYFUNCTION("IF( REGEXMATCH(E34, "":""), 60*VALUE(INDEX(SPLIT(E34, "":""),1,1)) + VALUE(INDEX(SPLIT(E34, "":""),1,2)), VALUE(E34) )"),66.87) | G34: =average(F32-F34,F33-F35) | H34: 0.335 | I34: =C20 | J34: =C37 | K34: {=INDEX('Podium Target Times'!$C:$C, MATCH(A34&B34, 'Podium Target Times'!$A:$A&'Podium Target Times'!$B:$B, 0))} | L34: =L36+G36 | M34: =TEXT(L34/86400, "mm:ss.00") | N34: =IFERROR(__xludf.DUMMYFUNCTION("LET( gen,$A34, ev,$B34, t,$M34, hdrs, ARRAYFORMULA(UPPER(TRIM(CLEAN(SUBSTITUTE('AQUA POINTS'!$1:$1,CHAR(160),"" ""))))), col, MATCH(UPPER(ev), hdrs, 0), base, INDEX('AQUA POINTS'!$1:$3, IF(gen=""M"",2,3), col), baseSec, IF(ISNUMBER(base), IF(ba"&"se<1, base*86400, base), IF(REGEXMATCH(base,"":""), VALUE(LEFT(base, FIND("":"",base)-1))*60 + VALUE(MID(base, FIND("":"",base)+1, 99)), VALUE(SUBSTITUTE(base,"","",""."")))), tSec, IF(ISNUMBER(t), IF(t<1, t*86400, t), "&" IF(REGEXMATCH(t,"":""), VALUE(LEFT(t, FIND("":"",t)-1))*60 + VALUE(MID(t, FIND("":"",t)+1, 99)), VALUE(SUBSTITUTE(t,"","",""."")))), INT(1000*(baseSec/tSec)^3) )"),722.0)
A35: F | B35: 100 Breast | C35: 21 | D35: 3 | E35: 1:07.39 | F35: =IFERROR(__xludf.DUMMYFUNCTION("IF( REGEXMATCH(E35, "":""), 60*VALUE(INDEX(SPLIT(E35, "":""),1,1)) + VALUE(INDEX(SPLIT(E35, "":""),1,2)), VALUE(E35) )"),67.39) | G35: =average(F32-F34,F33-F35) | H35: 0.335 | I35: =C20 | J35: =C37 | K35: {=INDEX('Podium Target Times'!$C:$C, MATCH(A35&B35, 'Podium Target Times'!$A:$A&'Podium Target Times'!$B:$B, 0))} | L35: =L36+G36 | M35: =TEXT(L35/86400, "mm:ss.00") | N35: =IFERROR(__xludf.DUMMYFUNCTION("LET( gen,$A35, ev,$B35, t,$M35, hdrs, ARRAYFORMULA(UPPER(TRIM(CLEAN(SUBSTITUTE('AQUA POINTS'!$1:$1,CHAR(160),"" ""))))), col, MATCH(UPPER(ev), hdrs, 0), base, INDEX('AQUA POINTS'!$1:$3, IF(gen=""M"",2,3), col), baseSec, IF(ISNUMBER(base), IF(ba"&"se<1, base*86400, base), IF(REGEXMATCH(base,"":""), VALUE(LEFT(base, FIND("":"",base)-1))*60 + VALUE(MID(base, FIND("":"",base)+1, 99)), VALUE(SUBSTITUTE(base,"","",""."")))), tSec, IF(ISNUMBER(t), IF(t<1, t*86400, t), "&" IF(REGEXMATCH(t,"":""), VALUE(LEFT(t, FIND("":"",t)-1))*60 + VALUE(MID(t, FIND("":"",t)+1, 99)), VALUE(SUBSTITUTE(t,"","",""."")))), INT(1000*(baseSec/tSec)^3) )"),722.0)
A36: F | B36: 100 Breast | C36: 22 | D36: 3 | E36: 1:07.10 | F36: =IFERROR(__xludf.DUMMYFUNCTION("IF( REGEXMATCH(E36, "":""), 60*VALUE(INDEX(SPLIT(E36, "":""),1,1)) + VALUE(INDEX(SPLIT(E36, "":""),1,2)), VALUE(E36) )"),67.1) | G36: =F35-F36 | H36: 0.29 | I36: =C20 | J36: =C37 | K36: {=INDEX('Podium Target Times'!$C:$C, MATCH(A36&B36, 'Podium Target Times'!$A:$A&'Podium Target Times'!$B:$B, 0))} | L36: =L37+G37 | M36: =TEXT(L36/86400, "mm:ss.00") | N36: =IFERROR(__xludf.DUMMYFUNCTION("LET( gen,$A36, ev,$B36, t,$M36, hdrs, ARRAYFORMULA(UPPER(TRIM(CLEAN(SUBSTITUTE('AQUA POINTS'!$1:$1,CHAR(160),"" ""))))), col, MATCH(UPPER(ev), hdrs, 0), base, INDEX('AQUA POINTS'!$1:$3, IF(gen=""M"",2,3), col), baseSec, IF(ISNUMBER(base), IF(ba"&"se<1, base*86400, base), IF(REGEXMATCH(base,"":""), VALUE(LEFT(base, FIND("":"",base)-1))*60 + VALUE(MID(base, FIND("":"",base)+1, 99)), VALUE(SUBSTITUTE(base,"","",""."")))), tSec, IF(ISNUMBER(t), IF(t<1, t*86400, t), "&" IF(REGEXMATCH(t,"":""), VALUE(LEFT(t, FIND("":"",t)-1))*60 + VALUE(MID(t, FIND("":"",t)+1, 99)), VALUE(SUBSTITUTE(t,"","",""."")))), INT(1000*(baseSec/tSec)^3) )"),731.0)
A37: F | B37: 100 Breast | C37: 23 | D37: 3 | E37: 1:06.87 | F37: =IFERROR(__xludf.DUMMYFUNCTION("IF( REGEXMATCH(E37, "":""), 60*VALUE(INDEX(SPLIT(E37, "":""),1,1)) + VALUE(INDEX(SPLIT(E37, "":""),1,2)), VALUE(E37) )"),66.87) | G37: =F36-F37 | H37: 0.23 | I37: =C20 | J37: =C37 | K37: {=INDEX('Podium Target Times'!$C:$C, MATCH(A37&B37, 'Podium Target Times'!$A:$A&'Podium Target Times'!$B:$B, 0))} | L37: =K37 | M37: =TEXT(L37/86400, "mm:ss.00") | N37: =IFERROR(__xludf.DUMMYFUNCTION("LET( gen,$A37, ev,$B37, t,$M37, hdrs, ARRAYFORMULA(UPPER(TRIM(CLEAN(SUBSTITUTE('AQUA POINTS'!$1:$1,CHAR(160),"" ""))))), col, MATCH(UPPER(ev), hdrs, 0), base, INDEX('AQUA POINTS'!$1:$3, IF(gen=""M"",2,3), col), baseSec, IF(ISNUMBER(base), IF(ba"&"se<1, base*86400, base), IF(REGEXMATCH(base,"":""), VALUE(LEFT(base, FIND("":"",base)-1))*60 + VALUE(MID(base, FIND("":"",base)+1, 99)), VALUE(SUBSTITUTE(base,"","",""."")))), tSec, IF(ISNUMBER(t), IF(t<1, t*86400, t), "&" IF(REGEXMATCH(t,"":""), VALUE(LEFT(t, FIND("":"",t)-1))*60 + VALUE(MID(t, FIND("":"",t)+1, 99)), VALUE(SUBSTITUTE(t,"","",""."")))), INT(1000*(baseSec/tSec)^3) )"),738.0)
A38: F | B38: 100 Fly | C38: 15 | D38: 1 | E38: 1:01.67 | F38: =IFERROR(__xludf.DUMMYFUNCTION("IF( REGEXMATCH(E38, "":""), 60*VALUE(INDEX(SPLIT(E38, "":""),1,1)) + VALUE(INDEX(SPLIT(E38, "":""),1,2)), VALUE(E38) )"),61.67) | G38: 0 | H38: 0 | I38: =C38 | J38: =C55 | K38: {=INDEX('Podium Target Times'!$C:$C, MATCH(A38&B38, 'Podium Target Times'!$A:$A&'Podium Target Times'!$B:$B, 0))} | L38: =L39+G39 | M38: =TEXT(L38/86400, "mm:ss.00") | N38: =IFERROR(__xludf.DUMMYFUNCTION("LET( gen,$A38, ev,$B38, t,$M38, hdrs, ARRAYFORMULA(UPPER(TRIM(CLEAN(SUBSTITUTE('AQUA POINTS'!$1:$1,CHAR(160),"" ""))))), col, MATCH(UPPER(ev), hdrs, 0), base, INDEX('AQUA POINTS'!$1:$3, IF(gen=""M"",2,3), col), baseSec, IF(ISNUMBER(base), IF(ba"&"se<1, base*86400, base), IF(REGEXMATCH(base,"":""), VALUE(LEFT(base, FIND("":"",base)-1))*60 + VALUE(MID(base, FIND("":"",base)+1, 99)), VALUE(SUBSTITUTE(base,"","",""."")))), tSec, IF(ISNUMBER(t), IF(t<1, t*86400, t), "&" IF(REGEXMATCH(t,"":""), VALUE(LEFT(t, FIND("":"",t)-1))*60 + VALUE(MID(t, FIND("":"",t)+1, 99)), VALUE(SUBSTITUTE(t,"","",""."")))), INT(1000*(baseSec/tSec)^3) )"),620.0) | P38: =A38 | Q38: =B38 | R38: =C38 | S38: =M38 | T38: =N38
A39: F | B39: 100 Fly | C39: 16 | D39: 1 | E39: 1:00.43 | F39: =IFERROR(__xludf.DUMMYFUNCTION("IF( REGEXMATCH(E39, "":""), 60*VALUE(INDEX(SPLIT(E39, "":""),1,1)) + VALUE(INDEX(SPLIT(E39, "":""),1,2)), VALUE(E39) )"),60.43) | G39: =F38-F39 | H39: 1.24 | I39: =C38 | J39: =C55 | K39: {=INDEX('Podium Target Times'!$C:$C, MATCH(A39&B39, 'Podium Target Times'!$A:$A&'Podium Target Times'!$B:$B, 0))} | L39: =L41+G41 | M39: =TEXT(L39/86400, "mm:ss.00") | N39: =IFERROR(__xludf.DUMMYFUNCTION("LET( gen,$A39, ev,$B39, t,$M39, hdrs, ARRAYFORMULA(UPPER(TRIM(CLEAN(SUBSTITUTE('AQUA POINTS'!$1:$1,CHAR(160),"" ""))))), col, MATCH(UPPER(ev), hdrs, 0), base, INDEX('AQUA POINTS'!$1:$3, IF(gen=""M"",2,3), col), baseSec, IF(ISNUMBER(base), IF(ba"&"se<1, base*86400, base), IF(REGEXMATCH(base,"":""), VALUE(LEFT(base, FIND("":"",base)-1))*60 + VALUE(MID(base, FIND("":"",base)+1, 99)), VALUE(SUBSTITUTE(base,"","",""."")))), tSec, IF(ISNUMBER(t), IF(t<1, t*86400, t), "&" IF(REGEXMATCH(t,"":""), VALUE(LEFT(t, FIND("":"",t)-1))*60 + VALUE(MID(t, FIND("":"",t)+1, 99)), VALUE(SUBSTITUTE(t,"","",""."")))), INT(1000*(baseSec/tSec)^3) )"),657.0) | P39: =A39 | Q39: =B39 | R39: =C39 | S39: =M39 | T39: =N39
A40: F | B40: 100 Fly | C40: 16 | D40: 2 | E40: 1:01.15 | F40: =IFERROR(__xludf.DUMMYFUNCTION("IF( REGEXMATCH(E40, "":""), 60*VALUE(INDEX(SPLIT(E40, "":""),1,1)) + VALUE(INDEX(SPLIT(E40, "":""),1,2)), VALUE(E40) )"),61.15) | G40: =F38-F39 | H40: 1.24 | I40: =C38 | J40: =C55 | K40: {=INDEX('Podium Target Times'!$C:$C, MATCH(A40&B40, 'Podium Target Times'!$A:$A&'Podium Target Times'!$B:$B, 0))} | L40: =L41+G41 | M40: =TEXT(L40/86400, "mm:ss.00") | N40: =IFERROR(__xludf.DUMMYFUNCTION("LET( gen,$A40, ev,$B40, t,$M40, hdrs, ARRAYFORMULA(UPPER(TRIM(CLEAN(SUBSTITUTE('AQUA POINTS'!$1:$1,CHAR(160),"" ""))))), col, MATCH(UPPER(ev), hdrs, 0), base, INDEX('AQUA POINTS'!$1:$3, IF(gen=""M"",2,3), col), baseSec, IF(ISNUMBER(base), IF(ba"&"se<1, base*86400, base), IF(REGEXMATCH(base,"":""), VALUE(LEFT(base, FIND("":"",base)-1))*60 + VALUE(MID(base, FIND("":"",base)+1, 99)), VALUE(SUBSTITUTE(base,"","",""."")))), tSec, IF(ISNUMBER(t), IF(t<1, t*86400, t), "&" IF(REGEXMATCH(t,"":""), VALUE(LEFT(t, FIND("":"",t)-1))*60 + VALUE(MID(t, FIND("":"",t)+1, 99)), VALUE(SUBSTITUTE(t,"","",""."")))), INT(1000*(baseSec/tSec)^3) )"),657.0) | P40: =A41 | Q40: =B41 | R40: =C41 | S40: =M41 | T40: =N41
A41: F | B41: 100 Fly | C41: 17 | D41: 1 | E41: 59.56 | F41: =IFERROR(__xludf.DUMMYFUNCTION("IF( REGEXMATCH(E41, "":""), 60*VALUE(INDEX(SPLIT(E41, "":""),1,1)) + VALUE(INDEX(SPLIT(E41, "":""),1,2)), VALUE(E41) )"),59.56) | G41: =average(F39-F41,F40-F42) | H41: 0.875 | I41: =C38 | J41: =C55 | K41: {=INDEX('Podium Target Times'!$C:$C, MATCH(A41&B41, 'Podium Target Times'!$A:$A&'Podium Target Times'!$B:$B, 0))} | L41: =L44+G44 | M41: =TEXT(L41/86400, "mm:ss.00") | N41: =IFERROR(__xludf.DUMMYFUNCTION("LET( gen,$A41, ev,$B41, t,$M41, hdrs, ARRAYFORMULA(UPPER(TRIM(CLEAN(SUBSTITUTE('AQUA POINTS'!$1:$1,CHAR(160),"" ""))))), col, MATCH(UPPER(ev), hdrs, 0), base, INDEX('AQUA POINTS'!$1:$3, IF(gen=""M"",2,3), col), baseSec, IF(ISNUMBER(base), IF(ba"&"se<1, base*86400, base), IF(REGEXMATCH(base,"":""), VALUE(LEFT(base, FIND("":"",base)-1))*60 + VALUE(MID(base, FIND("":"",base)+1, 99)), VALUE(SUBSTITUTE(base,"","",""."")))), tSec, IF(ISNUMBER(t), IF(t<1, t*86400, t), "&" IF(REGEXMATCH(t,"":""), VALUE(LEFT(t, FIND("":"",t)-1))*60 + VALUE(MID(t, FIND("":"",t)+1, 99)), VALUE(SUBSTITUTE(t,"","",""."")))), INT(1000*(baseSec/tSec)^3) )"),685.0) | P41: =A44 | Q41: =B44 | R41: =C44 | S41: =M44 | T41: =N44
A42: F | B42: 100 Fly | C42: 17 | D42: 2 | E42: 1:00.27 | F42: =IFERROR(__xludf.DUMMYFUNCTION("IF( REGEXMATCH(E42, "":""), 60*VALUE(INDEX(SPLIT(E42, "":""),1,1)) + VALUE(INDEX(SPLIT(E42, "":""),1,2)), VALUE(E42) )"),60.27) | G42: =average(F39-F41,F40-F42) | H42: 0.875 | I42: =C38 | J42: =C55 | K42: {=INDEX('Podium Target Times'!$C:$C, MATCH(A42&B42, 'Podium Target Times'!$A:$A&'Podium Target Times'!$B:$B, 0))} | L42: =L44+G44 | M42: =TEXT(L42/86400, "mm:ss.00") | N42: =IFERROR(__xludf.DUMMYFUNCTION("LET( gen,$A42, ev,$B42, t,$M42, hdrs, ARRAYFORMULA(UPPER(TRIM(CLEAN(SUBSTITUTE('AQUA POINTS'!$1:$1,CHAR(160),"" ""))))), col, MATCH(UPPER(ev), hdrs, 0), base, INDEX('AQUA POINTS'!$1:$3, IF(gen=""M"",2,3), col), baseSec, IF(ISNUMBER(base), IF(ba"&"se<1, base*86400, base), IF(REGEXMATCH(base,"":""), VALUE(LEFT(base, FIND("":"",base)-1))*60 + VALUE(MID(base, FIND("":"",base)+1, 99)), VALUE(SUBSTITUTE(base,"","",""."")))), tSec, IF(ISNUMBER(t), IF(t<1, t*86400, t), "&" IF(REGEXMATCH(t,"":""), VALUE(LEFT(t, FIND("":"",t)-1))*60 + VALUE(MID(t, FIND("":"",t)+1, 99)), VALUE(SUBSTITUTE(t,"","",""."")))), INT(1000*(baseSec/tSec)^3) )"),685.0) | P42: =A47 | Q42: =B47 | R42: =C47 | S42: =M47 | T42: =N47
A43: F | B43: 100 Fly | C43: 17 | D43: 3 | E43: 1:00.47 | F43: =IFERROR(__xludf.DUMMYFUNCTION("IF( REGEXMATCH(E43, "":""), 60*VALUE(INDEX(SPLIT(E43, "":""),1,1)) + VALUE(INDEX(SPLIT(E43, "":""),1,2)), VALUE(E43) )"),60.47) | G43: =average(F39-F41,F40-F42) | H43: 0.875 | I43: =C38 | J43: =C55 | K43: {=INDEX('Podium Target Times'!$C:$C, MATCH(A43&B43, 'Podium Target Times'!$A:$A&'Podium Target Times'!$B:$B, 0))} | L43: =L44+G44 | M43: =TEXT(L43/86400, "mm:ss.00") | N43: =IFERROR(__xludf.DUMMYFUNCTION("LET( gen,$A43, ev,$B43, t,$M43, hdrs, ARRAYFORMULA(UPPER(TRIM(CLEAN(SUBSTITUTE('AQUA POINTS'!$1:$1,CHAR(160),"" ""))))), col, MATCH(UPPER(ev), hdrs, 0), base, INDEX('AQUA POINTS'!$1:$3, IF(gen=""M"",2,3), col), baseSec, IF(ISNUMBER(base), IF(ba"&"se<1, base*86400, base), IF(REGEXMATCH(base,"":""), VALUE(LEFT(base, FIND("":"",base)-1))*60 + VALUE(MID(base, FIND("":"",base)+1, 99)), VALUE(SUBSTITUTE(base,"","",""."")))), tSec, IF(ISNUMBER(t), IF(t<1, t*86400, t), "&" IF(REGEXMATCH(t,"":""), VALUE(LEFT(t, FIND("":"",t)-1))*60 + VALUE(MID(t, FIND("":"",t)+1, 99)), VALUE(SUBSTITUTE(t,"","",""."")))), INT(1000*(baseSec/tSec)^3) )"),685.0) | P43: =A50 | Q43: =B50 | R43: =C50 | S43: =M50 | T43: =N50
A44: F | B44: 100 Fly | C44: 18 | D44: 1 | E44: 59.57 | F44: =IFERROR(__xludf.DUMMYFUNCTION("IF( REGEXMATCH(E44, "":""), 60*VALUE(INDEX(SPLIT(E44, "":""),1,1)) + VALUE(INDEX(SPLIT(E44, "":""),1,2)), VALUE(E44) )"),59.57) | G44: =average(F41-F44,F42-F45,F43-F46) | H44: 0.39666667 | I44: =C38 | J44: =C55 | K44: {=INDEX('Podium Target Times'!$C:$C, MATCH(A44&B44, 'Podium Target Times'!$A:$A&'Podium Target Times'!$B:$B, 0))} | L44: =L47+G47 | M44: =TEXT(L44/86400, "mm:ss.00") | N44: =IFERROR(__xludf.DUMMYFUNCTION("LET( gen,$A44, ev,$B44, t,$M44, hdrs, ARRAYFORMULA(UPPER(TRIM(CLEAN(SUBSTITUTE('AQUA POINTS'!$1:$1,CHAR(160),"" ""))))), col, MATCH(UPPER(ev), hdrs, 0), base, INDEX('AQUA POINTS'!$1:$3, IF(gen=""M"",2,3), col), baseSec, IF(ISNUMBER(base), IF(ba"&"se<1, base*86400, base), IF(REGEXMATCH(base,"":""), VALUE(LEFT(base, FIND("":"",base)-1))*60 + VALUE(MID(base, FIND("":"",base)+1, 99)), VALUE(SUBSTITUTE(base,"","",""."")))), tSec, IF(ISNUMBER(t), IF(t<1, t*86400, t), "&" IF(REGEXMATCH(t,"":""), VALUE(LEFT(t, FIND("":"",t)-1))*60 + VALUE(MID(t, FIND("":"",t)+1, 99)), VALUE(SUBSTITUTE(t,"","",""."")))), INT(1000*(baseSec/tSec)^3) )"),698.0) | P44: =A52 | Q44: =B52 | R44: =C52 | S44: =M52 | T44: =N52
A45: F | B45: 100 Fly | C45: 18 | D45: 2 | E45: 59.77 | F45: =IFERROR(__xludf.DUMMYFUNCTION("IF( REGEXMATCH(E45, "":""), 60*VALUE(INDEX(SPLIT(E45, "":""),1,1)) + VALUE(INDEX(SPLIT(E45, "":""),1,2)), VALUE(E45) )"),59.77) | G45: =average(F41-F44,F42-F45,F43-F46) | H45: 0.39666667 | I45: =C38 | J45: =C55 | K45: {=INDEX('Podium Target Times'!$C:$C, MATCH(A45&B45, 'Podium Target Times'!$A:$A&'Podium Target Times'!$B:$B, 0))} | L45: =L47+G47 | M45: =TEXT(L45/86400, "mm:ss.00") | N45: =IFERROR(__xludf.DUMMYFUNCTION("LET( gen,$A45, ev,$B45, t,$M45, hdrs, ARRAYFORMULA(UPPER(TRIM(CLEAN(SUBSTITUTE('AQUA POINTS'!$1:$1,CHAR(160),"" ""))))), col, MATCH(UPPER(ev), hdrs, 0), base, INDEX('AQUA POINTS'!$1:$3, IF(gen=""M"",2,3), col), baseSec, IF(ISNUMBER(base), IF(ba"&"se<1, base*86400, base), IF(REGEXMATCH(base,"":""), VALUE(LEFT(base, FIND("":"",base)-1))*60 + VALUE(MID(base, FIND("":"",base)+1, 99)), VALUE(SUBSTITUTE(base,"","",""."")))), tSec, IF(ISNUMBER(t), IF(t<1, t*86400, t), "&" IF(REGEXMATCH(t,"":""), VALUE(LEFT(t, FIND("":"",t)-1))*60 + VALUE(MID(t, FIND("":"",t)+1, 99)), VALUE(SUBSTITUTE(t,"","",""."")))), INT(1000*(baseSec/tSec)^3) )"),698.0) | P45: =A54 | Q45: =B54 | R45: =C54 | S45: =M54 | T45: =N54
A46: F | B46: 100 Fly | C46: 18 | D46: 3 | E46: 59.77 | F46: =IFERROR(__xludf.DUMMYFUNCTION("IF( REGEXMATCH(E46, "":""), 60*VALUE(INDEX(SPLIT(E46, "":""),1,1)) + VALUE(INDEX(SPLIT(E46, "":""),1,2)), VALUE(E46) )"),59.77) | G46: =average(F41-F44,F42-F45,F43-F46) | H46: 0.39666667 | I46: =C38 | J46: =C55 | K46: {=INDEX('Podium Target Times'!$C:$C, MATCH(A46&B46, 'Podium Target Times'!$A:$A&'Podium Target Times'!$B:$B, 0))} | L46: =L47+G47 | M46: =TEXT(L46/86400, "mm:ss.00") | N46: =IFERROR(__xludf.DUMMYFUNCTION("LET( gen,$A46, ev,$B46, t,$M46, hdrs, ARRAYFORMULA(UPPER(TRIM(CLEAN(SUBSTITUTE('AQUA POINTS'!$1:$1,CHAR(160),"" ""))))), col, MATCH(UPPER(ev), hdrs, 0), base, INDEX('AQUA POINTS'!$1:$3, IF(gen=""M"",2,3), col), baseSec, IF(ISNUMBER(base), IF(ba"&"se<1, base*86400, base), IF(REGEXMATCH(base,"":""), VALUE(LEFT(base, FIND("":"",base)-1))*60 + VALUE(MID(base, FIND("":"",base)+1, 99)), VALUE(SUBSTITUTE(base,"","",""."")))), tSec, IF(ISNUMBER(t), IF(t<1, t*86400, t), "&" IF(REGEXMATCH(t,"":""), VALUE(LEFT(t, FIND("":"",t)-1))*60 + VALUE(MID(t, FIND("":"",t)+1, 99)), VALUE(SUBSTITUTE(t,"","",""."")))), INT(1000*(baseSec/tSec)^3) )"),698.0) | P46: =A55 | Q46: =B55 | R46: =C55 | S46: =M55 | T46: =N55
A47: F | B47: 100 Fly | C47: 19 | D47: 1 | E47: 58.33 | F47: =IFERROR(__xludf.DUMMYFUNCTION("IF( REGEXMATCH(E47, "":""), 60*VALUE(INDEX(SPLIT(E47, "":""),1,1)) + VALUE(INDEX(SPLIT(E47, "":""),1,2)), VALUE(E47) )"),58.33) | G47: =average(F44-F47,F45-F48,F46-F49) | H47: 0.84333333 | I47: =C38 | J47: =C55 | K47: {=INDEX('Podium Target Times'!$C:$C, MATCH(A47&B47, 'Podium Target Times'!$A:$A&'Podium Target Times'!$B:$B, 0))} | L47: =L50+G50 | M47: =TEXT(L47/86400, "mm:ss.00") | N47: =IFERROR(__xludf.DUMMYFUNCTION("LET( gen,$A47, ev,$B47, t,$M47, hdrs, ARRAYFORMULA(UPPER(TRIM(CLEAN(SUBSTITUTE('AQUA POINTS'!$1:$1,CHAR(160),"" ""))))), col, MATCH(UPPER(ev), hdrs, 0), base, INDEX('AQUA POINTS'!$1:$3, IF(gen=""M"",2,3), col), baseSec, IF(ISNUMBER(base), IF(ba"&"se<1, base*86400, base), IF(REGEXMATCH(base,"":""), VALUE(LEFT(base, FIND("":"",base)-1))*60 + VALUE(MID(base, FIND("":"",base)+1, 99)), VALUE(SUBSTITUTE(base,"","",""."")))), tSec, IF(ISNUMBER(t), IF(t<1, t*86400, t), "&" IF(REGEXMATCH(t,"":""), VALUE(LEFT(t, FIND("":"",t)-1))*60 + VALUE(MID(t, FIND("":"",t)+1, 99)), VALUE(SUBSTITUTE(t,"","",""."")))), INT(1000*(baseSec/tSec)^3) )"),727.0)
A48: F | B48: 100 Fly | C48: 19 | D48: 2 | E48: 59.03 | F48: =IFERROR(__xludf.DUMMYFUNCTION("IF( REGEXMATCH(E48, "":""), 60*VALUE(INDEX(SPLIT(E48, "":""),1,1)) + VALUE(INDEX(SPLIT(E48, "":""),1,2)), VALUE(E48) )"),59.03) | G48: =average(F44-F47,F45-F48,F46-F49) | H48: 0.84333333 | I48: =C38 | J48: =C55 | K48: {=INDEX('Podium Target Times'!$C:$C, MATCH(A48&B48, 'Podium Target Times'!$A:$A&'Podium Target Times'!$B:$B, 0))} | L48: =L50+G50 | M48: =TEXT(L48/86400, "mm:ss.00") | N48: =IFERROR(__xludf.DUMMYFUNCTION("LET( gen,$A48, ev,$B48, t,$M48, hdrs, ARRAYFORMULA(UPPER(TRIM(CLEAN(SUBSTITUTE('AQUA POINTS'!$1:$1,CHAR(160),"" ""))))), col, MATCH(UPPER(ev), hdrs, 0), base, INDEX('AQUA POINTS'!$1:$3, IF(gen=""M"",2,3), col), baseSec, IF(ISNUMBER(base), IF(ba"&"se<1, base*86400, base), IF(REGEXMATCH(base,"":""), VALUE(LEFT(base, FIND("":"",base)-1))*60 + VALUE(MID(base, FIND("":"",base)+1, 99)), VALUE(SUBSTITUTE(base,"","",""."")))), tSec, IF(ISNUMBER(t), IF(t<1, t*86400, t), "&" IF(REGEXMATCH(t,"":""), VALUE(LEFT(t, FIND("":"",t)-1))*60 + VALUE(MID(t, FIND("":"",t)+1, 99)), VALUE(SUBSTITUTE(t,"","",""."")))), INT(1000*(baseSec/tSec)^3) )"),727.0)
A49: F | B49: 100 Fly | C49: 19 | D49: 3 | E49: 59.22 | F49: =IFERROR(__xludf.DUMMYFUNCTION("IF( REGEXMATCH(E49, "":""), 60*VALUE(INDEX(SPLIT(E49, "":""),1,1)) + VALUE(INDEX(SPLIT(E49, "":""),1,2)), VALUE(E49) )"),59.22) | G49: =average(F44-F47,F45-F48,F46-F49) | H49: 0.84333333 | I49: =C38 | J49: =C55 | K49: {=INDEX('Podium Target Times'!$C:$C, MATCH(A49&B49, 'Podium Target Times'!$A:$A&'Podium Target Times'!$B:$B, 0))} | L49: =L50+G50 | M49: =TEXT(L49/86400, "mm:ss.00") | N49: =IFERROR(__xludf.DUMMYFUNCTION("LET( gen,$A49, ev,$B49, t,$M49, hdrs, ARRAYFORMULA(UPPER(TRIM(CLEAN(SUBSTITUTE('AQUA POINTS'!$1:$1,CHAR(160),"" ""))))), col, MATCH(UPPER(ev), hdrs, 0), base, INDEX('AQUA POINTS'!$1:$3, IF(gen=""M"",2,3), col), baseSec, IF(ISNUMBER(base), IF(ba"&"se<1, base*86400, base), IF(REGEXMATCH(base,"":""), VALUE(LEFT(base, FIND("":"",base)-1))*60 + VALUE(MID(base, FIND("":"",base)+1, 99)), VALUE(SUBSTITUTE(base,"","",""."")))), tSec, IF(ISNUMBER(t), IF(t<1, t*86400, t), "&" IF(REGEXMATCH(t,"":""), VALUE(LEFT(t, FIND("":"",t)-1))*60 + VALUE(MID(t, FIND("":"",t)+1, 99)), VALUE(SUBSTITUTE(t,"","",""."")))), INT(1000*(baseSec/tSec)^3) )"),727.0)
A50: F | B50: 100 Fly | C50: 20 | D50: 2 | E50: 58.60 | F50: =IFERROR(__xludf.DUMMYFUNCTION("IF( REGEXMATCH(E50, "":""), 60*VALUE(INDEX(SPLIT(E50, "":""),1,1)) + VALUE(INDEX(SPLIT(E50, "":""),1,2)), VALUE(E50) )"),58.6) | G50: =average(F48-F50,F49-F51) | H50: 0.425 | I50: =C38 | J50: =C55 | K50: {=INDEX('Podium Target Times'!$C:$C, MATCH(A50&B50, 'Podium Target Times'!$A:$A&'Podium Target Times'!$B:$B, 0))} | L50: =L52+G52 | M50: =TEXT(L50/86400, "mm:ss.00") | N50: =IFERROR(__xludf.DUMMYFUNCTION("LET( gen,$A50, ev,$B50, t,$M50, hdrs, ARRAYFORMULA(UPPER(TRIM(CLEAN(SUBSTITUTE('AQUA POINTS'!$1:$1,CHAR(160),"" ""))))), col, MATCH(UPPER(ev), hdrs, 0), base, INDEX('AQUA POINTS'!$1:$3, IF(gen=""M"",2,3), col), baseSec, IF(ISNUMBER(base), IF(ba"&"se<1, base*86400, base), IF(REGEXMATCH(base,"":""), VALUE(LEFT(base, FIND("":"",base)-1))*60 + VALUE(MID(base, FIND("":"",base)+1, 99)), VALUE(SUBSTITUTE(base,"","",""."")))), tSec, IF(ISNUMBER(t), IF(t<1, t*86400, t), "&" IF(REGEXMATCH(t,"":""), VALUE(LEFT(t, FIND("":"",t)-1))*60 + VALUE(MID(t, FIND("":"",t)+1, 99)), VALUE(SUBSTITUTE(t,"","",""."")))), INT(1000*(baseSec/tSec)^3) )"),743.0)
A51: F | B51: 100 Fly | C51: 20 | D51: 3 | E51: 58.80 | F51: =IFERROR(__xludf.DUMMYFUNCTION("IF( REGEXMATCH(E51, "":""), 60*VALUE(INDEX(SPLIT(E51, "":""),1,1)) + VALUE(INDEX(SPLIT(E51, "":""),1,2)), VALUE(E51) )"),58.8) | G51: =average(F48-F50,F49-F51) | H51: 0.425 | I51: =C38 | J51: =C55 | K51: {=INDEX('Podium Target Times'!$C:$C, MATCH(A51&B51, 'Podium Target Times'!$A:$A&'Podium Target Times'!$B:$B, 0))} | L51: =L52+G52 | M51: =TEXT(L51/86400, "mm:ss.00") | N51: =IFERROR(__xludf.DUMMYFUNCTION("LET( gen,$A51, ev,$B51, t,$M51, hdrs, ARRAYFORMULA(UPPER(TRIM(CLEAN(SUBSTITUTE('AQUA POINTS'!$1:$1,CHAR(160),"" ""))))), col, MATCH(UPPER(ev), hdrs, 0), base, INDEX('AQUA POINTS'!$1:$3, IF(gen=""M"",2,3), col), baseSec, IF(ISNUMBER(base), IF(ba"&"se<1, base*86400, base), IF(REGEXMATCH(base,"":""), VALUE(LEFT(base, FIND("":"",base)-1))*60 + VALUE(MID(base, FIND("":"",base)+1, 99)), VALUE(SUBSTITUTE(base,"","",""."")))), tSec, IF(ISNUMBER(t), IF(t<1, t*86400, t), "&" IF(REGEXMATCH(t,"":""), VALUE(LEFT(t, FIND("":"",t)-1))*60 + VALUE(MID(t, FIND("":"",t)+1, 99)), VALUE(SUBSTITUTE(t,"","",""."")))), INT(1000*(baseSec/tSec)^3) )"),743.0)
A52: F | B52: 100 Fly | C52: 21 | D52: 2 | E52: 58.33 | F52: =IFERROR(__xludf.DUMMYFUNCTION("IF( REGEXMATCH(E52, "":""), 60*VALUE(INDEX(SPLIT(E52, "":""),1,1)) + VALUE(INDEX(SPLIT(E52, "":""),1,2)), VALUE(E52) )"),58.33) | G52: =average(F50-F52,F51-F53) | H52: 0.275 | I52: =C38 | J52: =C55 | K52: {=INDEX('Podium Target Times'!$C:$C, MATCH(A52&B52, 'Podium Target Times'!$A:$A&'Podium Target Times'!$B:$B, 0))} | L52: =L54+G54 | M52: =TEXT(L52/86400, "mm:ss.00") | N52: =IFERROR(__xludf.DUMMYFUNCTION("LET( gen,$A52, ev,$B52, t,$M52, hdrs, ARRAYFORMULA(UPPER(TRIM(CLEAN(SUBSTITUTE('AQUA POINTS'!$1:$1,CHAR(160),"" ""))))), col, MATCH(UPPER(ev), hdrs, 0), base, INDEX('AQUA POINTS'!$1:$3, IF(gen=""M"",2,3), col), baseSec, IF(ISNUMBER(base), IF(ba"&"se<1, base*86400, base), IF(REGEXMATCH(base,"":""), VALUE(LEFT(base, FIND("":"",base)-1))*60 + VALUE(MID(base, FIND("":"",base)+1, 99)), VALUE(SUBSTITUTE(base,"","",""."")))), tSec, IF(ISNUMBER(t), IF(t<1, t*86400, t), "&" IF(REGEXMATCH(t,"":""), VALUE(LEFT(t, FIND("":"",t)-1))*60 + VALUE(MID(t, FIND("":"",t)+1, 99)), VALUE(SUBSTITUTE(t,"","",""."")))), INT(1000*(baseSec/tSec)^3) )"),753.0)
A53: F | B53: 100 Fly | C53: 21 | D53: 3 | E53: 58.52 | F53: =IFERROR(__xludf.DUMMYFUNCTION("IF( REGEXMATCH(E53, "":""), 60*VALUE(INDEX(SPLIT(E53, "":""),1,1)) + VALUE(INDEX(SPLIT(E53, "":""),1,2)), VALUE(E53) )"),58.52) | G53: =average(F50-F52,F51-F53) | H53: 0.275 | I53: =C38 | J53: =C55 | K53: {=INDEX('Podium Target Times'!$C:$C, MATCH(A53&B53, 'Podium Target Times'!$A:$A&'Podium Target Times'!$B:$B, 0))} | L53: =L54+G54 | M53: =TEXT(L53/86400, "mm:ss.00") | N53: =IFERROR(__xludf.DUMMYFUNCTION("LET( gen,$A53, ev,$B53, t,$M53, hdrs, ARRAYFORMULA(UPPER(TRIM(CLEAN(SUBSTITUTE('AQUA POINTS'!$1:$1,CHAR(160),"" ""))))), col, MATCH(UPPER(ev), hdrs, 0), base, INDEX('AQUA POINTS'!$1:$3, IF(gen=""M"",2,3), col), baseSec, IF(ISNUMBER(base), IF(ba"&"se<1, base*86400, base), IF(REGEXMATCH(base,"":""), VALUE(LEFT(base, FIND("":"",base)-1))*60 + VALUE(MID(base, FIND("":"",base)+1, 99)), VALUE(SUBSTITUTE(base,"","",""."")))), tSec, IF(ISNUMBER(t), IF(t<1, t*86400, t), "&" IF(REGEXMATCH(t,"":""), VALUE(LEFT(t, FIND("":"",t)-1))*60 + VALUE(MID(t, FIND("":"",t)+1, 99)), VALUE(SUBSTITUTE(t,"","",""."")))), INT(1000*(baseSec/tSec)^3) )"),753.0)
A54: F | B54: 100 Fly | C54: 22 | D54: 3 | E54: 58.38 | F54: =IFERROR(__xludf.DUMMYFUNCTION("IF( REGEXMATCH(E54, "":""), 60*VALUE(INDEX(SPLIT(E54, "":""),1,1)) + VALUE(INDEX(SPLIT(E54, "":""),1,2)), VALUE(E54) )"),58.38) | G54: =F53-F54 | H54: 0.14 | I54: =C38 | J54: =C55 | K54: {=INDEX('Podium Target Times'!$C:$C, MATCH(A54&B54, 'Podium Target Times'!$A:$A&'Podium Target Times'!$B:$B, 0))} | L54: =L55+G55 | M54: =TEXT(L54/86400, "mm:ss.00") | N54: =IFERROR(__xludf.DUMMYFUNCTION("LET( gen,$A54, ev,$B54, t,$M54, hdrs, ARRAYFORMULA(UPPER(TRIM(CLEAN(SUBSTITUTE('AQUA POINTS'!$1:$1,CHAR(160),"" ""))))), col, MATCH(UPPER(ev), hdrs, 0), base, INDEX('AQUA POINTS'!$1:$3, IF(gen=""M"",2,3), col), baseSec, IF(ISNUMBER(base), IF(ba"&"se<1, base*86400, base), IF(REGEXMATCH(base,"":""), VALUE(LEFT(base, FIND("":"",base)-1))*60 + VALUE(MID(base, FIND("":"",base)+1, 99)), VALUE(SUBSTITUTE(base,"","",""."")))), tSec, IF(ISNUMBER(t), IF(t<1, t*86400, t), "&" IF(REGEXMATCH(t,"":""), VALUE(LEFT(t, FIND("":"",t)-1))*60 + VALUE(MID(t, FIND("":"",t)+1, 99)), VALUE(SUBSTITUTE(t,"","",""."")))), INT(1000*(baseSec/tSec)^3) )"),758.0)
A55: F | B55: 100 Fly | C55: 23 | D55: 3 | E55: 58.33 | F55: =IFERROR(__xludf.DUMMYFUNCTION("IF( REGEXMATCH(E55, "":""), 60*VALUE(INDEX(SPLIT(E55, "":""),1,1)) + VALUE(INDEX(SPLIT(E55, "":""),1,2)), VALUE(E55) )"),58.33) | G55: =F54-F55 | H55: 0.05 | I55: =C38 | J55: =C55 | K55: {=INDEX('Podium Target Times'!$C:$C, MATCH(A55&B55, 'Podium Target Times'!$A:$A&'Podium Target Times'!$B:$B, 0))} | L55: =K55 | M55: =TEXT(L55/86400, "mm:ss.00") | N55: =IFERROR(__xludf.DUMMYFUNCTION("LET( gen,$A55, ev,$B55, t,$M55, hdrs, ARRAYFORMULA(UPPER(TRIM(CLEAN(SUBSTITUTE('AQUA POINTS'!$1:$1,CHAR(160),"" ""))))), col, MATCH(UPPER(ev), hdrs, 0), base, INDEX('AQUA POINTS'!$1:$3, IF(gen=""M"",2,3), col), baseSec, IF(ISNUMBER(base), IF(ba"&"se<1, base*86400, base), IF(REGEXMATCH(base,"":""), VALUE(LEFT(base, FIND("":"",base)-1))*60 + VALUE(MID(base, FIND("":"",base)+1, 99)), VALUE(SUBSTITUTE(base,"","",""."")))), tSec, IF(ISNUMBER(t), IF(t<1, t*86400, t), "&" IF(REGEXMATCH(t,"":""), VALUE(LEFT(t, FIND("":"",t)-1))*60 + VALUE(MID(t, FIND("":"",t)+1, 99)), VALUE(SUBSTITUTE(t,"","",""."")))), INT(1000*(baseSec/tSec)^3) )"),760.0)
A56: F | B56: 100 Free | C56: 15 | D56: 1 | E56: 56.85 | F56: =IFERROR(__xludf.DUMMYFUNCTION("IF( REGEXMATCH(E56, "":""), 60*VALUE(INDEX(SPLIT(E56, "":""),1,1)) + VALUE(INDEX(SPLIT(E56, "":""),1,2)), VALUE(E56) )"),56.85) | G56: 0 | H56: 0 | I56: =C56 | J56: =C73 | K56: {=INDEX('Podium Target Times'!$C:$C, MATCH(A56&B56, 'Podium Target Times'!$A:$A&'Podium Target Times'!$B:$B, 0))} | L56: =L57+G57 | M56: =TEXT(L56/86400, "mm:ss.00") | N56: =IFERROR(__xludf.DUMMYFUNCTION("LET( gen,$A56, ev,$B56, t,$M56, hdrs, ARRAYFORMULA(UPPER(TRIM(CLEAN(SUBSTITUTE('AQUA POINTS'!$1:$1,CHAR(160),"" ""))))), col, MATCH(UPPER(ev), hdrs, 0), base, INDEX('AQUA POINTS'!$1:$3, IF(gen=""M"",2,3), col), baseSec, IF(ISNUMBER(base), IF(ba"&"se<1, base*86400, base), IF(REGEXMATCH(base,"":""), VALUE(LEFT(base, FIND("":"",base)-1))*60 + VALUE(MID(base, FIND("":"",base)+1, 99)), VALUE(SUBSTITUTE(base,"","",""."")))), tSec, IF(ISNUMBER(t), IF(t<1, t*86400, t), "&" IF(REGEXMATCH(t,"":""), VALUE(LEFT(t, FIND("":"",t)-1))*60 + VALUE(MID(t, FIND("":"",t)+1, 99)), VALUE(SUBSTITUTE(t,"","",""."")))), INT(1000*(baseSec/tSec)^3) )"),642.0) | P56: =A56 | Q56: =B56 | R56: =C56 | S56: =M56 | T56: =N56
A57: F | B57: 100 Free | C57: 16 | D57: 1 | E57: 55.76 | F57: =IFERROR(__xludf.DUMMYFUNCTION("IF( REGEXMATCH(E57, "":""), 60*VALUE(INDEX(SPLIT(E57, "":""),1,1)) + VALUE(INDEX(SPLIT(E57, "":""),1,2)), VALUE(E57) )"),55.76) | G57: =F56-F57 | H57: 1.09 | I57: =C56 | J57: =C73 | K57: {=INDEX('Podium Target Times'!$C:$C, MATCH(A57&B57, 'Podium Target Times'!$A:$A&'Podium Target Times'!$B:$B, 0))} | L57: =L59+G59 | M57: =TEXT(L57/86400, "mm:ss.00") | N57: =IFERROR(__xludf.DUMMYFUNCTION("LET( gen,$A57, ev,$B57, t,$M57, hdrs, ARRAYFORMULA(UPPER(TRIM(CLEAN(SUBSTITUTE('AQUA POINTS'!$1:$1,CHAR(160),"" ""))))), col, MATCH(UPPER(ev), hdrs, 0), base, INDEX('AQUA POINTS'!$1:$3, IF(gen=""M"",2,3), col), baseSec, IF(ISNUMBER(base), IF(ba"&"se<1, base*86400, base), IF(REGEXMATCH(base,"":""), VALUE(LEFT(base, FIND("":"",base)-1))*60 + VALUE(MID(base, FIND("":"",base)+1, 99)), VALUE(SUBSTITUTE(base,"","",""."")))), tSec, IF(ISNUMBER(t), IF(t<1, t*86400, t), "&" IF(REGEXMATCH(t,"":""), VALUE(LEFT(t, FIND("":"",t)-1))*60 + VALUE(MID(t, FIND("":"",t)+1, 99)), VALUE(SUBSTITUTE(t,"","",""."")))), INT(1000*(baseSec/tSec)^3) )"),678.0) | P57: =A57 | Q57: =B57 | R57: =C57 | S57: =M57 | T57: =N57
A58: F | B58: 100 Free | C58: 16 | D58: 2 | E58: 56.38 | F58: =IFERROR(__xludf.DUMMYFUNCTION("IF( REGEXMATCH(E58, "":""), 60*VALUE(INDEX(SPLIT(E58, "":""),1,1)) + VALUE(INDEX(SPLIT(E58, "":""),1,2)), VALUE(E58) )"),56.38) | G58: =F56-F57 | H58: 1.09 | I58: =C56 | J58: =C73 | K58: {=INDEX('Podium Target Times'!$C:$C, MATCH(A58&B58, 'Podium Target Times'!$A:$A&'Podium Target Times'!$B:$B, 0))} | L58: =L59+G59 | M58: =TEXT(L58/86400, "mm:ss.00") | N58: =IFERROR(__xludf.DUMMYFUNCTION("LET( gen,$A58, ev,$B58, t,$M58, hdrs, ARRAYFORMULA(UPPER(TRIM(CLEAN(SUBSTITUTE('AQUA POINTS'!$1:$1,CHAR(160),"" ""))))), col, MATCH(UPPER(ev), hdrs, 0), base, INDEX('AQUA POINTS'!$1:$3, IF(gen=""M"",2,3), col), baseSec, IF(ISNUMBER(base), IF(ba"&"se<1, base*86400, base), IF(REGEXMATCH(base,"":""), VALUE(LEFT(base, FIND("":"",base)-1))*60 + VALUE(MID(base, FIND("":"",base)+1, 99)), VALUE(SUBSTITUTE(base,"","",""."")))), tSec, IF(ISNUMBER(t), IF(t<1, t*86400, t), "&" IF(REGEXMATCH(t,"":""), VALUE(LEFT(t, FIND("":"",t)-1))*60 + VALUE(MID(t, FIND("":"",t)+1, 99)), VALUE(SUBSTITUTE(t,"","",""."")))), INT(1000*(baseSec/tSec)^3) )"),678.0) | P58: =A59 | Q58: =B59 | R58: =C59 | S58: =M59 | T58: =N59
A59: F | B59: 100 Free | C59: 17 | D59: 1 | E59: 55.07 | F59: =IFERROR(__xludf.DUMMYFUNCTION("IF( REGEXMATCH(E59, "":""), 60*VALUE(INDEX(SPLIT(E59, "":""),1,1)) + VALUE(INDEX(SPLIT(E59, "":""),1,2)), VALUE(E59) )"),55.07) | G59: =average(F57-F59,F58-F60) | H59: 0.695 | I59: =C56 | J59: =C73 | K59: {=INDEX('Podium Target Times'!$C:$C, MATCH(A59&B59, 'Podium Target Times'!$A:$A&'Podium Target Times'!$B:$B, 0))} | L59: =L62+G62 | M59: =TEXT(L59/86400, "mm:ss.00") | N59: =IFERROR(__xludf.DUMMYFUNCTION("LET( gen,$A59, ev,$B59, t,$M59, hdrs, ARRAYFORMULA(UPPER(TRIM(CLEAN(SUBSTITUTE('AQUA POINTS'!$1:$1,CHAR(160),"" ""))))), col, MATCH(UPPER(ev), hdrs, 0), base, INDEX('AQUA POINTS'!$1:$3, IF(gen=""M"",2,3), col), baseSec, IF(ISNUMBER(base), IF(ba"&"se<1, base*86400, base), IF(REGEXMATCH(base,"":""), VALUE(LEFT(base, FIND("":"",base)-1))*60 + VALUE(MID(base, FIND("":"",base)+1, 99)), VALUE(SUBSTITUTE(base,"","",""."")))), tSec, IF(ISNUMBER(t), IF(t<1, t*86400, t), "&" IF(REGEXMATCH(t,"":""), VALUE(LEFT(t, FIND("":"",t)-1))*60 + VALUE(MID(t, FIND("":"",t)+1, 99)), VALUE(SUBSTITUTE(t,"","",""."")))), INT(1000*(baseSec/tSec)^3) )"),703.0) | P59: =A62 | Q59: =B62 | R59: =C62 | S59: =M62 | T59: =N62
A60: F | B60: 100 Free | C60: 17 | D60: 2 | E60: 55.68 | F60: =IFERROR(__xludf.DUMMYFUNCTION("IF( REGEXMATCH(E60, "":""), 60*VALUE(INDEX(SPLIT(E60, "":""),1,1)) + VALUE(INDEX(SPLIT(E60, "":""),1,2)), VALUE(E60) )"),55.68) | G60: =average(F57-F59,F58-F60) | H60: 0.695 | I60: =C56 | J60: =C73 | K60: {=INDEX('Podium Target Times'!$C:$C, MATCH(A60&B60, 'Podium Target Times'!$A:$A&'Podium Target Times'!$B:$B, 0))} | L60: =L62+G62 | M60: =TEXT(L60/86400, "mm:ss.00") | N60: =IFERROR(__xludf.DUMMYFUNCTION("LET( gen,$A60, ev,$B60, t,$M60, hdrs, ARRAYFORMULA(UPPER(TRIM(CLEAN(SUBSTITUTE('AQUA POINTS'!$1:$1,CHAR(160),"" ""))))), col, MATCH(UPPER(ev), hdrs, 0), base, INDEX('AQUA POINTS'!$1:$3, IF(gen=""M"",2,3), col), baseSec, IF(ISNUMBER(base), IF(ba"&"se<1, base*86400, base), IF(REGEXMATCH(base,"":""), VALUE(LEFT(base, FIND("":"",base)-1))*60 + VALUE(MID(base, FIND("":"",base)+1, 99)), VALUE(SUBSTITUTE(base,"","",""."")))), tSec, IF(ISNUMBER(t), IF(t<1, t*86400, t), "&" IF(REGEXMATCH(t,"":""), VALUE(LEFT(t, FIND("":"",t)-1))*60 + VALUE(MID(t, FIND("":"",t)+1, 99)), VALUE(SUBSTITUTE(t,"","",""."")))), INT(1000*(baseSec/tSec)^3) )"),703.0) | P60: =A65 | Q60: =B65 | R60: =C65 | S60: =M65 | T60: =N65
A61: F | B61: 100 Free | C61: 17 | D61: 3 | E61: 55.99 | F61: =IFERROR(__xludf.DUMMYFUNCTION("IF( REGEXMATCH(E61, "":""), 60*VALUE(INDEX(SPLIT(E61, "":""),1,1)) + VALUE(INDEX(SPLIT(E61, "":""),1,2)), VALUE(E61) )"),55.99) | G61: =average(F57-F59,F58-F60) | H61: 0.695 | I61: =C56 | J61: =C73 | K61: {=INDEX('Podium Target Times'!$C:$C, MATCH(A61&B61, 'Podium Target Times'!$A:$A&'Podium Target Times'!$B:$B, 0))} | L61: =L62+G62 | M61: =TEXT(L61/86400, "mm:ss.00") | N61: =IFERROR(__xludf.DUMMYFUNCTION("LET( gen,$A61, ev,$B61, t,$M61, hdrs, ARRAYFORMULA(UPPER(TRIM(CLEAN(SUBSTITUTE('AQUA POINTS'!$1:$1,CHAR(160),"" ""))))), col, MATCH(UPPER(ev), hdrs, 0), base, INDEX('AQUA POINTS'!$1:$3, IF(gen=""M"",2,3), col), baseSec, IF(ISNUMBER(base), IF(ba"&"se<1, base*86400, base), IF(REGEXMATCH(base,"":""), VALUE(LEFT(base, FIND("":"",base)-1))*60 + VALUE(MID(base, FIND("":"",base)+1, 99)), VALUE(SUBSTITUTE(base,"","",""."")))), tSec, IF(ISNUMBER(t), IF(t<1, t*86400, t), "&" IF(REGEXMATCH(t,"":""), VALUE(LEFT(t, FIND("":"",t)-1))*60 + VALUE(MID(t, FIND("":"",t)+1, 99)), VALUE(SUBSTITUTE(t,"","",""."")))), INT(1000*(baseSec/tSec)^3) )"),703.0) | P61: =A68 | Q61: =B68 | R61: =C68 | S61: =M68 | T61: =N68
A62: F | B62: 100 Free | C62: 18 | D62: 1 | E62: 54.62 | F62: =IFERROR(__xludf.DUMMYFUNCTION("IF( REGEXMATCH(E62, "":""), 60*VALUE(INDEX(SPLIT(E62, "":""),1,1)) + VALUE(INDEX(SPLIT(E62, "":""),1,2)), VALUE(E62) )"),54.62) | G62: =average(F59-F62,F60-F63,F61-F64) | H62: 0.45666667 | I62: =C56 | J62: =C73 | K62: {=INDEX('Podium Target Times'!$C:$C, MATCH(A62&B62, 'Podium Target Times'!$A:$A&'Podium Target Times'!$B:$B, 0))} | L62: =L65+G65 | M62: =TEXT(L62/86400, "mm:ss.00") | N62: =IFERROR(__xludf.DUMMYFUNCTION("LET( gen,$A62, ev,$B62, t,$M62, hdrs, ARRAYFORMULA(UPPER(TRIM(CLEAN(SUBSTITUTE('AQUA POINTS'!$1:$1,CHAR(160),"" ""))))), col, MATCH(UPPER(ev), hdrs, 0), base, INDEX('AQUA POINTS'!$1:$3, IF(gen=""M"",2,3), col), baseSec, IF(ISNUMBER(base), IF(ba"&"se<1, base*86400, base), IF(REGEXMATCH(base,"":""), VALUE(LEFT(base, FIND("":"",base)-1))*60 + VALUE(MID(base, FIND("":"",base)+1, 99)), VALUE(SUBSTITUTE(base,"","",""."")))), tSec, IF(ISNUMBER(t), IF(t<1, t*86400, t), "&" IF(REGEXMATCH(t,"":""), VALUE(LEFT(t, FIND("":"",t)-1))*60 + VALUE(MID(t, FIND("":"",t)+1, 99)), VALUE(SUBSTITUTE(t,"","",""."")))), INT(1000*(baseSec/tSec)^3) )"),719.0) | P62: =A70 | Q62: =B70 | R62: =C70 | S62: =M70 | T62: =N70
A63: F | B63: 100 Free | C63: 18 | D63: 2 | E63: 55.22 | F63: =IFERROR(__xludf.DUMMYFUNCTION("IF( REGEXMATCH(E63, "":""), 60*VALUE(INDEX(SPLIT(E63, "":""),1,1)) + VALUE(INDEX(SPLIT(E63, "":""),1,2)), VALUE(E63) )"),55.22) | G63: =average(F59-F62,F60-F63,F61-F64) | H63: 0.45666667 | I63: =C56 | J63: =C73 | K63: {=INDEX('Podium Target Times'!$C:$C, MATCH(A63&B63, 'Podium Target Times'!$A:$A&'Podium Target Times'!$B:$B, 0))} | L63: =L65+G65 | M63: =TEXT(L63/86400, "mm:ss.00") | N63: =IFERROR(__xludf.DUMMYFUNCTION("LET( gen,$A63, ev,$B63, t,$M63, hdrs, ARRAYFORMULA(UPPER(TRIM(CLEAN(SUBSTITUTE('AQUA POINTS'!$1:$1,CHAR(160),"" ""))))), col, MATCH(UPPER(ev), hdrs, 0), base, INDEX('AQUA POINTS'!$1:$3, IF(gen=""M"",2,3), col), baseSec, IF(ISNUMBER(base), IF(ba"&"se<1, base*86400, base), IF(REGEXMATCH(base,"":""), VALUE(LEFT(base, FIND("":"",base)-1))*60 + VALUE(MID(base, FIND("":"",base)+1, 99)), VALUE(SUBSTITUTE(base,"","",""."")))), tSec, IF(ISNUMBER(t), IF(t<1, t*86400, t), "&" IF(REGEXMATCH(t,"":""), VALUE(LEFT(t, FIND("":"",t)-1))*60 + VALUE(MID(t, FIND("":"",t)+1, 99)), VALUE(SUBSTITUTE(t,"","",""."")))), INT(1000*(baseSec/tSec)^3) )"),719.0) | P63: =A72 | Q63: =B72 | R63: =C72 | S63: =M72 | T63: =N72
A64: F | B64: 100 Free | C64: 18 | D64: 3 | E64: 55.53 | F64: =IFERROR(__xludf.DUMMYFUNCTION("IF( REGEXMATCH(E64, "":""), 60*VALUE(INDEX(SPLIT(E64, "":""),1,1)) + VALUE(INDEX(SPLIT(E64, "":""),1,2)), VALUE(E64) )"),55.53) | G64: =average(F59-F62,F60-F63,F61-F64) | H64: 0.45666667 | I64: =C56 | J64: =C73 | K64: {=INDEX('Podium Target Times'!$C:$C, MATCH(A64&B64, 'Podium Target Times'!$A:$A&'Podium Target Times'!$B:$B, 0))} | L64: =L65+G65 | M64: =TEXT(L64/86400, "mm:ss.00") | N64: =IFERROR(__xludf.DUMMYFUNCTION("LET( gen,$A64, ev,$B64, t,$M64, hdrs, ARRAYFORMULA(UPPER(TRIM(CLEAN(SUBSTITUTE('AQUA POINTS'!$1:$1,CHAR(160),"" ""))))), col, MATCH(UPPER(ev), hdrs, 0), base, INDEX('AQUA POINTS'!$1:$3, IF(gen=""M"",2,3), col), baseSec, IF(ISNUMBER(base), IF(ba"&"se<1, base*86400, base), IF(REGEXMATCH(base,"":""), VALUE(LEFT(base, FIND("":"",base)-1))*60 + VALUE(MID(base, FIND("":"",base)+1, 99)), VALUE(SUBSTITUTE(base,"","",""."")))), tSec, IF(ISNUMBER(t), IF(t<1, t*86400, t), "&" IF(REGEXMATCH(t,"":""), VALUE(LEFT(t, FIND("":"",t)-1))*60 + VALUE(MID(t, FIND("":"",t)+1, 99)), VALUE(SUBSTITUTE(t,"","",""."")))), INT(1000*(baseSec/tSec)^3) )"),719.0) | P64: =A73 | Q64: =B73 | R64: =C73 | S64: =M73 | T64: =N73
A65: F | B65: 100 Free | C65: 19 | D65: 1 | E65: 54.25 | F65: =IFERROR(__xludf.DUMMYFUNCTION("IF( REGEXMATCH(E65, "":""), 60*VALUE(INDEX(SPLIT(E65, "":""),1,1)) + VALUE(INDEX(SPLIT(E65, "":""),1,2)), VALUE(E65) )"),54.25) | G65: =average(F62-F65,F63-F66,F64-F67) | H65: 0.37 | I65: =C56 | J65: =C73 | K65: {=INDEX('Podium Target Times'!$C:$C, MATCH(A65&B65, 'Podium Target Times'!$A:$A&'Podium Target Times'!$B:$B, 0))} | L65: =L68+G68 | M65: =TEXT(L65/86400, "mm:ss.00") | N65: =IFERROR(__xludf.DUMMYFUNCTION("LET( gen,$A65, ev,$B65, t,$M65, hdrs, ARRAYFORMULA(UPPER(TRIM(CLEAN(SUBSTITUTE('AQUA POINTS'!$1:$1,CHAR(160),"" ""))))), col, MATCH(UPPER(ev), hdrs, 0), base, INDEX('AQUA POINTS'!$1:$3, IF(gen=""M"",2,3), col), baseSec, IF(ISNUMBER(base), IF(ba"&"se<1, base*86400, base), IF(REGEXMATCH(base,"":""), VALUE(LEFT(base, FIND("":"",base)-1))*60 + VALUE(MID(base, FIND("":"",base)+1, 99)), VALUE(SUBSTITUTE(base,"","",""."")))), tSec, IF(ISNUMBER(t), IF(t<1, t*86400, t), "&" IF(REGEXMATCH(t,"":""), VALUE(LEFT(t, FIND("":"",t)-1))*60 + VALUE(MID(t, FIND("":"",t)+1, 99)), VALUE(SUBSTITUTE(t,"","",""."")))), INT(1000*(baseSec/tSec)^3) )"),733.0)
A66: F | B66: 100 Free | C66: 19 | D66: 2 | E66: 54.85 | F66: =IFERROR(__xludf.DUMMYFUNCTION("IF( REGEXMATCH(E66, "":""), 60*VALUE(INDEX(SPLIT(E66, "":""),1,1)) + VALUE(INDEX(SPLIT(E66, "":""),1,2)), VALUE(E66) )"),54.85) | G66: =average(F62-F65,F63-F66,F64-F67) | H66: 0.37 | I66: =C56 | J66: =C73 | K66: {=INDEX('Podium Target Times'!$C:$C, MATCH(A66&B66, 'Podium Target Times'!$A:$A&'Podium Target Times'!$B:$B, 0))} | L66: =L68+G68 | M66: =TEXT(L66/86400, "mm:ss.00") | N66: =IFERROR(__xludf.DUMMYFUNCTION("LET( gen,$A66, ev,$B66, t,$M66, hdrs, ARRAYFORMULA(UPPER(TRIM(CLEAN(SUBSTITUTE('AQUA POINTS'!$1:$1,CHAR(160),"" ""))))), col, MATCH(UPPER(ev), hdrs, 0), base, INDEX('AQUA POINTS'!$1:$3, IF(gen=""M"",2,3), col), baseSec, IF(ISNUMBER(base), IF(ba"&"se<1, base*86400, base), IF(REGEXMATCH(base,"":""), VALUE(LEFT(base, FIND("":"",base)-1))*60 + VALUE(MID(base, FIND("":"",base)+1, 99)), VALUE(SUBSTITUTE(base,"","",""."")))), tSec, IF(ISNUMBER(t), IF(t<1, t*86400, t), "&" IF(REGEXMATCH(t,"":""), VALUE(LEFT(t, FIND("":"",t)-1))*60 + VALUE(MID(t, FIND("":"",t)+1, 99)), VALUE(SUBSTITUTE(t,"","",""."")))), INT(1000*(baseSec/tSec)^3) )"),733.0)
A67: F | B67: 100 Free | C67: 19 | D67: 3 | E67: 55.16 | F67: =IFERROR(__xludf.DUMMYFUNCTION("IF( REGEXMATCH(E67, "":""), 60*VALUE(INDEX(SPLIT(E67, "":""),1,1)) + VALUE(INDEX(SPLIT(E67, "":""),1,2)), VALUE(E67) )"),55.16) | G67: =average(F62-F65,F63-F66,F64-F67) | H67: 0.37 | I67: =C56 | J67: =C73 | K67: {=INDEX('Podium Target Times'!$C:$C, MATCH(A67&B67, 'Podium Target Times'!$A:$A&'Podium Target Times'!$B:$B, 0))} | L67: =L68+G68 | M67: =TEXT(L67/86400, "mm:ss.00") | N67: =IFERROR(__xludf.DUMMYFUNCTION("LET( gen,$A67, ev,$B67, t,$M67, hdrs, ARRAYFORMULA(UPPER(TRIM(CLEAN(SUBSTITUTE('AQUA POINTS'!$1:$1,CHAR(160),"" ""))))), col, MATCH(UPPER(ev), hdrs, 0), base, INDEX('AQUA POINTS'!$1:$3, IF(gen=""M"",2,3), col), baseSec, IF(ISNUMBER(base), IF(ba"&"se<1, base*86400, base), IF(REGEXMATCH(base,"":""), VALUE(LEFT(base, FIND("":"",base)-1))*60 + VALUE(MID(base, FIND("":"",base)+1, 99)), VALUE(SUBSTITUTE(base,"","",""."")))), tSec, IF(ISNUMBER(t), IF(t<1, t*86400, t), "&" IF(REGEXMATCH(t,"":""), VALUE(LEFT(t, FIND("":"",t)-1))*60 + VALUE(MID(t, FIND("":"",t)+1, 99)), VALUE(SUBSTITUTE(t,"","",""."")))), INT(1000*(baseSec/tSec)^3) )"),733.0)
A68: F | B68: 100 Free | C68: 20 | D68: 2 | E68: 54.53 | F68: =IFERROR(__xludf.DUMMYFUNCTION("IF( REGEXMATCH(E68, "":""), 60*VALUE(INDEX(SPLIT(E68, "":""),1,1)) + VALUE(INDEX(SPLIT(E68, "":""),1,2)), VALUE(E68) )"),54.53) | G68: =average(F66-F68,F67-F69) | H68: 0.325 | I68: =C56 | J68: =C73 | K68: {=INDEX('Podium Target Times'!$C:$C, MATCH(A68&B68, 'Podium Target Times'!$A:$A&'Podium Target Times'!$B:$B, 0))} | L68: =L70+G70 | M68: =TEXT(L68/86400, "mm:ss.00") | N68: =IFERROR(__xludf.DUMMYFUNCTION("LET( gen,$A68, ev,$B68, t,$M68, hdrs, ARRAYFORMULA(UPPER(TRIM(CLEAN(SUBSTITUTE('AQUA POINTS'!$1:$1,CHAR(160),"" ""))))), col, MATCH(UPPER(ev), hdrs, 0), base, INDEX('AQUA POINTS'!$1:$3, IF(gen=""M"",2,3), col), baseSec, IF(ISNUMBER(base), IF(ba"&"se<1, base*86400, base), IF(REGEXMATCH(base,"":""), VALUE(LEFT(base, FIND("":"",base)-1))*60 + VALUE(MID(base, FIND("":"",base)+1, 99)), VALUE(SUBSTITUTE(base,"","",""."")))), tSec, IF(ISNUMBER(t), IF(t<1, t*86400, t), "&" IF(REGEXMATCH(t,"":""), VALUE(LEFT(t, FIND("":"",t)-1))*60 + VALUE(MID(t, FIND("":"",t)+1, 99)), VALUE(SUBSTITUTE(t,"","",""."")))), INT(1000*(baseSec/tSec)^3) )"),746.0)
A69: F | B69: 100 Free | C69: 20 | D69: 3 | E69: 54.83 | F69: =IFERROR(__xludf.DUMMYFUNCTION("IF( REGEXMATCH(E69, "":""), 60*VALUE(INDEX(SPLIT(E69, "":""),1,1)) + VALUE(INDEX(SPLIT(E69, "":""),1,2)), VALUE(E69) )"),54.83) | G69: =average(F66-F68,F67-F69) | H69: 0.325 | I69: =C56 | J69: =C73 | K69: {=INDEX('Podium Target Times'!$C:$C, MATCH(A69&B69, 'Podium Target Times'!$A:$A&'Podium Target Times'!$B:$B, 0))} | L69: =L70+G70 | M69: =TEXT(L69/86400, "mm:ss.00") | N69: =IFERROR(__xludf.DUMMYFUNCTION("LET( gen,$A69, ev,$B69, t,$M69, hdrs, ARRAYFORMULA(UPPER(TRIM(CLEAN(SUBSTITUTE('AQUA POINTS'!$1:$1,CHAR(160),"" ""))))), col, MATCH(UPPER(ev), hdrs, 0), base, INDEX('AQUA POINTS'!$1:$3, IF(gen=""M"",2,3), col), baseSec, IF(ISNUMBER(base), IF(ba"&"se<1, base*86400, base), IF(REGEXMATCH(base,"":""), VALUE(LEFT(base, FIND("":"",base)-1))*60 + VALUE(MID(base, FIND("":"",base)+1, 99)), VALUE(SUBSTITUTE(base,"","",""."")))), tSec, IF(ISNUMBER(t), IF(t<1, t*86400, t), "&" IF(REGEXMATCH(t,"":""), VALUE(LEFT(t, FIND("":"",t)-1))*60 + VALUE(MID(t, FIND("":"",t)+1, 99)), VALUE(SUBSTITUTE(t,"","",""."")))), INT(1000*(baseSec/tSec)^3) )"),746.0)
A70: F | B70: 100 Free | C70: 21 | D70: 2 | E70: 54.25 | F70: =IFERROR(__xludf.DUMMYFUNCTION("IF( REGEXMATCH(E70, "":""), 60*VALUE(INDEX(SPLIT(E70, "":""),1,1)) + VALUE(INDEX(SPLIT(E70, "":""),1,2)), VALUE(E70) )"),54.25) | G70: =average(F68-F70,F69-F71) | H70: 0.28 | I70: =C56 | J70: =C73 | K70: {=INDEX('Podium Target Times'!$C:$C, MATCH(A70&B70, 'Podium Target Times'!$A:$A&'Podium Target Times'!$B:$B, 0))} | L70: =L72+G72 | M70: =TEXT(L70/86400, "mm:ss.00") | N70: =IFERROR(__xludf.DUMMYFUNCTION("LET( gen,$A70, ev,$B70, t,$M70, hdrs, ARRAYFORMULA(UPPER(TRIM(CLEAN(SUBSTITUTE('AQUA POINTS'!$1:$1,CHAR(160),"" ""))))), col, MATCH(UPPER(ev), hdrs, 0), base, INDEX('AQUA POINTS'!$1:$3, IF(gen=""M"",2,3), col), baseSec, IF(ISNUMBER(base), IF(ba"&"se<1, base*86400, base), IF(REGEXMATCH(base,"":""), VALUE(LEFT(base, FIND("":"",base)-1))*60 + VALUE(MID(base, FIND("":"",base)+1, 99)), VALUE(SUBSTITUTE(base,"","",""."")))), tSec, IF(ISNUMBER(t), IF(t<1, t*86400, t), "&" IF(REGEXMATCH(t,"":""), VALUE(LEFT(t, FIND("":"",t)-1))*60 + VALUE(MID(t, FIND("":"",t)+1, 99)), VALUE(SUBSTITUTE(t,"","",""."")))), INT(1000*(baseSec/tSec)^3) )"),757.0)
A71: F | B71: 100 Free | C71: 21 | D71: 3 | E71: 54.55 | F71: =IFERROR(__xludf.DUMMYFUNCTION("IF( REGEXMATCH(E71, "":""), 60*VALUE(INDEX(SPLIT(E71, "":""),1,1)) + VALUE(INDEX(SPLIT(E71, "":""),1,2)), VALUE(E71) )"),54.55) | G71: =average(F68-F70,F69-F71) | H71: 0.28 | I71: =C56 | J71: =C73 | K71: {=INDEX('Podium Target Times'!$C:$C, MATCH(A71&B71, 'Podium Target Times'!$A:$A&'Podium Target Times'!$B:$B, 0))} | L71: =L72+G72 | M71: =TEXT(L71/86400, "mm:ss.00") | N71: =IFERROR(__xludf.DUMMYFUNCTION("LET( gen,$A71, ev,$B71, t,$M71, hdrs, ARRAYFORMULA(UPPER(TRIM(CLEAN(SUBSTITUTE('AQUA POINTS'!$1:$1,CHAR(160),"" ""))))), col, MATCH(UPPER(ev), hdrs, 0), base, INDEX('AQUA POINTS'!$1:$3, IF(gen=""M"",2,3), col), baseSec, IF(ISNUMBER(base), IF(ba"&"se<1, base*86400, base), IF(REGEXMATCH(base,"":""), VALUE(LEFT(base, FIND("":"",base)-1))*60 + VALUE(MID(base, FIND("":"",base)+1, 99)), VALUE(SUBSTITUTE(base,"","",""."")))), tSec, IF(ISNUMBER(t), IF(t<1, t*86400, t), "&" IF(REGEXMATCH(t,"":""), VALUE(LEFT(t, FIND("":"",t)-1))*60 + VALUE(MID(t, FIND("":"",t)+1, 99)), VALUE(SUBSTITUTE(t,"","",""."")))), INT(1000*(baseSec/tSec)^3) )"),757.0)
A72: F | B72: 100 Free | C72: 22 | D72: 3 | E72: 54.36 | F72: =IFERROR(__xludf.DUMMYFUNCTION("IF( REGEXMATCH(E72, "":""), 60*VALUE(INDEX(SPLIT(E72, "":""),1,1)) + VALUE(INDEX(SPLIT(E72, "":""),1,2)), VALUE(E72) )"),54.36) | G72: =F71-F72 | H72: 0.19 | I72: =C56 | J72: =C73 | K72: {=INDEX('Podium Target Times'!$C:$C, MATCH(A72&B72, 'Podium Target Times'!$A:$A&'Podium Target Times'!$B:$B, 0))} | L72: =L73+G73 | M72: =TEXT(L72/86400, "mm:ss.00") | N72: =IFERROR(__xludf.DUMMYFUNCTION("LET( gen,$A72, ev,$B72, t,$M72, hdrs, ARRAYFORMULA(UPPER(TRIM(CLEAN(SUBSTITUTE('AQUA POINTS'!$1:$1,CHAR(160),"" ""))))), col, MATCH(UPPER(ev), hdrs, 0), base, INDEX('AQUA POINTS'!$1:$3, IF(gen=""M"",2,3), col), baseSec, IF(ISNUMBER(base), IF(ba"&"se<1, base*86400, base), IF(REGEXMATCH(base,"":""), VALUE(LEFT(base, FIND("":"",base)-1))*60 + VALUE(MID(base, FIND("":"",base)+1, 99)), VALUE(SUBSTITUTE(base,"","",""."")))), tSec, IF(ISNUMBER(t), IF(t<1, t*86400, t), "&" IF(REGEXMATCH(t,"":""), VALUE(LEFT(t, FIND("":"",t)-1))*60 + VALUE(MID(t, FIND("":"",t)+1, 99)), VALUE(SUBSTITUTE(t,"","",""."")))), INT(1000*(baseSec/tSec)^3) )"),765.0)
A73: F | B73: 100 Free | C73: 23 | D73: 3 | E73: 54.25 | F73: =IFERROR(__xludf.DUMMYFUNCTION("IF( REGEXMATCH(E73, "":""), 60*VALUE(INDEX(SPLIT(E73, "":""),1,1)) + VALUE(INDEX(SPLIT(E73, "":""),1,2)), VALUE(E73) )"),54.25) | G73: =F72-F73 | H73: 0.11 | I73: =C56 | J73: =C73 | K73: {=INDEX('Podium Target Times'!$C:$C, MATCH(A73&B73, 'Podium Target Times'!$A:$A&'Podium Target Times'!$B:$B, 0))} | L73: =K73 | M73: =TEXT(L73/86400, "mm:ss.00") | N73: =IFERROR(__xludf.DUMMYFUNCTION("LET( gen,$A73, ev,$B73, t,$M73, hdrs, ARRAYFORMULA(UPPER(TRIM(CLEAN(SUBSTITUTE('AQUA POINTS'!$1:$1,CHAR(160),"" ""))))), col, MATCH(UPPER(ev), hdrs, 0), base, INDEX('AQUA POINTS'!$1:$3, IF(gen=""M"",2,3), col), baseSec, IF(ISNUMBER(base), IF(ba"&"se<1, base*86400, base), IF(REGEXMATCH(base,"":""), VALUE(LEFT(base, FIND("":"",base)-1))*60 + VALUE(MID(base, FIND("":"",base)+1, 99)), VALUE(SUBSTITUTE(base,"","",""."")))), tSec, IF(ISNUMBER(t), IF(t<1, t*86400, t), "&" IF(REGEXMATCH(t,"":""), VALUE(LEFT(t, FIND("":"",t)-1))*60 + VALUE(MID(t, FIND("":"",t)+1, 99)), VALUE(SUBSTITUTE(t,"","",""."")))), INT(1000*(baseSec/tSec)^3) )"),769.0)
A74: F | B74: 1500 Free | C74: 14 | D74: 1 | E74: 17:12.17 | F74: =IFERROR(__xludf.DUMMYFUNCTION("IF( REGEXMATCH(E74, "":""), 60*VALUE(INDEX(SPLIT(E74, "":""),1,1)) + VALUE(INDEX(SPLIT(E74, "":""),1,2)), VALUE(E74) )"),1032.17) | G74: 0 | H74: 0 | I74: =C74 | J74: =C91 | K74: {=INDEX('Podium Target Times'!$C:$C, MATCH(A74&B74, 'Podium Target Times'!$A:$A&'Podium Target Times'!$B:$B, 0))} | L74: =L75+G75 | M74: =TEXT(L74/86400, "mm:ss.00") | N74: =IFERROR(__xludf.DUMMYFUNCTION("LET( gen,$A74, ev,$B74, t,$M74, hdrs, ARRAYFORMULA(UPPER(TRIM(CLEAN(SUBSTITUTE('AQUA POINTS'!$1:$1,CHAR(160),"" ""))))), col, MATCH(UPPER(ev), hdrs, 0), base, INDEX('AQUA POINTS'!$1:$3, IF(gen=""M"",2,3), col), baseSec, IF(ISNUMBER(base), IF(ba"&"se<1, base*86400, base), IF(REGEXMATCH(base,"":""), VALUE(LEFT(base, FIND("":"",base)-1))*60 + VALUE(MID(base, FIND("":"",base)+1, 99)), VALUE(SUBSTITUTE(base,"","",""."")))), tSec, IF(ISNUMBER(t), IF(t<1, t*86400, t), "&" IF(REGEXMATCH(t,"":""), VALUE(LEFT(t, FIND("":"",t)-1))*60 + VALUE(MID(t, FIND("":"",t)+1, 99)), VALUE(SUBSTITUTE(t,"","",""."")))), INT(1000*(baseSec/tSec)^3) )"),615.0)
A75: F | B75: 1500 Free | C75: 15 | D75: 1 | E75: 16:52.17 | F75: =IFERROR(__xludf.DUMMYFUNCTION("IF( REGEXMATCH(E75, "":""), 60*VALUE(INDEX(SPLIT(E75, "":""),1,1)) + VALUE(INDEX(SPLIT(E75, "":""),1,2)), VALUE(E75) )"),1012.17) | G75: =F74-F75 | H75: 20 | I75: =C74 | J75: =C91 | K75: {=INDEX('Podium Target Times'!$C:$C, MATCH(A75&B75, 'Podium Target Times'!$A:$A&'Podium Target Times'!$B:$B, 0))} | L75: =L77+G77 | M75: =TEXT(L75/86400, "mm:ss.00") | N75: =IFERROR(__xludf.DUMMYFUNCTION("LET( gen,$A75, ev,$B75, t,$M75, hdrs, ARRAYFORMULA(UPPER(TRIM(CLEAN(SUBSTITUTE('AQUA POINTS'!$1:$1,CHAR(160),"" ""))))), col, MATCH(UPPER(ev), hdrs, 0), base, INDEX('AQUA POINTS'!$1:$3, IF(gen=""M"",2,3), col), baseSec, IF(ISNUMBER(base), IF(ba"&"se<1, base*86400, base), IF(REGEXMATCH(base,"":""), VALUE(LEFT(base, FIND("":"",base)-1))*60 + VALUE(MID(base, FIND("":"",base)+1, 99)), VALUE(SUBSTITUTE(base,"","",""."")))), tSec, IF(ISNUMBER(t), IF(t<1, t*86400, t), "&" IF(REGEXMATCH(t,"":""), VALUE(LEFT(t, FIND("":"",t)-1))*60 + VALUE(MID(t, FIND("":"",t)+1, 99)), VALUE(SUBSTITUTE(t,"","",""."")))), INT(1000*(baseSec/tSec)^3) )"),651.0)
A76: F | B76: 1500 Free | C76: 15 | D76: 2 | E76: 16:56.98 | F76: =IFERROR(__xludf.DUMMYFUNCTION("IF( REGEXMATCH(E76, "":""), 60*VALUE(INDEX(SPLIT(E76, "":""),1,1)) + VALUE(INDEX(SPLIT(E76, "":""),1,2)), VALUE(E76) )"),1016.98) | G76: =F74-F75 | H76: 20 | I76: =C74 | J76: =C91 | K76: {=INDEX('Podium Target Times'!$C:$C, MATCH(A76&B76, 'Podium Target Times'!$A:$A&'Podium Target Times'!$B:$B, 0))} | L76: =L77+G77 | M76: =TEXT(L76/86400, "mm:ss.00") | N76: =IFERROR(__xludf.DUMMYFUNCTION("LET( gen,$A76, ev,$B76, t,$M76, hdrs, ARRAYFORMULA(UPPER(TRIM(CLEAN(SUBSTITUTE('AQUA POINTS'!$1:$1,CHAR(160),"" ""))))), col, MATCH(UPPER(ev), hdrs, 0), base, INDEX('AQUA POINTS'!$1:$3, IF(gen=""M"",2,3), col), baseSec, IF(ISNUMBER(base), IF(ba"&"se<1, base*86400, base), IF(REGEXMATCH(base,"":""), VALUE(LEFT(base, FIND("":"",base)-1))*60 + VALUE(MID(base, FIND("":"",base)+1, 99)), VALUE(SUBSTITUTE(base,"","",""."")))), tSec, IF(ISNUMBER(t), IF(t<1, t*86400, t), "&" IF(REGEXMATCH(t,"":""), VALUE(LEFT(t, FIND("":"",t)-1))*60 + VALUE(MID(t, FIND("":"",t)+1, 99)), VALUE(SUBSTITUTE(t,"","",""."")))), INT(1000*(baseSec/tSec)^3) )"),651.0)
A77: F | B77: 1500 Free | C77: 16 | D77: 1 | E77: 16:38.19 | F77: =IFERROR(__xludf.DUMMYFUNCTION("IF( REGEXMATCH(E77, "":""), 60*VALUE(INDEX(SPLIT(E77, "":""),1,1)) + VALUE(INDEX(SPLIT(E77, "":""),1,2)), VALUE(E77) )"),998.19) | G77: =average(F75-F77,F76-F78) | H77: 14.01 | I77: =C74 | J77: =C91 | K77: {=INDEX('Podium Target Times'!$C:$C, MATCH(A77&B77, 'Podium Target Times'!$A:$A&'Podium Target Times'!$B:$B, 0))} | L77: =L80+G80 | M77: =TEXT(L77/86400, "mm:ss.00") | N77: =IFERROR(__xludf.DUMMYFUNCTION("LET( gen,$A77, ev,$B77, t,$M77, hdrs, ARRAYFORMULA(UPPER(TRIM(CLEAN(SUBSTITUTE('AQUA POINTS'!$1:$1,CHAR(160),"" ""))))), col, MATCH(UPPER(ev), hdrs, 0), base, INDEX('AQUA POINTS'!$1:$3, IF(gen=""M"",2,3), col), baseSec, IF(ISNUMBER(base), IF(ba"&"se<1, base*86400, base), IF(REGEXMATCH(base,"":""), VALUE(LEFT(base, FIND("":"",base)-1))*60 + VALUE(MID(base, FIND("":"",base)+1, 99)), VALUE(SUBSTITUTE(base,"","",""."")))), tSec, IF(ISNUMBER(t), IF(t<1, t*86400, t), "&" IF(REGEXMATCH(t,"":""), VALUE(LEFT(t, FIND("":"",t)-1))*60 + VALUE(MID(t, FIND("":"",t)+1, 99)), VALUE(SUBSTITUTE(t,"","",""."")))), INT(1000*(baseSec/tSec)^3) )"),677.0)
A78: F | B78: 1500 Free | C78: 16 | D78: 2 | E78: 16:42.94 | F78: =IFERROR(__xludf.DUMMYFUNCTION("IF( REGEXMATCH(E78, "":""), 60*VALUE(INDEX(SPLIT(E78, "":""),1,1)) + VALUE(INDEX(SPLIT(E78, "":""),1,2)), VALUE(E78) )"),1002.94) | G78: =average(F75-F77,F76-F78) | H78: 14.01 | I78: =C74 | J78: =C91 | K78: {=INDEX('Podium Target Times'!$C:$C, MATCH(A78&B78, 'Podium Target Times'!$A:$A&'Podium Target Times'!$B:$B, 0))} | L78: =L80+G80 | M78: =TEXT(L78/86400, "mm:ss.00") | N78: =IFERROR(__xludf.DUMMYFUNCTION("LET( gen,$A78, ev,$B78, t,$M78, hdrs, ARRAYFORMULA(UPPER(TRIM(CLEAN(SUBSTITUTE('AQUA POINTS'!$1:$1,CHAR(160),"" ""))))), col, MATCH(UPPER(ev), hdrs, 0), base, INDEX('AQUA POINTS'!$1:$3, IF(gen=""M"",2,3), col), baseSec, IF(ISNUMBER(base), IF(ba"&"se<1, base*86400, base), IF(REGEXMATCH(base,"":""), VALUE(LEFT(base, FIND("":"",base)-1))*60 + VALUE(MID(base, FIND("":"",base)+1, 99)), VALUE(SUBSTITUTE(base,"","",""."")))), tSec, IF(ISNUMBER(t), IF(t<1, t*86400, t), "&" IF(REGEXMATCH(t,"":""), VALUE(LEFT(t, FIND("":"",t)-1))*60 + VALUE(MID(t, FIND("":"",t)+1, 99)), VALUE(SUBSTITUTE(t,"","",""."")))), INT(1000*(baseSec/tSec)^3) )"),677.0)
A79: F | B79: 1500 Free | C79: 16 | D79: 3 | E79: 16:45.20 | F79: =IFERROR(__xludf.DUMMYFUNCTION("IF( REGEXMATCH(E79, "":""), 60*VALUE(INDEX(SPLIT(E79, "":""),1,1)) + VALUE(INDEX(SPLIT(E79, "":""),1,2)), VALUE(E79) )"),1005.2) | G79: =average(F75-F77,F76-F78) | H79: 14.01 | I79: =C74 | J79: =C91 | K79: {=INDEX('Podium Target Times'!$C:$C, MATCH(A79&B79, 'Podium Target Times'!$A:$A&'Podium Target Times'!$B:$B, 0))} | L79: =L80+G80 | M79: =TEXT(L79/86400, "mm:ss.00") | N79: =IFERROR(__xludf.DUMMYFUNCTION("LET( gen,$A79, ev,$B79, t,$M79, hdrs, ARRAYFORMULA(UPPER(TRIM(CLEAN(SUBSTITUTE('AQUA POINTS'!$1:$1,CHAR(160),"" ""))))), col, MATCH(UPPER(ev), hdrs, 0), base, INDEX('AQUA POINTS'!$1:$3, IF(gen=""M"",2,3), col), baseSec, IF(ISNUMBER(base), IF(ba"&"se<1, base*86400, base), IF(REGEXMATCH(base,"":""), VALUE(LEFT(base, FIND("":"",base)-1))*60 + VALUE(MID(base, FIND("":"",base)+1, 99)), VALUE(SUBSTITUTE(base,"","",""."")))), tSec, IF(ISNUMBER(t), IF(t<1, t*86400, t), "&" IF(REGEXMATCH(t,"":""), VALUE(LEFT(t, FIND("":"",t)-1))*60 + VALUE(MID(t, FIND("":"",t)+1, 99)), VALUE(SUBSTITUTE(t,"","",""."")))), INT(1000*(baseSec/tSec)^3) )"),677.0)
A80: F | B80: 1500 Free | C80: 17 | D80: 1 | E80: 16:29.65 | F80: =IFERROR(__xludf.DUMMYFUNCTION("IF( REGEXMATCH(E80, "":""), 60*VALUE(INDEX(SPLIT(E80, "":""),1,1)) + VALUE(INDEX(SPLIT(E80, "":""),1,2)), VALUE(E80) )"),989.65) | G80: =average(F77-F80,F78-F81,F79-F82) | H80: 8.5733333 | I80: =C74 | J80: =C91 | K80: {=INDEX('Podium Target Times'!$C:$C, MATCH(A80&B80, 'Podium Target Times'!$A:$A&'Podium Target Times'!$B:$B, 0))} | L80: =L83+G83 | M80: =TEXT(L80/86400, "mm:ss.00") | N80: =IFERROR(__xludf.DUMMYFUNCTION("LET( gen,$A80, ev,$B80, t,$M80, hdrs, ARRAYFORMULA(UPPER(TRIM(CLEAN(SUBSTITUTE('AQUA POINTS'!$1:$1,CHAR(160),"" ""))))), col, MATCH(UPPER(ev), hdrs, 0), base, INDEX('AQUA POINTS'!$1:$3, IF(gen=""M"",2,3), col), baseSec, IF(ISNUMBER(base), IF(ba"&"se<1, base*86400, base), IF(REGEXMATCH(base,"":""), VALUE(LEFT(base, FIND("":"",base)-1))*60 + VALUE(MID(base, FIND("":"",base)+1, 99)), VALUE(SUBSTITUTE(base,"","",""."")))), tSec, IF(ISNUMBER(t), IF(t<1, t*86400, t), "&" IF(REGEXMATCH(t,"":""), VALUE(LEFT(t, FIND("":"",t)-1))*60 + VALUE(MID(t, FIND("":"",t)+1, 99)), VALUE(SUBSTITUTE(t,"","",""."")))), INT(1000*(baseSec/tSec)^3) )"),694.0)
A81: F | B81: 1500 Free | C81: 17 | D81: 2 | E81: 16:34.36 | F81: =IFERROR(__xludf.DUMMYFUNCTION("IF( REGEXMATCH(E81, "":""), 60*VALUE(INDEX(SPLIT(E81, "":""),1,1)) + VALUE(INDEX(SPLIT(E81, "":""),1,2)), VALUE(E81) )"),994.36) | G81: =average(F77-F80,F78-F81,F79-F82) | H81: 8.5733333 | I81: =C74 | J81: =C91 | K81: {=INDEX('Podium Target Times'!$C:$C, MATCH(A81&B81, 'Podium Target Times'!$A:$A&'Podium Target Times'!$B:$B, 0))} | L81: =L83+G83 | M81: =TEXT(L81/86400, "mm:ss.00") | N81: =IFERROR(__xludf.DUMMYFUNCTION("LET( gen,$A81, ev,$B81, t,$M81, hdrs, ARRAYFORMULA(UPPER(TRIM(CLEAN(SUBSTITUTE('AQUA POINTS'!$1:$1,CHAR(160),"" ""))))), col, MATCH(UPPER(ev), hdrs, 0), base, INDEX('AQUA POINTS'!$1:$3, IF(gen=""M"",2,3), col), baseSec, IF(ISNUMBER(base), IF(ba"&"se<1, base*86400, base), IF(REGEXMATCH(base,"":""), VALUE(LEFT(base, FIND("":"",base)-1))*60 + VALUE(MID(base, FIND("":"",base)+1, 99)), VALUE(SUBSTITUTE(base,"","",""."")))), tSec, IF(ISNUMBER(t), IF(t<1, t*86400, t), "&" IF(REGEXMATCH(t,"":""), VALUE(LEFT(t, FIND("":"",t)-1))*60 + VALUE(MID(t, FIND("":"",t)+1, 99)), VALUE(SUBSTITUTE(t,"","",""."")))), INT(1000*(baseSec/tSec)^3) )"),694.0)
A82: F | B82: 1500 Free | C82: 17 | D82: 3 | E82: 16:36.60 | F82: =IFERROR(__xludf.DUMMYFUNCTION("IF( REGEXMATCH(E82, "":""), 60*VALUE(INDEX(SPLIT(E82, "":""),1,1)) + VALUE(INDEX(SPLIT(E82, "":""),1,2)), VALUE(E82) )"),996.6) | G82: =average(F77-F80,F78-F81,F79-F82) | H82: 8.5733333 | I82: =C74 | J82: =C91 | K82: {=INDEX('Podium Target Times'!$C:$C, MATCH(A82&B82, 'Podium Target Times'!$A:$A&'Podium Target Times'!$B:$B, 0))} | L82: =L83+G83 | M82: =TEXT(L82/86400, "mm:ss.00") | N82: =IFERROR(__xludf.DUMMYFUNCTION("LET( gen,$A82, ev,$B82, t,$M82, hdrs, ARRAYFORMULA(UPPER(TRIM(CLEAN(SUBSTITUTE('AQUA POINTS'!$1:$1,CHAR(160),"" ""))))), col, MATCH(UPPER(ev), hdrs, 0), base, INDEX('AQUA POINTS'!$1:$3, IF(gen=""M"",2,3), col), baseSec, IF(ISNUMBER(base), IF(ba"&"se<1, base*86400, base), IF(REGEXMATCH(base,"":""), VALUE(LEFT(base, FIND("":"",base)-1))*60 + VALUE(MID(base, FIND("":"",base)+1, 99)), VALUE(SUBSTITUTE(base,"","",""."")))), tSec, IF(ISNUMBER(t), IF(t<1, t*86400, t), "&" IF(REGEXMATCH(t,"":""), VALUE(LEFT(t, FIND("":"",t)-1))*60 + VALUE(MID(t, FIND("":"",t)+1, 99)), VALUE(SUBSTITUTE(t,"","",""."")))), INT(1000*(baseSec/tSec)^3) )"),694.0)
A83: F | B83: 1500 Free | C83: 18 | D83: 1 | E83: 16:24.56 | F83: =IFERROR(__xludf.DUMMYFUNCTION("IF( REGEXMATCH(E83, "":""), 60*VALUE(INDEX(SPLIT(E83, "":""),1,1)) + VALUE(INDEX(SPLIT(E83, "":""),1,2)), VALUE(E83) )"),984.56) | G83: =average(F80-F83,F81-F84,F82-F85) | H83: 5.1133333 | I83: =C74 | J83: =C91 | K83: {=INDEX('Podium Target Times'!$C:$C, MATCH(A83&B83, 'Podium Target Times'!$A:$A&'Podium Target Times'!$B:$B, 0))} | L83: =L86+G86 | M83: =TEXT(L83/86400, "mm:ss.00") | N83: =IFERROR(__xludf.DUMMYFUNCTION("LET( gen,$A83, ev,$B83, t,$M83, hdrs, ARRAYFORMULA(UPPER(TRIM(CLEAN(SUBSTITUTE('AQUA POINTS'!$1:$1,CHAR(160),"" ""))))), col, MATCH(UPPER(ev), hdrs, 0), base, INDEX('AQUA POINTS'!$1:$3, IF(gen=""M"",2,3), col), baseSec, IF(ISNUMBER(base), IF(ba"&"se<1, base*86400, base), IF(REGEXMATCH(base,"":""), VALUE(LEFT(base, FIND("":"",base)-1))*60 + VALUE(MID(base, FIND("":"",base)+1, 99)), VALUE(SUBSTITUTE(base,"","",""."")))), tSec, IF(ISNUMBER(t), IF(t<1, t*86400, t), "&" IF(REGEXMATCH(t,"":""), VALUE(LEFT(t, FIND("":"",t)-1))*60 + VALUE(MID(t, FIND("":"",t)+1, 99)), VALUE(SUBSTITUTE(t,"","",""."")))), INT(1000*(baseSec/tSec)^3) )"),704.0)
A84: F | B84: 1500 Free | C84: 18 | D84: 2 | E84: 16:29.24 | F84: =IFERROR(__xludf.DUMMYFUNCTION("IF( REGEXMATCH(E84, "":""), 60*VALUE(INDEX(SPLIT(E84, "":""),1,1)) + VALUE(INDEX(SPLIT(E84, "":""),1,2)), VALUE(E84) )"),989.24) | G84: =average(F80-F83,F81-F84,F82-F85) | H84: 5.1133333 | I84: =C74 | J84: =C91 | K84: {=INDEX('Podium Target Times'!$C:$C, MATCH(A84&B84, 'Podium Target Times'!$A:$A&'Podium Target Times'!$B:$B, 0))} | L84: =L86+G86 | M84: =TEXT(L84/86400, "mm:ss.00") | N84: =IFERROR(__xludf.DUMMYFUNCTION("LET( gen,$A84, ev,$B84, t,$M84, hdrs, ARRAYFORMULA(UPPER(TRIM(CLEAN(SUBSTITUTE('AQUA POINTS'!$1:$1,CHAR(160),"" ""))))), col, MATCH(UPPER(ev), hdrs, 0), base, INDEX('AQUA POINTS'!$1:$3, IF(gen=""M"",2,3), col), baseSec, IF(ISNUMBER(base), IF(ba"&"se<1, base*86400, base), IF(REGEXMATCH(base,"":""), VALUE(LEFT(base, FIND("":"",base)-1))*60 + VALUE(MID(base, FIND("":"",base)+1, 99)), VALUE(SUBSTITUTE(base,"","",""."")))), tSec, IF(ISNUMBER(t), IF(t<1, t*86400, t), "&" IF(REGEXMATCH(t,"":""), VALUE(LEFT(t, FIND("":"",t)-1))*60 + VALUE(MID(t, FIND("":"",t)+1, 99)), VALUE(SUBSTITUTE(t,"","",""."")))), INT(1000*(baseSec/tSec)^3) )"),704.0)
A85: F | B85: 1500 Free | C85: 18 | D85: 3 | E85: 16:31.47 | F85: =IFERROR(__xludf.DUMMYFUNCTION("IF( REGEXMATCH(E85, "":""), 60*VALUE(INDEX(SPLIT(E85, "":""),1,1)) + VALUE(INDEX(SPLIT(E85, "":""),1,2)), VALUE(E85) )"),991.47) | G85: =average(F80-F83,F81-F84,F82-F85) | H85: 5.1133333 | I85: =C74 | J85: =C91 | K85: {=INDEX('Podium Target Times'!$C:$C, MATCH(A85&B85, 'Podium Target Times'!$A:$A&'Podium Target Times'!$B:$B, 0))} | L85: =L86+G86 | M85: =TEXT(L85/86400, "mm:ss.00") | N85: =IFERROR(__xludf.DUMMYFUNCTION("LET( gen,$A85, ev,$B85, t,$M85, hdrs, ARRAYFORMULA(UPPER(TRIM(CLEAN(SUBSTITUTE('AQUA POINTS'!$1:$1,CHAR(160),"" ""))))), col, MATCH(UPPER(ev), hdrs, 0), base, INDEX('AQUA POINTS'!$1:$3, IF(gen=""M"",2,3), col), baseSec, IF(ISNUMBER(base), IF(ba"&"se<1, base*86400, base), IF(REGEXMATCH(base,"":""), VALUE(LEFT(base, FIND("":"",base)-1))*60 + VALUE(MID(base, FIND("":"",base)+1, 99)), VALUE(SUBSTITUTE(base,"","",""."")))), tSec, IF(ISNUMBER(t), IF(t<1, t*86400, t), "&" IF(REGEXMATCH(t,"":""), VALUE(LEFT(t, FIND("":"",t)-1))*60 + VALUE(MID(t, FIND("":"",t)+1, 99)), VALUE(SUBSTITUTE(t,"","",""."")))), INT(1000*(baseSec/tSec)^3) )"),704.0)
A86: F | B86: 1500 Free | C86: 19 | D86: 2 | E86: 16:26.24 | F86: =IFERROR(__xludf.DUMMYFUNCTION("IF( REGEXMATCH(E86, "":""), 60*VALUE(INDEX(SPLIT(E86, "":""),1,1)) + VALUE(INDEX(SPLIT(E86, "":""),1,2)), VALUE(E86) )"),986.24) | G86: =average(F84-F86,F85-F87) | H86: 3.005 | I86: =C74 | J86: =C91 | K86: {=INDEX('Podium Target Times'!$C:$C, MATCH(A86&B86, 'Podium Target Times'!$A:$A&'Podium Target Times'!$B:$B, 0))} | L86: =L88+G88 | M86: =TEXT(L86/86400, "mm:ss.00") | N86: =IFERROR(__xludf.DUMMYFUNCTION("LET( gen,$A86, ev,$B86, t,$M86, hdrs, ARRAYFORMULA(UPPER(TRIM(CLEAN(SUBSTITUTE('AQUA POINTS'!$1:$1,CHAR(160),"" ""))))), col, MATCH(UPPER(ev), hdrs, 0), base, INDEX('AQUA POINTS'!$1:$3, IF(gen=""M"",2,3), col), baseSec, IF(ISNUMBER(base), IF(ba"&"se<1, base*86400, base), IF(REGEXMATCH(base,"":""), VALUE(LEFT(base, FIND("":"",base)-1))*60 + VALUE(MID(base, FIND("":"",base)+1, 99)), VALUE(SUBSTITUTE(base,"","",""."")))), tSec, IF(ISNUMBER(t), IF(t<1, t*86400, t), "&" IF(REGEXMATCH(t,"":""), VALUE(LEFT(t, FIND("":"",t)-1))*60 + VALUE(MID(t, FIND("":"",t)+1, 99)), VALUE(SUBSTITUTE(t,"","",""."")))), INT(1000*(baseSec/tSec)^3) )"),710.0)
A87: F | B87: 1500 Free | C87: 19 | D87: 3 | E87: 16:28.46 | F87: =IFERROR(__xludf.DUMMYFUNCTION("IF( REGEXMATCH(E87, "":""), 60*VALUE(INDEX(SPLIT(E87, "":""),1,1)) + VALUE(INDEX(SPLIT(E87, "":""),1,2)), VALUE(E87) )"),988.46) | G87: =average(F84-F86,F85-F87) | H87: 3.005 | I87: =C74 | J87: =C91 | K87: {=INDEX('Podium Target Times'!$C:$C, MATCH(A87&B87, 'Podium Target Times'!$A:$A&'Podium Target Times'!$B:$B, 0))} | L87: =L88+G88 | M87: =TEXT(L87/86400, "mm:ss.00") | N87: =IFERROR(__xludf.DUMMYFUNCTION("LET( gen,$A87, ev,$B87, t,$M87, hdrs, ARRAYFORMULA(UPPER(TRIM(CLEAN(SUBSTITUTE('AQUA POINTS'!$1:$1,CHAR(160),"" ""))))), col, MATCH(UPPER(ev), hdrs, 0), base, INDEX('AQUA POINTS'!$1:$3, IF(gen=""M"",2,3), col), baseSec, IF(ISNUMBER(base), IF(ba"&"se<1, base*86400, base), IF(REGEXMATCH(base,"":""), VALUE(LEFT(base, FIND("":"",base)-1))*60 + VALUE(MID(base, FIND("":"",base)+1, 99)), VALUE(SUBSTITUTE(base,"","",""."")))), tSec, IF(ISNUMBER(t), IF(t<1, t*86400, t), "&" IF(REGEXMATCH(t,"":""), VALUE(LEFT(t, FIND("":"",t)-1))*60 + VALUE(MID(t, FIND("":"",t)+1, 99)), VALUE(SUBSTITUTE(t,"","",""."")))), INT(1000*(baseSec/tSec)^3) )"),710.0)
A88: F | B88: 1500 Free | C88: 20 | D88: 2 | E88: 16:24.56 | F88: =IFERROR(__xludf.DUMMYFUNCTION("IF( REGEXMATCH(E88, "":""), 60*VALUE(INDEX(SPLIT(E88, "":""),1,1)) + VALUE(INDEX(SPLIT(E88, "":""),1,2)), VALUE(E88) )"),984.56) | G88: =average(F86-F88,F87-F89) | H88: 1.68 | I88: =C74 | J88: =C91 | K88: {=INDEX('Podium Target Times'!$C:$C, MATCH(A88&B88, 'Podium Target Times'!$A:$A&'Podium Target Times'!$B:$B, 0))} | L88: =L90+G90 | M88: =TEXT(L88/86400, "mm:ss.00") | N88: =IFERROR(__xludf.DUMMYFUNCTION("LET( gen,$A88, ev,$B88, t,$M88, hdrs, ARRAYFORMULA(UPPER(TRIM(CLEAN(SUBSTITUTE('AQUA POINTS'!$1:$1,CHAR(160),"" ""))))), col, MATCH(UPPER(ev), hdrs, 0), base, INDEX('AQUA POINTS'!$1:$3, IF(gen=""M"",2,3), col), baseSec, IF(ISNUMBER(base), IF(ba"&"se<1, base*86400, base), IF(REGEXMATCH(base,"":""), VALUE(LEFT(base, FIND("":"",base)-1))*60 + VALUE(MID(base, FIND("":"",base)+1, 99)), VALUE(SUBSTITUTE(base,"","",""."")))), tSec, IF(ISNUMBER(t), IF(t<1, t*86400, t), "&" IF(REGEXMATCH(t,"":""), VALUE(LEFT(t, FIND("":"",t)-1))*60 + VALUE(MID(t, FIND("":"",t)+1, 99)), VALUE(SUBSTITUTE(t,"","",""."")))), INT(1000*(baseSec/tSec)^3) )"),714.0)
A89: F | B89: 1500 Free | C89: 20 | D89: 3 | E89: 16:26.78 | F89: =IFERROR(__xludf.DUMMYFUNCTION("IF( REGEXMATCH(E89, "":""), 60*VALUE(INDEX(SPLIT(E89, "":""),1,1)) + VALUE(INDEX(SPLIT(E89, "":""),1,2)), VALUE(E89) )"),986.78) | G89: =average(F86-F88,F87-F89) | H89: 1.68 | I89: =C74 | J89: =C91 | K89: {=INDEX('Podium Target Times'!$C:$C, MATCH(A89&B89, 'Podium Target Times'!$A:$A&'Podium Target Times'!$B:$B, 0))} | L89: =L90+G90 | M89: =TEXT(L89/86400, "mm:ss.00") | N89: =IFERROR(__xludf.DUMMYFUNCTION("LET( gen,$A89, ev,$B89, t,$M89, hdrs, ARRAYFORMULA(UPPER(TRIM(CLEAN(SUBSTITUTE('AQUA POINTS'!$1:$1,CHAR(160),"" ""))))), col, MATCH(UPPER(ev), hdrs, 0), base, INDEX('AQUA POINTS'!$1:$3, IF(gen=""M"",2,3), col), baseSec, IF(ISNUMBER(base), IF(ba"&"se<1, base*86400, base), IF(REGEXMATCH(base,"":""), VALUE(LEFT(base, FIND("":"",base)-1))*60 + VALUE(MID(base, FIND("":"",base)+1, 99)), VALUE(SUBSTITUTE(base,"","",""."")))), tSec, IF(ISNUMBER(t), IF(t<1, t*86400, t), "&" IF(REGEXMATCH(t,"":""), VALUE(LEFT(t, FIND("":"",t)-1))*60 + VALUE(MID(t, FIND("":"",t)+1, 99)), VALUE(SUBSTITUTE(t,"","",""."")))), INT(1000*(baseSec/tSec)^3) )"),714.0)
A90: F | B90: 1500 Free | C90: 21 | D90: 3 | E90: 16:25.53 | F90: =IFERROR(__xludf.DUMMYFUNCTION("IF( REGEXMATCH(E90, "":""), 60*VALUE(INDEX(SPLIT(E90, "":""),1,1)) + VALUE(INDEX(SPLIT(E90, "":""),1,2)), VALUE(E90) )"),985.53) | G90: =F89-F90 | H90: 1.25 | I90: =C74 | J90: =C91 | K90: {=INDEX('Podium Target Times'!$C:$C, MATCH(A90&B90, 'Podium Target Times'!$A:$A&'Podium Target Times'!$B:$B, 0))} | L90: =L91+G91 | M90: =TEXT(L90/86400, "mm:ss.00") | N90: =IFERROR(__xludf.DUMMYFUNCTION("LET( gen,$A90, ev,$B90, t,$M90, hdrs, ARRAYFORMULA(UPPER(TRIM(CLEAN(SUBSTITUTE('AQUA POINTS'!$1:$1,CHAR(160),"" ""))))), col, MATCH(UPPER(ev), hdrs, 0), base, INDEX('AQUA POINTS'!$1:$3, IF(gen=""M"",2,3), col), baseSec, IF(ISNUMBER(base), IF(ba"&"se<1, base*86400, base), IF(REGEXMATCH(base,"":""), VALUE(LEFT(base, FIND("":"",base)-1))*60 + VALUE(MID(base, FIND("":"",base)+1, 99)), VALUE(SUBSTITUTE(base,"","",""."")))), tSec, IF(ISNUMBER(t), IF(t<1, t*86400, t), "&" IF(REGEXMATCH(t,"":""), VALUE(LEFT(t, FIND("":"",t)-1))*60 + VALUE(MID(t, FIND("":"",t)+1, 99)), VALUE(SUBSTITUTE(t,"","",""."")))), INT(1000*(baseSec/tSec)^3) )"),717.0)
A91: F | B91: 1500 Free | C91: 22 | D91: 3 | E91: 16:24.56 | F91: =IFERROR(__xludf.DUMMYFUNCTION("IF( REGEXMATCH(E91, "":""), 60*VALUE(INDEX(SPLIT(E91, "":""),1,1)) + VALUE(INDEX(SPLIT(E91, "":""),1,2)), VALUE(E91) )"),984.56) | G91: =F90-F91 | H91: 0.97 | I91: =C74 | J91: =C91 | K91: {=INDEX('Podium Target Times'!$C:$C, MATCH(A91&B91, 'Podium Target Times'!$A:$A&'Podium Target Times'!$B:$B, 0))} | L91: =K91 | M91: =TEXT(L91/86400, "mm:ss.00") | N91: =IFERROR(__xludf.DUMMYFUNCTION("LET( gen,$A91, ev,$B91, t,$M91, hdrs, ARRAYFORMULA(UPPER(TRIM(CLEAN(SUBSTITUTE('AQUA POINTS'!$1:$1,CHAR(160),"" ""))))), col, MATCH(UPPER(ev), hdrs, 0), base, INDEX('AQUA POINTS'!$1:$3, IF(gen=""M"",2,3), col), baseSec, IF(ISNUMBER(base), IF(ba"&"se<1, base*86400, base), IF(REGEXMATCH(base,"":""), VALUE(LEFT(base, FIND("":"",base)-1))*60 + VALUE(MID(base, FIND("":"",base)+1, 99)), VALUE(SUBSTITUTE(base,"","",""."")))), tSec, IF(ISNUMBER(t), IF(t<1, t*86400, t), "&" IF(REGEXMATCH(t,"":""), VALUE(LEFT(t, FIND("":"",t)-1))*60 + VALUE(MID(t, FIND("":"",t)+1, 99)), VALUE(SUBSTITUTE(t,"","",""."")))), INT(1000*(baseSec/tSec)^3) )"),719.0)
A92: F | B92: 200 Back | C92: 13 | D92: 1 | E92: 2:23.84 | F92: =IFERROR(__xludf.DUMMYFUNCTION("IF( REGEXMATCH(E92, "":""), 60*VALUE(INDEX(SPLIT(E92, "":""),1,1)) + VALUE(INDEX(SPLIT(E92, "":""),1,2)), VALUE(E92) )"),143.84) | G92: 0 | H92: 0 | I92: =C92 | J92: =C109 | K92: {=INDEX('Podium Target Times'!$C:$C, MATCH(A92&B92, 'Podium Target Times'!$A:$A&'Podium Target Times'!$B:$B, 0))} | L92: =L93+G93 | M92: =TEXT(L92/86400, "mm:ss.00") | N92: =IFERROR(__xludf.DUMMYFUNCTION("LET( gen,$A92, ev,$B92, t,$M92, hdrs, ARRAYFORMULA(UPPER(TRIM(CLEAN(SUBSTITUTE('AQUA POINTS'!$1:$1,CHAR(160),"" ""))))), col, MATCH(UPPER(ev), hdrs, 0), base, INDEX('AQUA POINTS'!$1:$3, IF(gen=""M"",2,3), col), baseSec, IF(ISNUMBER(base), IF(ba"&"se<1, base*86400, base), IF(REGEXMATCH(base,"":""), VALUE(LEFT(base, FIND("":"",base)-1))*60 + VALUE(MID(base, FIND("":"",base)+1, 99)), VALUE(SUBSTITUTE(base,"","",""."")))), tSec, IF(ISNUMBER(t), IF(t<1, t*86400, t), "&" IF(REGEXMATCH(t,"":""), VALUE(LEFT(t, FIND("":"",t)-1))*60 + VALUE(MID(t, FIND("":"",t)+1, 99)), VALUE(SUBSTITUTE(t,"","",""."")))), INT(1000*(baseSec/tSec)^3) )"),517.0) | P92: =A92 | Q92: =B92 | R92: =C92 | S92: =M92 | T92: =N92
A93: F | B93: 200 Back | C93: 14 | D93: 1 | E93: 2:18.64 | F93: =IFERROR(__xludf.DUMMYFUNCTION("IF( REGEXMATCH(E93, "":""), 60*VALUE(INDEX(SPLIT(E93, "":""),1,1)) + VALUE(INDEX(SPLIT(E93, "":""),1,2)), VALUE(E93) )"),138.64) | G93: =F92-F93 | H93: 5.2 | I93: =C92 | J93: =C109 | K93: {=INDEX('Podium Target Times'!$C:$C, MATCH(A93&B93, 'Podium Target Times'!$A:$A&'Podium Target Times'!$B:$B, 0))} | L93: =L95+G95 | M93: =TEXT(L93/86400, "mm:ss.00") | N93: =IFERROR(__xludf.DUMMYFUNCTION("LET( gen,$A93, ev,$B93, t,$M93, hdrs, ARRAYFORMULA(UPPER(TRIM(CLEAN(SUBSTITUTE('AQUA POINTS'!$1:$1,CHAR(160),"" ""))))), col, MATCH(UPPER(ev), hdrs, 0), base, INDEX('AQUA POINTS'!$1:$3, IF(gen=""M"",2,3), col), baseSec, IF(ISNUMBER(base), IF(ba"&"se<1, base*86400, base), IF(REGEXMATCH(base,"":""), VALUE(LEFT(base, FIND("":"",base)-1))*60 + VALUE(MID(base, FIND("":"",base)+1, 99)), VALUE(SUBSTITUTE(base,"","",""."")))), tSec, IF(ISNUMBER(t), IF(t<1, t*86400, t), "&" IF(REGEXMATCH(t,"":""), VALUE(LEFT(t, FIND("":"",t)-1))*60 + VALUE(MID(t, FIND("":"",t)+1, 99)), VALUE(SUBSTITUTE(t,"","",""."")))), INT(1000*(baseSec/tSec)^3) )"),573.0) | P93: =A93 | Q93: =B93 | R93: =C93 | S93: =M93 | T93: =N93
A94: F | B94: 200 Back | C94: 14 | D94: 2 | E94: 2:20.52 | F94: =IFERROR(__xludf.DUMMYFUNCTION("IF( REGEXMATCH(E94, "":""), 60*VALUE(INDEX(SPLIT(E94, "":""),1,1)) + VALUE(INDEX(SPLIT(E94, "":""),1,2)), VALUE(E94) )"),140.52) | G94: =F92-F93 | H94: 5.2 | I94: =C92 | J94: =C109 | K94: {=INDEX('Podium Target Times'!$C:$C, MATCH(A94&B94, 'Podium Target Times'!$A:$A&'Podium Target Times'!$B:$B, 0))} | L94: =L95+G95 | M94: =TEXT(L94/86400, "mm:ss.00") | N94: =IFERROR(__xludf.DUMMYFUNCTION("LET( gen,$A94, ev,$B94, t,$M94, hdrs, ARRAYFORMULA(UPPER(TRIM(CLEAN(SUBSTITUTE('AQUA POINTS'!$1:$1,CHAR(160),"" ""))))), col, MATCH(UPPER(ev), hdrs, 0), base, INDEX('AQUA POINTS'!$1:$3, IF(gen=""M"",2,3), col), baseSec, IF(ISNUMBER(base), IF(ba"&"se<1, base*86400, base), IF(REGEXMATCH(base,"":""), VALUE(LEFT(base, FIND("":"",base)-1))*60 + VALUE(MID(base, FIND("":"",base)+1, 99)), VALUE(SUBSTITUTE(base,"","",""."")))), tSec, IF(ISNUMBER(t), IF(t<1, t*86400, t), "&" IF(REGEXMATCH(t,"":""), VALUE(LEFT(t, FIND("":"",t)-1))*60 + VALUE(MID(t, FIND("":"",t)+1, 99)), VALUE(SUBSTITUTE(t,"","",""."")))), INT(1000*(baseSec/tSec)^3) )"),573.0) | P94: =A95 | Q94: =B95 | R94: =C95 | S94: =M95 | T94: =N95
A95: F | B95: 200 Back | C95: 15 | D95: 1 | E95: 2:14.97 | F95: =IFERROR(__xludf.DUMMYFUNCTION("IF( REGEXMATCH(E95, "":""), 60*VALUE(INDEX(SPLIT(E95, "":""),1,1)) + VALUE(INDEX(SPLIT(E95, "":""),1,2)), VALUE(E95) )"),134.97) | G95: =average(F93-F95,F94-F96) | H95: 3.695 | I95: =C92 | J95: =C109 | K95: {=INDEX('Podium Target Times'!$C:$C, MATCH(A95&B95, 'Podium Target Times'!$A:$A&'Podium Target Times'!$B:$B, 0))} | L95: =L98+G98 | M95: =TEXT(L95/86400, "mm:ss.00") | N95: =IFERROR(__xludf.DUMMYFUNCTION("LET( gen,$A95, ev,$B95, t,$M95, hdrs, ARRAYFORMULA(UPPER(TRIM(CLEAN(SUBSTITUTE('AQUA POINTS'!$1:$1,CHAR(160),"" ""))))), col, MATCH(UPPER(ev), hdrs, 0), base, INDEX('AQUA POINTS'!$1:$3, IF(gen=""M"",2,3), col), baseSec, IF(ISNUMBER(base), IF(ba"&"se<1, base*86400, base), IF(REGEXMATCH(base,"":""), VALUE(LEFT(base, FIND("":"",base)-1))*60 + VALUE(MID(base, FIND("":"",base)+1, 99)), VALUE(SUBSTITUTE(base,"","",""."")))), tSec, IF(ISNUMBER(t), IF(t<1, t*86400, t), "&" IF(REGEXMATCH(t,"":""), VALUE(LEFT(t, FIND("":"",t)-1))*60 + VALUE(MID(t, FIND("":"",t)+1, 99)), VALUE(SUBSTITUTE(t,"","",""."")))), INT(1000*(baseSec/tSec)^3) )"),618.0) | P95: =A98 | Q95: =B98 | R95: =C98 | S95: =M98 | T95: =N98
A96: F | B96: 200 Back | C96: 15 | D96: 2 | E96: 2:16.80 | F96: =IFERROR(__xludf.DUMMYFUNCTION("IF( REGEXMATCH(E96, "":""), 60*VALUE(INDEX(SPLIT(E96, "":""),1,1)) + VALUE(INDEX(SPLIT(E96, "":""),1,2)), VALUE(E96) )"),136.8) | G96: =average(F93-F95,F94-F96) | H96: 3.695 | I96: =C92 | J96: =C109 | K96: {=INDEX('Podium Target Times'!$C:$C, MATCH(A96&B96, 'Podium Target Times'!$A:$A&'Podium Target Times'!$B:$B, 0))} | L96: =L98+G98 | M96: =TEXT(L96/86400, "mm:ss.00") | N96: =IFERROR(__xludf.DUMMYFUNCTION("LET( gen,$A96, ev,$B96, t,$M96, hdrs, ARRAYFORMULA(UPPER(TRIM(CLEAN(SUBSTITUTE('AQUA POINTS'!$1:$1,CHAR(160),"" ""))))), col, MATCH(UPPER(ev), hdrs, 0), base, INDEX('AQUA POINTS'!$1:$3, IF(gen=""M"",2,3), col), baseSec, IF(ISNUMBER(base), IF(ba"&"se<1, base*86400, base), IF(REGEXMATCH(base,"":""), VALUE(LEFT(base, FIND("":"",base)-1))*60 + VALUE(MID(base, FIND("":"",base)+1, 99)), VALUE(SUBSTITUTE(base,"","",""."")))), tSec, IF(ISNUMBER(t), IF(t<1, t*86400, t), "&" IF(REGEXMATCH(t,"":""), VALUE(LEFT(t, FIND("":"",t)-1))*60 + VALUE(MID(t, FIND("":"",t)+1, 99)), VALUE(SUBSTITUTE(t,"","",""."")))), INT(1000*(baseSec/tSec)^3) )"),618.0) | P96: =A101 | Q96: =B101 | R96: =C101 | S96: =M101 | T96: =N101
A97: F | B97: 200 Back | C97: 15 | D97: 3 | E97: 2:17.67 | F97: =IFERROR(__xludf.DUMMYFUNCTION("IF( REGEXMATCH(E97, "":""), 60*VALUE(INDEX(SPLIT(E97, "":""),1,1)) + VALUE(INDEX(SPLIT(E97, "":""),1,2)), VALUE(E97) )"),137.67000000000002) | G97: =average(F93-F95,F94-F96) | H97: 3.695 | I97: =C92 | J97: =C109 | K97: {=INDEX('Podium Target Times'!$C:$C, MATCH(A97&B97, 'Podium Target Times'!$A:$A&'Podium Target Times'!$B:$B, 0))} | L97: =L98+G98 | M97: =TEXT(L97/86400, "mm:ss.00") | N97: =IFERROR(__xludf.DUMMYFUNCTION("LET( gen,$A97, ev,$B97, t,$M97, hdrs, ARRAYFORMULA(UPPER(TRIM(CLEAN(SUBSTITUTE('AQUA POINTS'!$1:$1,CHAR(160),"" ""))))), col, MATCH(UPPER(ev), hdrs, 0), base, INDEX('AQUA POINTS'!$1:$3, IF(gen=""M"",2,3), col), baseSec, IF(ISNUMBER(base), IF(ba"&"se<1, base*86400, base), IF(REGEXMATCH(base,"":""), VALUE(LEFT(base, FIND("":"",base)-1))*60 + VALUE(MID(base, FIND("":"",base)+1, 99)), VALUE(SUBSTITUTE(base,"","",""."")))), tSec, IF(ISNUMBER(t), IF(t<1, t*86400, t), "&" IF(REGEXMATCH(t,"":""), VALUE(LEFT(t, FIND("":"",t)-1))*60 + VALUE(MID(t, FIND("":"",t)+1, 99)), VALUE(SUBSTITUTE(t,"","",""."")))), INT(1000*(baseSec/tSec)^3) )"),618.0) | P97: =A104 | Q97: =B104 | R97: =C104 | S97: =M104 | T97: =N104
A98: F | B98: 200 Back | C98: 16 | D98: 1 | E98: 2:12.63 | F98: =IFERROR(__xludf.DUMMYFUNCTION("IF( REGEXMATCH(E98, "":""), 60*VALUE(INDEX(SPLIT(E98, "":""),1,1)) + VALUE(INDEX(SPLIT(E98, "":""),1,2)), VALUE(E98) )"),132.63) | G98: =average(F95-F98,F96-F99,F97-F100) | H98: 2.3666667 | I98: =C92 | J98: =C109 | K98: {=INDEX('Podium Target Times'!$C:$C, MATCH(A98&B98, 'Podium Target Times'!$A:$A&'Podium Target Times'!$B:$B, 0))} | L98: =L101+G101 | M98: =TEXT(L98/86400, "mm:ss.00") | N98: =IFERROR(__xludf.DUMMYFUNCTION("LET( gen,$A98, ev,$B98, t,$M98, hdrs, ARRAYFORMULA(UPPER(TRIM(CLEAN(SUBSTITUTE('AQUA POINTS'!$1:$1,CHAR(160),"" ""))))), col, MATCH(UPPER(ev), hdrs, 0), base, INDEX('AQUA POINTS'!$1:$3, IF(gen=""M"",2,3), col), baseSec, IF(ISNUMBER(base), IF(ba"&"se<1, base*86400, base), IF(REGEXMATCH(base,"":""), VALUE(LEFT(base, FIND("":"",base)-1))*60 + VALUE(MID(base, FIND("":"",base)+1, 99)), VALUE(SUBSTITUTE(base,"","",""."")))), tSec, IF(ISNUMBER(t), IF(t<1, t*86400, t), "&" IF(REGEXMATCH(t,"":""), VALUE(LEFT(t, FIND("":"",t)-1))*60 + VALUE(MID(t, FIND("":"",t)+1, 99)), VALUE(SUBSTITUTE(t,"","",""."")))), INT(1000*(baseSec/tSec)^3) )"),650.0) | P98: =A106 | Q98: =B106 | R98: =C106 | S98: =M106 | T98: =N106
A99: F | B99: 200 Back | C99: 16 | D99: 2 | E99: 2:14.43 | F99: =IFERROR(__xludf.DUMMYFUNCTION("IF( REGEXMATCH(E99, "":""), 60*VALUE(INDEX(SPLIT(E99, "":""),1,1)) + VALUE(INDEX(SPLIT(E99, "":""),1,2)), VALUE(E99) )"),134.43) | G99: =average(F95-F98,F96-F99,F97-F100) | H99: 2.3666667 | I99: =C92 | J99: =C109 | K99: {=INDEX('Podium Target Times'!$C:$C, MATCH(A99&B99, 'Podium Target Times'!$A:$A&'Podium Target Times'!$B:$B, 0))} | L99: =L101+G101 | M99: =TEXT(L99/86400, "mm:ss.00") | N99: =IFERROR(__xludf.DUMMYFUNCTION("LET( gen,$A99, ev,$B99, t,$M99, hdrs, ARRAYFORMULA(UPPER(TRIM(CLEAN(SUBSTITUTE('AQUA POINTS'!$1:$1,CHAR(160),"" ""))))), col, MATCH(UPPER(ev), hdrs, 0), base, INDEX('AQUA POINTS'!$1:$3, IF(gen=""M"",2,3), col), baseSec, IF(ISNUMBER(base), IF(ba"&"se<1, base*86400, base), IF(REGEXMATCH(base,"":""), VALUE(LEFT(base, FIND("":"",base)-1))*60 + VALUE(MID(base, FIND("":"",base)+1, 99)), VALUE(SUBSTITUTE(base,"","",""."")))), tSec, IF(ISNUMBER(t), IF(t<1, t*86400, t), "&" IF(REGEXMATCH(t,"":""), VALUE(LEFT(t, FIND("":"",t)-1))*60 + VALUE(MID(t, FIND("":"",t)+1, 99)), VALUE(SUBSTITUTE(t,"","",""."")))), INT(1000*(baseSec/tSec)^3) )"),650.0) | P99: =A108 | Q99: =B108 | R99: =C108 | S99: =M108 | T99: =N108
A100: F | B100: 200 Back | C100: 16 | D100: 3 | E100: 2:15.28 | F100: =IFERROR(__xludf.DUMMYFUNCTION("IF( REGEXMATCH(E100, "":""), 60*VALUE(INDEX(SPLIT(E100, "":""),1,1)) + VALUE(INDEX(SPLIT(E100, "":""),1,2)), VALUE(E100) )"),135.28) | G100: =average(F95-F98,F96-F99,F97-F100) | H100: 2.3666667 | I100: =C92 | J100: =C109 | K100: {=INDEX('Podium Target Times'!$C:$C, MATCH(A100&B100, 'Podium Target Times'!$A:$A&'Podium Target Times'!$B:$B, 0))} | L100: =L101+G101 | M100: =TEXT(L100/86400, "mm:ss.00") | N100: =IFERROR(__xludf.DUMMYFUNCTION("LET( gen,$A100, ev,$B100, t,$M100, hdrs, ARRAYFORMULA(UPPER(TRIM(CLEAN(SUBSTITUTE('AQUA POINTS'!$1:$1,CHAR(160),"" ""))))), col, MATCH(UPPER(ev), hdrs, 0), base, INDEX('AQUA POINTS'!$1:$3, IF(gen=""M"",2,3), col), baseSec, IF(ISNUMBER(base), IF"&"(base<1, base*86400, base), IF(REGEXMATCH(base,"":""), VALUE(LEFT(base, FIND("":"",base)-1))*60 + VALUE(MID(base, FIND("":"",base)+1, 99)), VALUE(SUBSTITUTE(base,"","",""."")))), tSec, IF(ISNUMBER(t), IF(t<1, t*86400, t), "&" IF(REGEXMATCH(t,"":""), VALUE(LEFT(t, FIND("":"",t)-1))*60 + VALUE(MID(t, FIND("":"",t)+1, 99)), VALUE(SUBSTITUTE(t,"","",""."")))), INT(1000*(baseSec/tSec)^3) )"),650.0) | P100: =A109 | Q100: =B109 | R100: =C109 | S100: =M109 | T100: =N109
...

Sheet MOT Tables 25
A1: Gender | B1: Event | C1: Age | D1: Canada Track | E1: Canada Track Time | F1: Canada Track Time in Seconds | G1: Average Progression Delta | H1: Average Progression Delta VALUE ONLY | I1: Canada Entry Age | J1: Canada Arrival Age | K1: Malaysia Arrival Time (SEA BRONZE) | L1: Malaysia Track Time in Seconds | M1: Malaysia Track Time | N1: Malaysia Track AQUA | P1: Data must be sorted by Gender, Event, Age for the Average Progression Delta forumula to work, values copied in Average Progression Delta VALUE ONLY for refernce if it gets corrupted
A2: F | B2: 100 Back | C2: 13 | D2: 1 | E2: 1:05.85 | F2: =IFERROR(__xludf.DUMMYFUNCTION("IF( REGEXMATCH(E2, "":""), 60*VALUE(INDEX(SPLIT(E2, "":""),1,1)) + VALUE(INDEX(SPLIT(E2, "":""),1,2)), VALUE(E2) )"),65.85) | G2: 0 | H2: 0 | I2: =C2 | J2: =C19 | K2: {=INDEX('Podium Target Times'!$C:$C, MATCH(A2&B2, 'Podium Target Times'!$A:$A&'Podium Target Times'!$B:$B, 0))} | L2: =L3+G3 | M2: =IF(L2<60, TEXT(L2,"0.00"), IF(L2<600, TEXT(L2/86400,"m:ss.00"), TEXT(L2/86400,"mm:ss.00"))) | N2: =IFERROR(__xludf.DUMMYFUNCTION("LET( gen,$A2, ev,$B2, t,$M2, hdrs, ARRAYFORMULA(UPPER(TRIM(CLEAN(SUBSTITUTE('AQUA POINTS'!$1:$1,CHAR(160),"" ""))))), col, MATCH(UPPER(ev), hdrs, 0), base, INDEX('AQUA POINTS'!$1:$3, IF(gen=""M"",2,3), col), baseSec, IF(ISNUMBER(base), IF(base<"&"1, base*86400, base), IF(REGEXMATCH(base,"":""), VALUE(LEFT(base, FIND("":"",base)-1))*60 + VALUE(MID(base, FIND("":"",base)+1, 99)), VALUE(SUBSTITUTE(base,"","",""."")))), tSec, IF(ISNUMBER(t), IF(t<1, t*86400, t), "&" IF(REGEXMATCH(t,"":""), VALUE(LEFT(t, FIND("":"",t)-1))*60 + VALUE(MID(t, FIND("":"",t)+1, 99)), VALUE(SUBSTITUTE(t,"","",""."")))), INT(1000*(baseSec/tSec)^3) )"),516.0) | P2: =A2 | Q2: =B2 | R2: =C2 | S2: =M2 | T2: =N2
A3: F | B3: 100 Back | C3: 14 | D3: 1 | E3: 1:03.87 | F3: =IFERROR(__xludf.DUMMYFUNCTION("IF( REGEXMATCH(E3, "":""), 60*VALUE(INDEX(SPLIT(E3, "":""),1,1)) + VALUE(INDEX(SPLIT(E3, "":""),1,2)), VALUE(E3) )"),63.87) | G3: =F2-F3 | H3: 1.98 | I3: =C2 | J3: =C19 | K3: {=INDEX('Podium Target Times'!$C:$C, MATCH(A3&B3, 'Podium Target Times'!$A:$A&'Podium Target Times'!$B:$B, 0))} | L3: =L5+G5 | M3: =IF(L3<60, TEXT(L3,"0.00"), IF(L3<600, TEXT(L3/86400,"m:ss.00"), TEXT(L3/86400,"mm:ss.00"))) | N3: =IFERROR(__xludf.DUMMYFUNCTION("LET( gen,$A3, ev,$B3, t,$M3, hdrs, ARRAYFORMULA(UPPER(TRIM(CLEAN(SUBSTITUTE('AQUA POINTS'!$1:$1,CHAR(160),"" ""))))), col, MATCH(UPPER(ev), hdrs, 0), base, INDEX('AQUA POINTS'!$1:$3, IF(gen=""M"",2,3), col), baseSec, IF(ISNUMBER(base), IF(base<"&"1, base*86400, base), IF(REGEXMATCH(base,"":""), VALUE(LEFT(base, FIND("":"",base)-1))*60 + VALUE(MID(base, FIND("":"",base)+1, 99)), VALUE(SUBSTITUTE(base,"","",""."")))), tSec, IF(ISNUMBER(t), IF(t<1, t*86400, t), "&" IF(REGEXMATCH(t,"":""), VALUE(LEFT(t, FIND("":"",t)-1))*60 + VALUE(MID(t, FIND("":"",t)+1, 99)), VALUE(SUBSTITUTE(t,"","",""."")))), INT(1000*(baseSec/tSec)^3) )"),561.0) | P3: =A3 | Q3: =B3 | R3: =C3 | S3: =M3 | T3: =N3
A4: F | B4: 100 Back | C4: 14 | D4: 2 | E4: 1:04.75 | F4: =IFERROR(__xludf.DUMMYFUNCTION("IF( REGEXMATCH(E4, "":""), 60*VALUE(INDEX(SPLIT(E4, "":""),1,1)) + VALUE(INDEX(SPLIT(E4, "":""),1,2)), VALUE(E4) )"),64.75) | G4: =F2-F3 | H4: 1.98 | I4: =C2 | J4: =C19 | K4: {=INDEX('Podium Target Times'!$C:$C, MATCH(A4&B4, 'Podium Target Times'!$A:$A&'Podium Target Times'!$B:$B, 0))} | L4: =L5+G5 | M4: =IF(L4<60, TEXT(L4,"0.00"), IF(L4<600, TEXT(L4/86400,"m:ss.00"), TEXT(L4/86400,"mm:ss.00"))) | N4: =IFERROR(__xludf.DUMMYFUNCTION("LET( gen,$A4, ev,$B4, t,$M4, hdrs, ARRAYFORMULA(UPPER(TRIM(CLEAN(SUBSTITUTE('AQUA POINTS'!$1:$1,CHAR(160),"" ""))))), col, MATCH(UPPER(ev), hdrs, 0), base, INDEX('AQUA POINTS'!$1:$3, IF(gen=""M"",2,3), col), baseSec, IF(ISNUMBER(base), IF(base<"&"1, base*86400, base), IF(REGEXMATCH(base,"":""), VALUE(LEFT(base, FIND("":"",base)-1))*60 + VALUE(MID(base, FIND("":"",base)+1, 99)), VALUE(SUBSTITUTE(base,"","",""."")))), tSec, IF(ISNUMBER(t), IF(t<1, t*86400, t), "&" IF(REGEXMATCH(t,"":""), VALUE(LEFT(t, FIND("":"",t)-1))*60 + VALUE(MID(t, FIND("":"",t)+1, 99)), VALUE(SUBSTITUTE(t,"","",""."")))), INT(1000*(baseSec/tSec)^3) )"),561.0) | P4: =A5 | Q4: =B5 | R4: =C5 | S4: =M5 | T4: =N5
A5: F | B5: 100 Back | C5: 15 | D5: 1 | E5: 1:02.34 | F5: =IFERROR(__xludf.DUMMYFUNCTION("IF( REGEXMATCH(E5, "":""), 60*VALUE(INDEX(SPLIT(E5, "":""),1,1)) + VALUE(INDEX(SPLIT(E5, "":""),1,2)), VALUE(E5) )"),62.34) | G5: =average(F3-F5,F4-F6) | H5: 1.54 | I5: =C2 | J5: =C19 | K5: {=INDEX('Podium Target Times'!$C:$C, MATCH(A5&B5, 'Podium Target Times'!$A:$A&'Podium Target Times'!$B:$B, 0))} | L5: =L8+G8 | M5: =IF(L5<60, TEXT(L5,"0.00"), IF(L5<600, TEXT(L5/86400,"m:ss.00"), TEXT(L5/86400,"mm:ss.00"))) | N5: =IFERROR(__xludf.DUMMYFUNCTION("LET( gen,$A5, ev,$B5, t,$M5, hdrs, ARRAYFORMULA(UPPER(TRIM(CLEAN(SUBSTITUTE('AQUA POINTS'!$1:$1,CHAR(160),"" ""))))), col, MATCH(UPPER(ev), hdrs, 0), base, INDEX('AQUA POINTS'!$1:$3, IF(gen=""M"",2,3), col), baseSec, IF(ISNUMBER(base), IF(base<"&"1, base*86400, base), IF(REGEXMATCH(base,"":""), VALUE(LEFT(base, FIND("":"",base)-1))*60 + VALUE(MID(base, FIND("":"",base)+1, 99)), VALUE(SUBSTITUTE(base,"","",""."")))), tSec, IF(ISNUMBER(t), IF(t<1, t*86400, t), "&" IF(REGEXMATCH(t,"":""), VALUE(LEFT(t, FIND("":"",t)-1))*60 + VALUE(MID(t, FIND("":"",t)+1, 99)), VALUE(SUBSTITUTE(t,"","",""."")))), INT(1000*(baseSec/tSec)^3) )"),601.0) | P5: =A8 | Q5: =B8 | R5: =C8 | S5: =M8 | T5: =N8
A6: F | B6: 100 Back | C6: 15 | D6: 2 | E6: 1:03.20 | F6: =IFERROR(__xludf.DUMMYFUNCTION("IF( REGEXMATCH(E6, "":""), 60*VALUE(INDEX(SPLIT(E6, "":""),1,1)) + VALUE(INDEX(SPLIT(E6, "":""),1,2)), VALUE(E6) )"),63.2) | G6: =average(F3-F5,F4-F6) | H6: 1.54 | I6: =C2 | J6: =C19 | K6: {=INDEX('Podium Target Times'!$C:$C, MATCH(A6&B6, 'Podium Target Times'!$A:$A&'Podium Target Times'!$B:$B, 0))} | L6: =L8+G8 | M6: =IF(L6<60, TEXT(L6,"0.00"), IF(L6<600, TEXT(L6/86400,"m:ss.00"), TEXT(L6/86400,"mm:ss.00"))) | N6: =IFERROR(__xludf.DUMMYFUNCTION("LET( gen,$A6, ev,$B6, t,$M6, hdrs, ARRAYFORMULA(UPPER(TRIM(CLEAN(SUBSTITUTE('AQUA POINTS'!$1:$1,CHAR(160),"" ""))))), col, MATCH(UPPER(ev), hdrs, 0), base, INDEX('AQUA POINTS'!$1:$3, IF(gen=""M"",2,3), col), baseSec, IF(ISNUMBER(base), IF(base<"&"1, base*86400, base), IF(REGEXMATCH(base,"":""), VALUE(LEFT(base, FIND("":"",base)-1))*60 + VALUE(MID(base, FIND("":"",base)+1, 99)), VALUE(SUBSTITUTE(base,"","",""."")))), tSec, IF(ISNUMBER(t), IF(t<1, t*86400, t), "&" IF(REGEXMATCH(t,"":""), VALUE(LEFT(t, FIND("":"",t)-1))*60 + VALUE(MID(t, FIND("":"",t)+1, 99)), VALUE(SUBSTITUTE(t,"","",""."")))), INT(1000*(baseSec/tSec)^3) )"),601.0) | P6: =A11 | Q6: =B11 | R6: =C11 | S6: =M11 | T6: =N11
A7: F | B7: 100 Back | C7: 15 | D7: 3 | E7: 1:03.66 | F7: =IFERROR(__xludf.DUMMYFUNCTION("IF( REGEXMATCH(E7, "":""), 60*VALUE(INDEX(SPLIT(E7, "":""),1,1)) + VALUE(INDEX(SPLIT(E7, "":""),1,2)), VALUE(E7) )"),63.66) | G7: =average(F3-F5,F4-F6) | H7: 1.54 | I7: =C2 | J7: =C19 | K7: {=INDEX('Podium Target Times'!$C:$C, MATCH(A7&B7, 'Podium Target Times'!$A:$A&'Podium Target Times'!$B:$B, 0))} | L7: =L8+G8 | M7: =IF(L7<60, TEXT(L7,"0.00"), IF(L7<600, TEXT(L7/86400,"m:ss.00"), TEXT(L7/86400,"mm:ss.00"))) | N7: =IFERROR(__xludf.DUMMYFUNCTION("LET( gen,$A7, ev,$B7, t,$M7, hdrs, ARRAYFORMULA(UPPER(TRIM(CLEAN(SUBSTITUTE('AQUA POINTS'!$1:$1,CHAR(160),"" ""))))), col, MATCH(UPPER(ev), hdrs, 0), base, INDEX('AQUA POINTS'!$1:$3, IF(gen=""M"",2,3), col), baseSec, IF(ISNUMBER(base), IF(base<"&"1, base*86400, base), IF(REGEXMATCH(base,"":""), VALUE(LEFT(base, FIND("":"",base)-1))*60 + VALUE(MID(base, FIND("":"",base)+1, 99)), VALUE(SUBSTITUTE(base,"","",""."")))), tSec, IF(ISNUMBER(t), IF(t<1, t*86400, t), "&" IF(REGEXMATCH(t,"":""), VALUE(LEFT(t, FIND("":"",t)-1))*60 + VALUE(MID(t, FIND("":"",t)+1, 99)), VALUE(SUBSTITUTE(t,"","",""."")))), INT(1000*(baseSec/tSec)^3) )"),601.0) | P7: =A14 | Q7: =B14 | R7: =C14 | S7: =M14 | T7: =N14
A8: F | B8: 100 Back | C8: 16 | D8: 1 | E8: 1:01.22 | F8: =IFERROR(__xludf.DUMMYFUNCTION("IF( REGEXMATCH(E8, "":""), 60*VALUE(INDEX(SPLIT(E8, "":""),1,1)) + VALUE(INDEX(SPLIT(E8, "":""),1,2)), VALUE(E8) )"),61.22) | G8: =average(F5-F8,F6-F9,F7-F10) | H8: 1.1333333 | I8: =C2 | J8: =C19 | K8: {=INDEX('Podium Target Times'!$C:$C, MATCH(A8&B8, 'Podium Target Times'!$A:$A&'Podium Target Times'!$B:$B, 0))} | L8: =L11+G11 | M8: =IF(L8<60, TEXT(L8,"0.00"), IF(L8<600, TEXT(L8/86400,"m:ss.00"), TEXT(L8/86400,"mm:ss.00"))) | N8: =IFERROR(__xludf.DUMMYFUNCTION("LET( gen,$A8, ev,$B8, t,$M8, hdrs, ARRAYFORMULA(UPPER(TRIM(CLEAN(SUBSTITUTE('AQUA POINTS'!$1:$1,CHAR(160),"" ""))))), col, MATCH(UPPER(ev), hdrs, 0), base, INDEX('AQUA POINTS'!$1:$3, IF(gen=""M"",2,3), col), baseSec, IF(ISNUMBER(base), IF(base<"&"1, base*86400, base), IF(REGEXMATCH(base,"":""), VALUE(LEFT(base, FIND("":"",base)-1))*60 + VALUE(MID(base, FIND("":"",base)+1, 99)), VALUE(SUBSTITUTE(base,"","",""."")))), tSec, IF(ISNUMBER(t), IF(t<1, t*86400, t), "&" IF(REGEXMATCH(t,"":""), VALUE(LEFT(t, FIND("":"",t)-1))*60 + VALUE(MID(t, FIND("":"",t)+1, 99)), VALUE(SUBSTITUTE(t,"","",""."")))), INT(1000*(baseSec/tSec)^3) )"),632.0) | P8: =A16 | Q8: =B16 | R8: =C16 | S8: =M16 | T8: =N16
A9: F | B9: 100 Back | C9: 16 | D9: 2 | E9: 1:02.06 | F9: =IFERROR(__xludf.DUMMYFUNCTION("IF( REGEXMATCH(E9, "":""), 60*VALUE(INDEX(SPLIT(E9, "":""),1,1)) + VALUE(INDEX(SPLIT(E9, "":""),1,2)), VALUE(E9) )"),62.06) | G9: =average(F5-F8,F6-F9,F7-F10) | H9: 1.1333333 | I9: =C2 | J9: =C19 | K9: {=INDEX('Podium Target Times'!$C:$C, MATCH(A9&B9, 'Podium Target Times'!$A:$A&'Podium Target Times'!$B:$B, 0))} | L9: =L11+G11 | M9: =IF(L9<60, TEXT(L9,"0.00"), IF(L9<600, TEXT(L9/86400,"m:ss.00"), TEXT(L9/86400,"mm:ss.00"))) | N9: =IFERROR(__xludf.DUMMYFUNCTION("LET( gen,$A9, ev,$B9, t,$M9, hdrs, ARRAYFORMULA(UPPER(TRIM(CLEAN(SUBSTITUTE('AQUA POINTS'!$1:$1,CHAR(160),"" ""))))), col, MATCH(UPPER(ev), hdrs, 0), base, INDEX('AQUA POINTS'!$1:$3, IF(gen=""M"",2,3), col), baseSec, IF(ISNUMBER(base), IF(base<"&"1, base*86400, base), IF(REGEXMATCH(base,"":""), VALUE(LEFT(base, FIND("":"",base)-1))*60 + VALUE(MID(base, FIND("":"",base)+1, 99)), VALUE(SUBSTITUTE(base,"","",""."")))), tSec, IF(ISNUMBER(t), IF(t<1, t*86400, t), "&" IF(REGEXMATCH(t,"":""), VALUE(LEFT(t, FIND("":"",t)-1))*60 + VALUE(MID(t, FIND("":"",t)+1, 99)), VALUE(SUBSTITUTE(t,"","",""."")))), INT(1000*(baseSec/tSec)^3) )"),632.0) | P9: =A18 | Q9: =B18 | R9: =C18 | S9: =M18 | T9: =N18
A10: F | B10: 100 Back | C10: 16 | D10: 3 | E10: 1:02.52 | F10: =IFERROR(__xludf.DUMMYFUNCTION("IF( REGEXMATCH(E10, "":""), 60*VALUE(INDEX(SPLIT(E10, "":""),1,1)) + VALUE(INDEX(SPLIT(E10, "":""),1,2)), VALUE(E10) )"),62.52) | G10: =average(F5-F8,F6-F9,F7-F10) | H10: 1.1333333 | I10: =C2 | J10: =C19 | K10: {=INDEX('Podium Target Times'!$C:$C, MATCH(A10&B10, 'Podium Target Times'!$A:$A&'Podium Target Times'!$B:$B, 0))} | L10: =L11+G11 | M10: =IF(L10<60, TEXT(L10,"0.00"), IF(L10<600, TEXT(L10/86400,"m:ss.00"), TEXT(L10/86400,"mm:ss.00"))) | N10: =IFERROR(__xludf.DUMMYFUNCTION("LET( gen,$A10, ev,$B10, t,$M10, hdrs, ARRAYFORMULA(UPPER(TRIM(CLEAN(SUBSTITUTE('AQUA POINTS'!$1:$1,CHAR(160),"" ""))))), col, MATCH(UPPER(ev), hdrs, 0), base, INDEX('AQUA POINTS'!$1:$3, IF(gen=""M"",2,3), col), baseSec, IF(ISNUMBER(base), IF(ba"&"se<1, base*86400, base), IF(REGEXMATCH(base,"":""), VALUE(LEFT(base, FIND("":"",base)-1))*60 + VALUE(MID(base, FIND("":"",base)+1, 99)), VALUE(SUBSTITUTE(base,"","",""."")))), tSec, IF(ISNUMBER(t), IF(t<1, t*86400, t), "&" IF(REGEXMATCH(t,"":""), VALUE(LEFT(t, FIND("":"",t)-1))*60 + VALUE(MID(t, FIND("":"",t)+1, 99)), VALUE(SUBSTITUTE(t,"","",""."")))), INT(1000*(baseSec/tSec)^3) )"),632.0) | P10: =A19 | Q10: =B19 | R10: =C19 | S10: =M19 | T10: =N19
A11: F | B11: 100 Back | C11: 17 | D11: 1 | E11: 1:00.46 | F11: =IFERROR(__xludf.DUMMYFUNCTION("IF( REGEXMATCH(E11, "":""), 60*VALUE(INDEX(SPLIT(E11, "":""),1,1)) + VALUE(INDEX(SPLIT(E11, "":""),1,2)), VALUE(E11) )"),60.46) | G11: =average(F8-F11,F9-F12,F10-F13) | H11: 0.77 | I11: =C2 | J11: =C19 | K11: {=INDEX('Podium Target Times'!$C:$C, MATCH(A11&B11, 'Podium Target Times'!$A:$A&'Podium Target Times'!$B:$B, 0))} | L11: =L14+G14 | M11: =IF(L11<60, TEXT(L11,"0.00"), IF(L11<600, TEXT(L11/86400,"m:ss.00"), TEXT(L11/86400,"mm:ss.00"))) | N11: =IFERROR(__xludf.DUMMYFUNCTION("LET( gen,$A11, ev,$B11, t,$M11, hdrs, ARRAYFORMULA(UPPER(TRIM(CLEAN(SUBSTITUTE('AQUA POINTS'!$1:$1,CHAR(160),"" ""))))), col, MATCH(UPPER(ev), hdrs, 0), base, INDEX('AQUA POINTS'!$1:$3, IF(gen=""M"",2,3), col), baseSec, IF(ISNUMBER(base), IF(ba"&"se<1, base*86400, base), IF(REGEXMATCH(base,"":""), VALUE(LEFT(base, FIND("":"",base)-1))*60 + VALUE(MID(base, FIND("":"",base)+1, 99)), VALUE(SUBSTITUTE(base,"","",""."")))), tSec, IF(ISNUMBER(t), IF(t<1, t*86400, t), "&" IF(REGEXMATCH(t,"":""), VALUE(LEFT(t, FIND("":"",t)-1))*60 + VALUE(MID(t, FIND("":"",t)+1, 99)), VALUE(SUBSTITUTE(t,"","",""."")))), INT(1000*(baseSec/tSec)^3) )"),654.0) | P11: =P10 | Q11: =Q10 | R11: =R10+1 | S11: =M20 | T11: =N20
A12: F | B12: 100 Back | C12: 17 | D12: 2 | E12: 1:01.29 | F12: =IFERROR(__xludf.DUMMYFUNCTION("IF( REGEXMATCH(E12, "":""), 60*VALUE(INDEX(SPLIT(E12, "":""),1,1)) + VALUE(INDEX(SPLIT(E12, "":""),1,2)), VALUE(E12) )"),61.29) | G12: =average(F8-F11,F9-F12,F10-F13) | H12: 0.77 | I12: =C2 | J12: =C19 | K12: {=INDEX('Podium Target Times'!$C:$C, MATCH(A12&B12, 'Podium Target Times'!$A:$A&'Podium Target Times'!$B:$B, 0))} | L12: =L14+G14 | M12: =IF(L12<60, TEXT(L12,"0.00"), IF(L12<600, TEXT(L12/86400,"m:ss.00"), TEXT(L12/86400,"mm:ss.00"))) | N12: =IFERROR(__xludf.DUMMYFUNCTION("LET( gen,$A12, ev,$B12, t,$M12, hdrs, ARRAYFORMULA(UPPER(TRIM(CLEAN(SUBSTITUTE('AQUA POINTS'!$1:$1,CHAR(160),"" ""))))), col, MATCH(UPPER(ev), hdrs, 0), base, INDEX('AQUA POINTS'!$1:$3, IF(gen=""M"",2,3), col), baseSec, IF(ISNUMBER(base), IF(ba"&"se<1, base*86400, base), IF(REGEXMATCH(base,"":""), VALUE(LEFT(base, FIND("":"",base)-1))*60 + VALUE(MID(base, FIND("":"",base)+1, 99)), VALUE(SUBSTITUTE(base,"","",""."")))), tSec, IF(ISNUMBER(t), IF(t<1, t*86400, t), "&" IF(REGEXMATCH(t,"":""), VALUE(LEFT(t, FIND("":"",t)-1))*60 + VALUE(MID(t, FIND("":"",t)+1, 99)), VALUE(SUBSTITUTE(t,"","",""."")))), INT(1000*(baseSec/tSec)^3) )"),654.0) | P12: =P11 | Q12: =Q11 | R12: =R11+1 | S12: =M21 | T12: =N21
A13: F | B13: 100 Back | C13: 17 | D13: 3 | E13: 1:01.74 | F13: =IFERROR(__xludf.DUMMYFUNCTION("IF( REGEXMATCH(E13, "":""), 60*VALUE(INDEX(SPLIT(E13, "":""),1,1)) + VALUE(INDEX(SPLIT(E13, "":""),1,2)), VALUE(E13) )"),61.74) | G13: =average(F8-F11,F9-F12,F10-F13) | H13: 0.77 | I13: =C2 | J13: =C19 | K13: {=INDEX('Podium Target Times'!$C:$C, MATCH(A13&B13, 'Podium Target Times'!$A:$A&'Podium Target Times'!$B:$B, 0))} | L13: =L14+G14 | M13: =IF(L13<60, TEXT(L13,"0.00"), IF(L13<600, TEXT(L13/86400,"m:ss.00"), TEXT(L13/86400,"mm:ss.00"))) | N13: =IFERROR(__xludf.DUMMYFUNCTION("LET( gen,$A13, ev,$B13, t,$M13, hdrs, ARRAYFORMULA(UPPER(TRIM(CLEAN(SUBSTITUTE('AQUA POINTS'!$1:$1,CHAR(160),"" ""))))), col, MATCH(UPPER(ev), hdrs, 0), base, INDEX('AQUA POINTS'!$1:$3, IF(gen=""M"",2,3), col), baseSec, IF(ISNUMBER(base), IF(ba"&"se<1, base*86400, base), IF(REGEXMATCH(base,"":""), VALUE(LEFT(base, FIND("":"",base)-1))*60 + VALUE(MID(base, FIND("":"",base)+1, 99)), VALUE(SUBSTITUTE(base,"","",""."")))), tSec, IF(ISNUMBER(t), IF(t<1, t*86400, t), "&" IF(REGEXMATCH(t,"":""), VALUE(LEFT(t, FIND("":"",t)-1))*60 + VALUE(MID(t, FIND("":"",t)+1, 99)), VALUE(SUBSTITUTE(t,"","",""."")))), INT(1000*(baseSec/tSec)^3) )"),654.0) | P13: =P12 | Q13: =Q12 | R13: =R12+1 | S13: =M22 | T13: =N22
A14: F | B14: 100 Back | C14: 18 | D14: 2 | E14: 1:00.79 | F14: =IFERROR(__xludf.DUMMYFUNCTION("IF( REGEXMATCH(E14, "":""), 60*VALUE(INDEX(SPLIT(E14, "":""),1,1)) + VALUE(INDEX(SPLIT(E14, "":""),1,2)), VALUE(E14) )"),60.79) | G14: =average(F12-F14,F13-F15) | H14: 0.505 | I14: =C2 | J14: =C19 | K14: {=INDEX('Podium Target Times'!$C:$C, MATCH(A14&B14, 'Podium Target Times'!$A:$A&'Podium Target Times'!$B:$B, 0))} | L14: =L16+G16 | M14: =IF(L14<60, TEXT(L14,"0.00"), IF(L14<600, TEXT(L14/86400,"m:ss.00"), TEXT(L14/86400,"mm:ss.00"))) | N14: =IFERROR(__xludf.DUMMYFUNCTION("LET( gen,$A14, ev,$B14, t,$M14, hdrs, ARRAYFORMULA(UPPER(TRIM(CLEAN(SUBSTITUTE('AQUA POINTS'!$1:$1,CHAR(160),"" ""))))), col, MATCH(UPPER(ev), hdrs, 0), base, INDEX('AQUA POINTS'!$1:$3, IF(gen=""M"",2,3), col), baseSec, IF(ISNUMBER(base), IF(ba"&"se<1, base*86400, base), IF(REGEXMATCH(base,"":""), VALUE(LEFT(base, FIND("":"",base)-1))*60 + VALUE(MID(base, FIND("":"",base)+1, 99)), VALUE(SUBSTITUTE(base,"","",""."")))), tSec, IF(ISNUMBER(t), IF(t<1, t*86400, t), "&" IF(REGEXMATCH(t,"":""), VALUE(LEFT(t, FIND("":"",t)-1))*60 + VALUE(MID(t, FIND("":"",t)+1, 99)), VALUE(SUBSTITUTE(t,"","",""."")))), INT(1000*(baseSec/tSec)^3) )"),670.0) | P14: =P13 | Q14: =Q13 | R14: =R13+1 | S14: =M23 | T14: =N23
A15: F | B15: 100 Back | C15: 18 | D15: 3 | E15: 1:01.23 | F15: =IFERROR(__xludf.DUMMYFUNCTION("IF( REGEXMATCH(E15, "":""), 60*VALUE(INDEX(SPLIT(E15, "":""),1,1)) + VALUE(INDEX(SPLIT(E15, "":""),1,2)), VALUE(E15) )"),61.23) | G15: =average(F12-F14,F13-F15) | H15: 0.505 | I15: =C2 | J15: =C19 | K15: {=INDEX('Podium Target Times'!$C:$C, MATCH(A15&B15, 'Podium Target Times'!$A:$A&'Podium Target Times'!$B:$B, 0))} | L15: =L16+G16 | M15: =IF(L15<60, TEXT(L15,"0.00"), IF(L15<600, TEXT(L15/86400,"m:ss.00"), TEXT(L15/86400,"mm:ss.00"))) | N15: =IFERROR(__xludf.DUMMYFUNCTION("LET( gen,$A15, ev,$B15, t,$M15, hdrs, ARRAYFORMULA(UPPER(TRIM(CLEAN(SUBSTITUTE('AQUA POINTS'!$1:$1,CHAR(160),"" ""))))), col, MATCH(UPPER(ev), hdrs, 0), base, INDEX('AQUA POINTS'!$1:$3, IF(gen=""M"",2,3), col), baseSec, IF(ISNUMBER(base), IF(ba"&"se<1, base*86400, base), IF(REGEXMATCH(base,"":""), VALUE(LEFT(base, FIND("":"",base)-1))*60 + VALUE(MID(base, FIND("":"",base)+1, 99)), VALUE(SUBSTITUTE(base,"","",""."")))), tSec, IF(ISNUMBER(t), IF(t<1, t*86400, t), "&" IF(REGEXMATCH(t,"":""), VALUE(LEFT(t, FIND("":"",t)-1))*60 + VALUE(MID(t, FIND("":"",t)+1, 99)), VALUE(SUBSTITUTE(t,"","",""."")))), INT(1000*(baseSec/tSec)^3) )"),670.0)
A16: F | B16: 100 Back | C16: 19 | D16: 2 | E16: 1:00.46 | F16: =IFERROR(__xludf.DUMMYFUNCTION("IF( REGEXMATCH(E16, "":""), 60*VALUE(INDEX(SPLIT(E16, "":""),1,1)) + VALUE(INDEX(SPLIT(E16, "":""),1,2)), VALUE(E16) )"),60.46) | G16: =average(F14-F16,F15-F17) | H16: 0.33 | I16: =C2 | J16: =C19 | K16: {=INDEX('Podium Target Times'!$C:$C, MATCH(A16&B16, 'Podium Target Times'!$A:$A&'Podium Target Times'!$B:$B, 0))} | L16: =L18+G18 | M16: =IF(L16<60, TEXT(L16,"0.00"), IF(L16<600, TEXT(L16/86400,"m:ss.00"), TEXT(L16/86400,"mm:ss.00"))) | N16: =IFERROR(__xludf.DUMMYFUNCTION("LET( gen,$A16, ev,$B16, t,$M16, hdrs, ARRAYFORMULA(UPPER(TRIM(CLEAN(SUBSTITUTE('AQUA POINTS'!$1:$1,CHAR(160),"" ""))))), col, MATCH(UPPER(ev), hdrs, 0), base, INDEX('AQUA POINTS'!$1:$3, IF(gen=""M"",2,3), col), baseSec, IF(ISNUMBER(base), IF(ba"&"se<1, base*86400, base), IF(REGEXMATCH(base,"":""), VALUE(LEFT(base, FIND("":"",base)-1))*60 + VALUE(MID(base, FIND("":"",base)+1, 99)), VALUE(SUBSTITUTE(base,"","",""."")))), tSec, IF(ISNUMBER(t), IF(t<1, t*86400, t), "&" IF(REGEXMATCH(t,"":""), VALUE(LEFT(t, FIND("":"",t)-1))*60 + VALUE(MID(t, FIND("":"",t)+1, 99)), VALUE(SUBSTITUTE(t,"","",""."")))), INT(1000*(baseSec/tSec)^3) )"),680.0)
A17: F | B17: 100 Back | C17: 19 | D17: 3 | E17: 1:00.90 | F17: =IFERROR(__xludf.DUMMYFUNCTION("IF( REGEXMATCH(E17, "":""), 60*VALUE(INDEX(SPLIT(E17, "":""),1,1)) + VALUE(INDEX(SPLIT(E17, "":""),1,2)), VALUE(E17) )"),60.9) | G17: =average(F14-F16,F15-F17) | H17: 0.33 | I17: =C2 | J17: =C19 | K17: {=INDEX('Podium Target Times'!$C:$C, MATCH(A17&B17, 'Podium Target Times'!$A:$A&'Podium Target Times'!$B:$B, 0))} | L17: =L18+G18 | M17: =IF(L17<60, TEXT(L17,"0.00"), IF(L17<600, TEXT(L17/86400,"m:ss.00"), TEXT(L17/86400,"mm:ss.00"))) | N17: =IFERROR(__xludf.DUMMYFUNCTION("LET( gen,$A17, ev,$B17, t,$M17, hdrs, ARRAYFORMULA(UPPER(TRIM(CLEAN(SUBSTITUTE('AQUA POINTS'!$1:$1,CHAR(160),"" ""))))), col, MATCH(UPPER(ev), hdrs, 0), base, INDEX('AQUA POINTS'!$1:$3, IF(gen=""M"",2,3), col), baseSec, IF(ISNUMBER(base), IF(ba"&"se<1, base*86400, base), IF(REGEXMATCH(base,"":""), VALUE(LEFT(base, FIND("":"",base)-1))*60 + VALUE(MID(base, FIND("":"",base)+1, 99)), VALUE(SUBSTITUTE(base,"","",""."")))), tSec, IF(ISNUMBER(t), IF(t<1, t*86400, t), "&" IF(REGEXMATCH(t,"":""), VALUE(LEFT(t, FIND("":"",t)-1))*60 + VALUE(MID(t, FIND("":"",t)+1, 99)), VALUE(SUBSTITUTE(t,"","",""."")))), INT(1000*(baseSec/tSec)^3) )"),680.0)
A18: F | B18: 100 Back | C18: 20 | D18: 3 | E18: 1:00.66 | F18: =IFERROR(__xludf.DUMMYFUNCTION("IF( REGEXMATCH(E18, "":""), 60*VALUE(INDEX(SPLIT(E18, "":""),1,1)) + VALUE(INDEX(SPLIT(E18, "":""),1,2)), VALUE(E18) )"),60.66) | G18: =F17-F18 | H18: 0.24 | I18: =C2 | J18: =C19 | K18: {=INDEX('Podium Target Times'!$C:$C, MATCH(A18&B18, 'Podium Target Times'!$A:$A&'Podium Target Times'!$B:$B, 0))} | L18: =L19+G19 | M18: =IF(L18<60, TEXT(L18,"0.00"), IF(L18<600, TEXT(L18/86400,"m:ss.00"), TEXT(L18/86400,"mm:ss.00"))) | N18: =IFERROR(__xludf.DUMMYFUNCTION("LET( gen,$A18, ev,$B18, t,$M18, hdrs, ARRAYFORMULA(UPPER(TRIM(CLEAN(SUBSTITUTE('AQUA POINTS'!$1:$1,CHAR(160),"" ""))))), col, MATCH(UPPER(ev), hdrs, 0), base, INDEX('AQUA POINTS'!$1:$3, IF(gen=""M"",2,3), col), baseSec, IF(ISNUMBER(base), IF(ba"&"se<1, base*86400, base), IF(REGEXMATCH(base,"":""), VALUE(LEFT(base, FIND("":"",base)-1))*60 + VALUE(MID(base, FIND("":"",base)+1, 99)), VALUE(SUBSTITUTE(base,"","",""."")))), tSec, IF(ISNUMBER(t), IF(t<1, t*86400, t), "&" IF(REGEXMATCH(t,"":""), VALUE(LEFT(t, FIND("":"",t)-1))*60 + VALUE(MID(t, FIND("":"",t)+1, 99)), VALUE(SUBSTITUTE(t,"","",""."")))), INT(1000*(baseSec/tSec)^3) )"),688.0)
A19: F | B19: 100 Back | C19: 21 | D19: 3 | E19: 1:00.46 | F19: =IFERROR(__xludf.DUMMYFUNCTION("IF( REGEXMATCH(E19, "":""), 60*VALUE(INDEX(SPLIT(E19, "":""),1,1)) + VALUE(INDEX(SPLIT(E19, "":""),1,2)), VALUE(E19) )"),60.46) | G19: =F18-F19 | H19: 0.2 | I19: =C2 | J19: =C19 | K19: {=INDEX('Podium Target Times'!$C:$C, MATCH(A19&B19, 'Podium Target Times'!$A:$A&'Podium Target Times'!$B:$B, 0))} | L19: =G19+L20 | M19: =IF(L19<60, TEXT(L19,"0.00"), IF(L19<600, TEXT(L19/86400,"m:ss.00"), TEXT(L19/86400,"mm:ss.00"))) | N19: =IFERROR(__xludf.DUMMYFUNCTION("LET( gen,$A19, ev,$B19, t,$M19, hdrs, ARRAYFORMULA(UPPER(TRIM(CLEAN(SUBSTITUTE('AQUA POINTS'!$1:$1,CHAR(160),"" ""))))), col, MATCH(UPPER(ev), hdrs, 0), base, INDEX('AQUA POINTS'!$1:$3, IF(gen=""M"",2,3), col), baseSec, IF(ISNUMBER(base), IF(ba"&"se<1, base*86400, base), IF(REGEXMATCH(base,"":""), VALUE(LEFT(base, FIND("":"",base)-1))*60 + VALUE(MID(base, FIND("":"",base)+1, 99)), VALUE(SUBSTITUTE(base,"","",""."")))), tSec, IF(ISNUMBER(t), IF(t<1, t*86400, t), "&" IF(REGEXMATCH(t,"":""), VALUE(LEFT(t, FIND("":"",t)-1))*60 + VALUE(MID(t, FIND("":"",t)+1, 99)), VALUE(SUBSTITUTE(t,"","",""."")))), INT(1000*(baseSec/tSec)^3) )"),694.0)
A20: F | B20: 100 Back | C20: 22 | F20: =IFERROR(__xludf.DUMMYFUNCTION("IF( REGEXMATCH(E20, "":""), 60*VALUE(INDEX(SPLIT(E20, "":""),1,1)) + VALUE(INDEX(SPLIT(E20, "":""),1,2)), VALUE(E20) )"),0.0) | I20: =C2 | J20: =C19 | K20: {=INDEX('Podium Target Times'!$C:$C, MATCH(A20&B20, 'Podium Target Times'!$A:$A&'Podium Target Times'!$B:$B, 0))} | L20: =G19+L21 | M20: =IF(L20<60, TEXT(L20,"0.00"), IF(L20<600, TEXT(L20/86400,"m:ss.00"), TEXT(L20/86400,"mm:ss.00"))) | N20: =IFERROR(__xludf.DUMMYFUNCTION("LET( gen,$A20, ev,$B20, t,$M20, hdrs, ARRAYFORMULA(UPPER(TRIM(CLEAN(SUBSTITUTE('AQUA POINTS'!$1:$1,CHAR(160),"" ""))))), col, MATCH(UPPER(ev), hdrs, 0), base, INDEX('AQUA POINTS'!$1:$3, IF(gen=""M"",2,3), col), baseSec, IF(ISNUMBER(base), IF(ba"&"se<1, base*86400, base), IF(REGEXMATCH(base,"":""), VALUE(LEFT(base, FIND("":"",base)-1))*60 + VALUE(MID(base, FIND("":"",base)+1, 99)), VALUE(SUBSTITUTE(base,"","",""."")))), tSec, IF(ISNUMBER(t), IF(t<1, t*86400, t), "&" IF(REGEXMATCH(t,"":""), VALUE(LEFT(t, FIND("":"",t)-1))*60 + VALUE(MID(t, FIND("":"",t)+1, 99)), VALUE(SUBSTITUTE(t,"","",""."")))), INT(1000*(baseSec/tSec)^3) )"),701.0)
A21: F | B21: 100 Back | C21: 23 | F21: =IFERROR(__xludf.DUMMYFUNCTION("IF( REGEXMATCH(E21, "":""), 60*VALUE(INDEX(SPLIT(E21, "":""),1,1)) + VALUE(INDEX(SPLIT(E21, "":""),1,2)), VALUE(E21) )"),0.0) | I21: =C2 | J21: =C19 | K21: {=INDEX('Podium Target Times'!$C:$C, MATCH(A21&B21, 'Podium Target Times'!$A:$A&'Podium Target Times'!$B:$B, 0))} | L21: =L22+G19 | M21: =IF(L21<60, TEXT(L21,"0.00"), IF(L21<600, TEXT(L21/86400,"m:ss.00"), TEXT(L21/86400,"mm:ss.00"))) | N21: =IFERROR(__xludf.DUMMYFUNCTION("LET( gen,$A21, ev,$B21, t,$M21, hdrs, ARRAYFORMULA(UPPER(TRIM(CLEAN(SUBSTITUTE('AQUA POINTS'!$1:$1,CHAR(160),"" ""))))), col, MATCH(UPPER(ev), hdrs, 0), base, INDEX('AQUA POINTS'!$1:$3, IF(gen=""M"",2,3), col), baseSec, IF(ISNUMBER(base), IF(ba"&"se<1, base*86400, base), IF(REGEXMATCH(base,"":""), VALUE(LEFT(base, FIND("":"",base)-1))*60 + VALUE(MID(base, FIND("":"",base)+1, 99)), VALUE(SUBSTITUTE(base,"","",""."")))), tSec, IF(ISNUMBER(t), IF(t<1, t*86400, t), "&" IF(REGEXMATCH(t,"":""), VALUE(LEFT(t, FIND("":"",t)-1))*60 + VALUE(MID(t, FIND("":"",t)+1, 99)), VALUE(SUBSTITUTE(t,"","",""."")))), INT(1000*(baseSec/tSec)^3) )"),707.0)
A22: F | B22: 100 Back | C22: 24 | F22: =IFERROR(__xludf.DUMMYFUNCTION("IF( REGEXMATCH(E22, "":""), 60*VALUE(INDEX(SPLIT(E22, "":""),1,1)) + VALUE(INDEX(SPLIT(E22, "":""),1,2)), VALUE(E22) )"),0.0) | I22: =C2 | J22: =C19 | K22: {=INDEX('Podium Target Times'!$C:$C, MATCH(A22&B22, 'Podium Target Times'!$A:$A&'Podium Target Times'!$B:$B, 0))} | L22: =L23+G19 | M22: =IF(L22<60, TEXT(L22,"0.00"), IF(L22<600, TEXT(L22/86400,"m:ss.00"), TEXT(L22/86400,"mm:ss.00"))) | N22: =IFERROR(__xludf.DUMMYFUNCTION("LET( gen,$A22, ev,$B22, t,$M22, hdrs, ARRAYFORMULA(UPPER(TRIM(CLEAN(SUBSTITUTE('AQUA POINTS'!$1:$1,CHAR(160),"" ""))))), col, MATCH(UPPER(ev), hdrs, 0), base, INDEX('AQUA POINTS'!$1:$3, IF(gen=""M"",2,3), col), baseSec, IF(ISNUMBER(base), IF(ba"&"se<1, base*86400, base), IF(REGEXMATCH(base,"":""), VALUE(LEFT(base, FIND("":"",base)-1))*60 + VALUE(MID(base, FIND("":"",base)+1, 99)), VALUE(SUBSTITUTE(base,"","",""."")))), tSec, IF(ISNUMBER(t), IF(t<1, t*86400, t), "&" IF(REGEXMATCH(t,"":""), VALUE(LEFT(t, FIND("":"",t)-1))*60 + VALUE(MID(t, FIND("":"",t)+1, 99)), VALUE(SUBSTITUTE(t,"","",""."")))), INT(1000*(baseSec/tSec)^3) )"),714.0)
A23: F | B23: 100 Back | C23: 25 | F23: =IFERROR(__xludf.DUMMYFUNCTION("IF( REGEXMATCH(E23, "":""), 60*VALUE(INDEX(SPLIT(E23, "":""),1,1)) + VALUE(INDEX(SPLIT(E23, "":""),1,2)), VALUE(E23) )"),0.0) | I23: =C2 | J23: =C19 | K23: {=INDEX('Podium Target Times'!$C:$C, MATCH(A23&B23, 'Podium Target Times'!$A:$A&'Podium Target Times'!$B:$B, 0))} | L23: =K23 | M23: =IF(L23<60, TEXT(L23,"0.00"), IF(L23<600, TEXT(L23/86400,"m:ss.00"), TEXT(L23/86400,"mm:ss.00"))) | N23: =IFERROR(__xludf.DUMMYFUNCTION("LET( gen,$A23, ev,$B23, t,$M23, hdrs, ARRAYFORMULA(UPPER(TRIM(CLEAN(SUBSTITUTE('AQUA POINTS'!$1:$1,CHAR(160),"" ""))))), col, MATCH(UPPER(ev), hdrs, 0), base, INDEX('AQUA POINTS'!$1:$3, IF(gen=""M"",2,3), col), baseSec, IF(ISNUMBER(base), IF(ba"&"se<1, base*86400, base), IF(REGEXMATCH(base,"":""), VALUE(LEFT(base, FIND("":"",base)-1))*60 + VALUE(MID(base, FIND("":"",base)+1, 99)), VALUE(SUBSTITUTE(base,"","",""."")))), tSec, IF(ISNUMBER(t), IF(t<1, t*86400, t), "&" IF(REGEXMATCH(t,"":""), VALUE(LEFT(t, FIND("":"",t)-1))*60 + VALUE(MID(t, FIND("":"",t)+1, 99)), VALUE(SUBSTITUTE(t,"","",""."")))), INT(1000*(baseSec/tSec)^3) )"),721.0)
A24: F | B24: 100 Breast | C24: 15 | D24: 1 | E24: 1:09.68 | F24: =IFERROR(__xludf.DUMMYFUNCTION("IF( REGEXMATCH(E24, "":""), 60*VALUE(INDEX(SPLIT(E24, "":""),1,1)) + VALUE(INDEX(SPLIT(E24, "":""),1,2)), VALUE(E24) )"),69.68) | G24: 0 | H24: 0 | I24: =C24 | J24: =C41 | K24: {=INDEX('Podium Target Times'!$C:$C, MATCH(A24&B24, 'Podium Target Times'!$A:$A&'Podium Target Times'!$B:$B, 0))} | L24: =L25+G25 | M24: =IF(L24<60, TEXT(L24,"0.00"), IF(L24<600, TEXT(L24/86400,"m:ss.00"), TEXT(L24/86400,"mm:ss.00"))) | N24: =IFERROR(__xludf.DUMMYFUNCTION("LET( gen,$A24, ev,$B24, t,$M24, hdrs, ARRAYFORMULA(UPPER(TRIM(CLEAN(SUBSTITUTE('AQUA POINTS'!$1:$1,CHAR(160),"" ""))))), col, MATCH(UPPER(ev), hdrs, 0), base, INDEX('AQUA POINTS'!$1:$3, IF(gen=""M"",2,3), col), baseSec, IF(ISNUMBER(base), IF(ba"&"se<1, base*86400, base), IF(REGEXMATCH(base,"":""), VALUE(LEFT(base, FIND("":"",base)-1))*60 + VALUE(MID(base, FIND("":"",base)+1, 99)), VALUE(SUBSTITUTE(base,"","",""."")))), tSec, IF(ISNUMBER(t), IF(t<1, t*86400, t), "&" IF(REGEXMATCH(t,"":""), VALUE(LEFT(t, FIND("":"",t)-1))*60 + VALUE(MID(t, FIND("":"",t)+1, 99)), VALUE(SUBSTITUTE(t,"","",""."")))), INT(1000*(baseSec/tSec)^3) )"),614.0) | P24: =A24 | Q24: =B24 | R24: =C24 | S24: =M24 | T24: =N24
A25: F | B25: 100 Breast | C25: 16 | D25: 1 | E25: 1:08.45 | F25: =IFERROR(__xludf.DUMMYFUNCTION("IF( REGEXMATCH(E25, "":""), 60*VALUE(INDEX(SPLIT(E25, "":""),1,1)) + VALUE(INDEX(SPLIT(E25, "":""),1,2)), VALUE(E25) )"),68.45) | G25: =F24-F25 | H25: 1.23 | I25: =C24 | J25: =C41 | K25: {=INDEX('Podium Target Times'!$C:$C, MATCH(A25&B25, 'Podium Target Times'!$A:$A&'Podium Target Times'!$B:$B, 0))} | L25: =L27+G27 | M25: =IF(L25<60, TEXT(L25,"0.00"), IF(L25<600, TEXT(L25/86400,"m:ss.00"), TEXT(L25/86400,"mm:ss.00"))) | N25: =IFERROR(__xludf.DUMMYFUNCTION("LET( gen,$A25, ev,$B25, t,$M25, hdrs, ARRAYFORMULA(UPPER(TRIM(CLEAN(SUBSTITUTE('AQUA POINTS'!$1:$1,CHAR(160),"" ""))))), col, MATCH(UPPER(ev), hdrs, 0), base, INDEX('AQUA POINTS'!$1:$3, IF(gen=""M"",2,3), col), baseSec, IF(ISNUMBER(base), IF(ba"&"se<1, base*86400, base), IF(REGEXMATCH(base,"":""), VALUE(LEFT(base, FIND("":"",base)-1))*60 + VALUE(MID(base, FIND("":"",base)+1, 99)), VALUE(SUBSTITUTE(base,"","",""."")))), tSec, IF(ISNUMBER(t), IF(t<1, t*86400, t), "&" IF(REGEXMATCH(t,"":""), VALUE(LEFT(t, FIND("":"",t)-1))*60 + VALUE(MID(t, FIND("":"",t)+1, 99)), VALUE(SUBSTITUTE(t,"","",""."")))), INT(1000*(baseSec/tSec)^3) )"),645.0) | P25: =A25 | Q25: =B25 | R25: =C25 | S25: =M25 | T25: =N25
A26: F | B26: 100 Breast | C26: 16 | D26: 2 | E26: 1:09.15 | F26: =IFERROR(__xludf.DUMMYFUNCTION("IF( REGEXMATCH(E26, "":""), 60*VALUE(INDEX(SPLIT(E26, "":""),1,1)) + VALUE(INDEX(SPLIT(E26, "":""),1,2)), VALUE(E26) )"),69.15) | G26: =F24-F25 | H26: 1.23 | I26: =C24 | J26: =C41 | K26: {=INDEX('Podium Target Times'!$C:$C, MATCH(A26&B26, 'Podium Target Times'!$A:$A&'Podium Target Times'!$B:$B, 0))} | L26: =L27+G27 | M26: =IF(L26<60, TEXT(L26,"0.00"), IF(L26<600, TEXT(L26/86400,"m:ss.00"), TEXT(L26/86400,"mm:ss.00"))) | N26: =IFERROR(__xludf.DUMMYFUNCTION("LET( gen,$A26, ev,$B26, t,$M26, hdrs, ARRAYFORMULA(UPPER(TRIM(CLEAN(SUBSTITUTE('AQUA POINTS'!$1:$1,CHAR(160),"" ""))))), col, MATCH(UPPER(ev), hdrs, 0), base, INDEX('AQUA POINTS'!$1:$3, IF(gen=""M"",2,3), col), baseSec, IF(ISNUMBER(base), IF(ba"&"se<1, base*86400, base), IF(REGEXMATCH(base,"":""), VALUE(LEFT(base, FIND("":"",base)-1))*60 + VALUE(MID(base, FIND("":"",base)+1, 99)), VALUE(SUBSTITUTE(base,"","",""."")))), tSec, IF(ISNUMBER(t), IF(t<1, t*86400, t), "&" IF(REGEXMATCH(t,"":""), VALUE(LEFT(t, FIND("":"",t)-1))*60 + VALUE(MID(t, FIND("":"",t)+1, 99)), VALUE(SUBSTITUTE(t,"","",""."")))), INT(1000*(baseSec/tSec)^3) )"),645.0) | P26: =A27 | Q26: =B27 | R26: =C27 | S26: =M27 | T26: =N27
A27: F | B27: 100 Breast | C27: 17 | D27: 1 | E27: 1:07.71 | F27: =IFERROR(__xludf.DUMMYFUNCTION("IF( REGEXMATCH(E27, "":""), 60*VALUE(INDEX(SPLIT(E27, "":""),1,1)) + VALUE(INDEX(SPLIT(E27, "":""),1,2)), VALUE(E27) )"),67.71) | G27: =average(F25-F27,F26-F28) | H27: 0.745 | I27: =C24 | J27: =C41 | K27: {=INDEX('Podium Target Times'!$C:$C, MATCH(A27&B27, 'Podium Target Times'!$A:$A&'Podium Target Times'!$B:$B, 0))} | L27: =L30+G30 | M27: =IF(L27<60, TEXT(L27,"0.00"), IF(L27<600, TEXT(L27/86400,"m:ss.00"), TEXT(L27/86400,"mm:ss.00"))) | N27: =IFERROR(__xludf.DUMMYFUNCTION("LET( gen,$A27, ev,$B27, t,$M27, hdrs, ARRAYFORMULA(UPPER(TRIM(CLEAN(SUBSTITUTE('AQUA POINTS'!$1:$1,CHAR(160),"" ""))))), col, MATCH(UPPER(ev), hdrs, 0), base, INDEX('AQUA POINTS'!$1:$3, IF(gen=""M"",2,3), col), baseSec, IF(ISNUMBER(base), IF(ba"&"se<1, base*86400, base), IF(REGEXMATCH(base,"":""), VALUE(LEFT(base, FIND("":"",base)-1))*60 + VALUE(MID(base, FIND("":"",base)+1, 99)), VALUE(SUBSTITUTE(base,"","",""."")))), tSec, IF(ISNUMBER(t), IF(t<1, t*86400, t), "&" IF(REGEXMATCH(t,"":""), VALUE(LEFT(t, FIND("":"",t)-1))*60 + VALUE(MID(t, FIND("":"",t)+1, 99)), VALUE(SUBSTITUTE(t,"","",""."")))), INT(1000*(baseSec/tSec)^3) )"),665.0) | P27: =A30 | Q27: =B30 | R27: =C30 | S27: =M30 | T27: =N30
A28: F | B28: 100 Breast | C28: 17 | D28: 2 | E28: 1:08.40 | F28: =IFERROR(__xludf.DUMMYFUNCTION("IF( REGEXMATCH(E28, "":""), 60*VALUE(INDEX(SPLIT(E28, "":""),1,1)) + VALUE(INDEX(SPLIT(E28, "":""),1,2)), VALUE(E28) )"),68.4) | G28: =average(F25-F27,F26-F28) | H28: 0.745 | I28: =C24 | J28: =C41 | K28: {=INDEX('Podium Target Times'!$C:$C, MATCH(A28&B28, 'Podium Target Times'!$A:$A&'Podium Target Times'!$B:$B, 0))} | L28: =L30+G30 | M28: =IF(L28<60, TEXT(L28,"0.00"), IF(L28<600, TEXT(L28/86400,"m:ss.00"), TEXT(L28/86400,"mm:ss.00"))) | N28: =IFERROR(__xludf.DUMMYFUNCTION("LET( gen,$A28, ev,$B28, t,$M28, hdrs, ARRAYFORMULA(UPPER(TRIM(CLEAN(SUBSTITUTE('AQUA POINTS'!$1:$1,CHAR(160),"" ""))))), col, MATCH(UPPER(ev), hdrs, 0), base, INDEX('AQUA POINTS'!$1:$3, IF(gen=""M"",2,3), col), baseSec, IF(ISNUMBER(base), IF(ba"&"se<1, base*86400, base), IF(REGEXMATCH(base,"":""), VALUE(LEFT(base, FIND("":"",base)-1))*60 + VALUE(MID(base, FIND("":"",base)+1, 99)), VALUE(SUBSTITUTE(base,"","",""."")))), tSec, IF(ISNUMBER(t), IF(t<1, t*86400, t), "&" IF(REGEXMATCH(t,"":""), VALUE(LEFT(t, FIND("":"",t)-1))*60 + VALUE(MID(t, FIND("":"",t)+1, 99)), VALUE(SUBSTITUTE(t,"","",""."")))), INT(1000*(baseSec/tSec)^3) )"),665.0) | P28: =A33 | Q28: =B33 | R28: =C33 | S28: =M33 | T28: =N33
A29: F | B29: 100 Breast | C29: 17 | D29: 3 | E29: 1:08.94 | F29: =IFERROR(__xludf.DUMMYFUNCTION("IF( REGEXMATCH(E29, "":""), 60*VALUE(INDEX(SPLIT(E29, "":""),1,1)) + VALUE(INDEX(SPLIT(E29, "":""),1,2)), VALUE(E29) )"),68.94) | G29: =average(F25-F27,F26-F28) | H29: 0.745 | I29: =C24 | J29: =C41 | K29: {=INDEX('Podium Target Times'!$C:$C, MATCH(A29&B29, 'Podium Target Times'!$A:$A&'Podium Target Times'!$B:$B, 0))} | L29: =L30+G30 | M29: =IF(L29<60, TEXT(L29,"0.00"), IF(L29<600, TEXT(L29/86400,"m:ss.00"), TEXT(L29/86400,"mm:ss.00"))) | N29: =IFERROR(__xludf.DUMMYFUNCTION("LET( gen,$A29, ev,$B29, t,$M29, hdrs, ARRAYFORMULA(UPPER(TRIM(CLEAN(SUBSTITUTE('AQUA POINTS'!$1:$1,CHAR(160),"" ""))))), col, MATCH(UPPER(ev), hdrs, 0), base, INDEX('AQUA POINTS'!$1:$3, IF(gen=""M"",2,3), col), baseSec, IF(ISNUMBER(base), IF(ba"&"se<1, base*86400, base), IF(REGEXMATCH(base,"":""), VALUE(LEFT(base, FIND("":"",base)-1))*60 + VALUE(MID(base, FIND("":"",base)+1, 99)), VALUE(SUBSTITUTE(base,"","",""."")))), tSec, IF(ISNUMBER(t), IF(t<1, t*86400, t), "&" IF(REGEXMATCH(t,"":""), VALUE(LEFT(t, FIND("":"",t)-1))*60 + VALUE(MID(t, FIND("":"",t)+1, 99)), VALUE(SUBSTITUTE(t,"","",""."")))), INT(1000*(baseSec/tSec)^3) )"),665.0) | P29: =A36 | Q29: =B36 | R29: =C36 | S29: =M36 | T29: =N36
A30: F | B30: 100 Breast | C30: 18 | D30: 1 | E30: 1:07.24 | F30: =IFERROR(__xludf.DUMMYFUNCTION("IF( REGEXMATCH(E30, "":""), 60*VALUE(INDEX(SPLIT(E30, "":""),1,1)) + VALUE(INDEX(SPLIT(E30, "":""),1,2)), VALUE(E30) )"),67.24) | G30: =average(F27-F30,F28-F31,F29-F32) | H30: 0.47666667 | I30: =C24 | J30: =C41 | K30: {=INDEX('Podium Target Times'!$C:$C, MATCH(A30&B30, 'Podium Target Times'!$A:$A&'Podium Target Times'!$B:$B, 0))} | L30: =L33+G33 | M30: =IF(L30<60, TEXT(L30,"0.00"), IF(L30<600, TEXT(L30/86400,"m:ss.00"), TEXT(L30/86400,"mm:ss.00"))) | N30: =IFERROR(__xludf.DUMMYFUNCTION("LET( gen,$A30, ev,$B30, t,$M30, hdrs, ARRAYFORMULA(UPPER(TRIM(CLEAN(SUBSTITUTE('AQUA POINTS'!$1:$1,CHAR(160),"" ""))))), col, MATCH(UPPER(ev), hdrs, 0), base, INDEX('AQUA POINTS'!$1:$3, IF(gen=""M"",2,3), col), baseSec, IF(ISNUMBER(base), IF(ba"&"se<1, base*86400, base), IF(REGEXMATCH(base,"":""), VALUE(LEFT(base, FIND("":"",base)-1))*60 + VALUE(MID(base, FIND("":"",base)+1, 99)), VALUE(SUBSTITUTE(base,"","",""."")))), tSec, IF(ISNUMBER(t), IF(t<1, t*86400, t), "&" IF(REGEXMATCH(t,"":""), VALUE(LEFT(t, FIND("":"",t)-1))*60 + VALUE(MID(t, FIND("":"",t)+1, 99)), VALUE(SUBSTITUTE(t,"","",""."")))), INT(1000*(baseSec/tSec)^3) )"),678.0) | P30: =A38 | Q30: =B38 | R30: =C38 | S30: =M38 | T30: =N38
A31: F | B31: 100 Breast | C31: 18 | D31: 2 | E31: 1:07.92 | F31: =IFERROR(__xludf.DUMMYFUNCTION("IF( REGEXMATCH(E31, "":""), 60*VALUE(INDEX(SPLIT(E31, "":""),1,1)) + VALUE(INDEX(SPLIT(E31, "":""),1,2)), VALUE(E31) )"),67.92) | G31: =average(F27-F30,F28-F31,F29-F32) | H31: 0.47666667 | I31: =C24 | J31: =C41 | K31: {=INDEX('Podium Target Times'!$C:$C, MATCH(A31&B31, 'Podium Target Times'!$A:$A&'Podium Target Times'!$B:$B, 0))} | L31: =L33+G33 | M31: =IF(L31<60, TEXT(L31,"0.00"), IF(L31<600, TEXT(L31/86400,"m:ss.00"), TEXT(L31/86400,"mm:ss.00"))) | N31: =IFERROR(__xludf.DUMMYFUNCTION("LET( gen,$A31, ev,$B31, t,$M31, hdrs, ARRAYFORMULA(UPPER(TRIM(CLEAN(SUBSTITUTE('AQUA POINTS'!$1:$1,CHAR(160),"" ""))))), col, MATCH(UPPER(ev), hdrs, 0), base, INDEX('AQUA POINTS'!$1:$3, IF(gen=""M"",2,3), col), baseSec, IF(ISNUMBER(base), IF(ba"&"se<1, base*86400, base), IF(REGEXMATCH(base,"":""), VALUE(LEFT(base, FIND("":"",base)-1))*60 + VALUE(MID(base, FIND("":"",base)+1, 99)), VALUE(SUBSTITUTE(base,"","",""."")))), tSec, IF(ISNUMBER(t), IF(t<1, t*86400, t), "&" IF(REGEXMATCH(t,"":""), VALUE(LEFT(t, FIND("":"",t)-1))*60 + VALUE(MID(t, FIND("":"",t)+1, 99)), VALUE(SUBSTITUTE(t,"","",""."")))), INT(1000*(baseSec/tSec)^3) )"),678.0) | P31: =A40 | Q31: =B40 | R31: =C40 | S31: =M40 | T31: =N40
A32: F | B32: 100 Breast | C32: 18 | D32: 3 | E32: 1:08.46 | F32: =IFERROR(__xludf.DUMMYFUNCTION("IF( REGEXMATCH(E32, "":""), 60*VALUE(INDEX(SPLIT(E32, "":""),1,1)) + VALUE(INDEX(SPLIT(E32, "":""),1,2)), VALUE(E32) )"),68.46000000000001) | G32: =average(F27-F30,F28-F31,F29-F32) | H32: 0.47666667 | I32: =C24 | J32: =C41 | K32: {=INDEX('Podium Target Times'!$C:$C, MATCH(A32&B32, 'Podium Target Times'!$A:$A&'Podium Target Times'!$B:$B, 0))} | L32: =L33+G33 | M32: =IF(L32<60, TEXT(L32,"0.00"), IF(L32<600, TEXT(L32/86400,"m:ss.00"), TEXT(L32/86400,"mm:ss.00"))) | N32: =IFERROR(__xludf.DUMMYFUNCTION("LET( gen,$A32, ev,$B32, t,$M32, hdrs, ARRAYFORMULA(UPPER(TRIM(CLEAN(SUBSTITUTE('AQUA POINTS'!$1:$1,CHAR(160),"" ""))))), col, MATCH(UPPER(ev), hdrs, 0), base, INDEX('AQUA POINTS'!$1:$3, IF(gen=""M"",2,3), col), baseSec, IF(ISNUMBER(base), IF(ba"&"se<1, base*86400, base), IF(REGEXMATCH(base,"":""), VALUE(LEFT(base, FIND("":"",base)-1))*60 + VALUE(MID(base, FIND("":"",base)+1, 99)), VALUE(SUBSTITUTE(base,"","",""."")))), tSec, IF(ISNUMBER(t), IF(t<1, t*86400, t), "&" IF(REGEXMATCH(t,"":""), VALUE(LEFT(t, FIND("":"",t)-1))*60 + VALUE(MID(t, FIND("":"",t)+1, 99)), VALUE(SUBSTITUTE(t,"","",""."")))), INT(1000*(baseSec/tSec)^3) )"),678.0) | P32: =A41 | Q32: =B41 | R32: =C41 | S32: =M41 | T32: =N41
A33: F | B33: 100 Breast | C33: 19 | D33: 1 | E33: 1:06.87 | F33: =IFERROR(__xludf.DUMMYFUNCTION("IF( REGEXMATCH(E33, "":""), 60*VALUE(INDEX(SPLIT(E33, "":""),1,1)) + VALUE(INDEX(SPLIT(E33, "":""),1,2)), VALUE(E33) )"),66.87) | G33: =average(F30-F33,F31-F34,F32-F35) | H33: 0.37333333 | I33: =C24 | J33: =C41 | K33: {=INDEX('Podium Target Times'!$C:$C, MATCH(A33&B33, 'Podium Target Times'!$A:$A&'Podium Target Times'!$B:$B, 0))} | L33: =L36+G36 | M33: =IF(L33<60, TEXT(L33,"0.00"), IF(L33<600, TEXT(L33/86400,"m:ss.00"), TEXT(L33/86400,"mm:ss.00"))) | N33: =IFERROR(__xludf.DUMMYFUNCTION("LET( gen,$A33, ev,$B33, t,$M33, hdrs, ARRAYFORMULA(UPPER(TRIM(CLEAN(SUBSTITUTE('AQUA POINTS'!$1:$1,CHAR(160),"" ""))))), col, MATCH(UPPER(ev), hdrs, 0), base, INDEX('AQUA POINTS'!$1:$3, IF(gen=""M"",2,3), col), baseSec, IF(ISNUMBER(base), IF(ba"&"se<1, base*86400, base), IF(REGEXMATCH(base,"":""), VALUE(LEFT(base, FIND("":"",base)-1))*60 + VALUE(MID(base, FIND("":"",base)+1, 99)), VALUE(SUBSTITUTE(base,"","",""."")))), tSec, IF(ISNUMBER(t), IF(t<1, t*86400, t), "&" IF(REGEXMATCH(t,"":""), VALUE(LEFT(t, FIND("":"",t)-1))*60 + VALUE(MID(t, FIND("":"",t)+1, 99)), VALUE(SUBSTITUTE(t,"","",""."")))), INT(1000*(baseSec/tSec)^3) )"),688.0) | P33: =P32 | Q33: =Q32 | R33: =R32+1 | S33: =M42 | T33: =N42
A34: F | B34: 100 Breast | C34: 19 | D34: 2 | E34: 1:07.55 | F34: =IFERROR(__xludf.DUMMYFUNCTION("IF( REGEXMATCH(E34, "":""), 60*VALUE(INDEX(SPLIT(E34, "":""),1,1)) + VALUE(INDEX(SPLIT(E34, "":""),1,2)), VALUE(E34) )"),67.55) | G34: =average(F30-F33,F31-F34,F32-F35) | H34: 0.37333333 | I34: =C24 | J34: =C41 | K34: {=INDEX('Podium Target Times'!$C:$C, MATCH(A34&B34, 'Podium Target Times'!$A:$A&'Podium Target Times'!$B:$B, 0))} | L34: =L36+G36 | M34: =IF(L34<60, TEXT(L34,"0.00"), IF(L34<600, TEXT(L34/86400,"m:ss.00"), TEXT(L34/86400,"mm:ss.00"))) | N34: =IFERROR(__xludf.DUMMYFUNCTION("LET( gen,$A34, ev,$B34, t,$M34, hdrs, ARRAYFORMULA(UPPER(TRIM(CLEAN(SUBSTITUTE('AQUA POINTS'!$1:$1,CHAR(160),"" ""))))), col, MATCH(UPPER(ev), hdrs, 0), base, INDEX('AQUA POINTS'!$1:$3, IF(gen=""M"",2,3), col), baseSec, IF(ISNUMBER(base), IF(ba"&"se<1, base*86400, base), IF(REGEXMATCH(base,"":""), VALUE(LEFT(base, FIND("":"",base)-1))*60 + VALUE(MID(base, FIND("":"",base)+1, 99)), VALUE(SUBSTITUTE(base,"","",""."")))), tSec, IF(ISNUMBER(t), IF(t<1, t*86400, t), "&" IF(REGEXMATCH(t,"":""), VALUE(LEFT(t, FIND("":"",t)-1))*60 + VALUE(MID(t, FIND("":"",t)+1, 99)), VALUE(SUBSTITUTE(t,"","",""."")))), INT(1000*(baseSec/tSec)^3) )"),688.0) | P34: =P33 | Q34: =Q33 | R34: =R33+1 | S34: =M43 | T34: =N43
A35: F | B35: 100 Breast | C35: 19 | D35: 3 | E35: 1:08.08 | F35: =IFERROR(__xludf.DUMMYFUNCTION("IF( REGEXMATCH(E35, "":""), 60*VALUE(INDEX(SPLIT(E35, "":""),1,1)) + VALUE(INDEX(SPLIT(E35, "":""),1,2)), VALUE(E35) )"),68.08) | G35: =average(F30-F33,F31-F34,F32-F35) | H35: 0.37333333 | I35: =C24 | J35: =C41 | K35: {=INDEX('Podium Target Times'!$C:$C, MATCH(A35&B35, 'Podium Target Times'!$A:$A&'Podium Target Times'!$B:$B, 0))} | L35: =L36+G36 | M35: =IF(L35<60, TEXT(L35,"0.00"), IF(L35<600, TEXT(L35/86400,"m:ss.00"), TEXT(L35/86400,"mm:ss.00"))) | N35: =IFERROR(__xludf.DUMMYFUNCTION("LET( gen,$A35, ev,$B35, t,$M35, hdrs, ARRAYFORMULA(UPPER(TRIM(CLEAN(SUBSTITUTE('AQUA POINTS'!$1:$1,CHAR(160),"" ""))))), col, MATCH(UPPER(ev), hdrs, 0), base, INDEX('AQUA POINTS'!$1:$3, IF(gen=""M"",2,3), col), baseSec, IF(ISNUMBER(base), IF(ba"&"se<1, base*86400, base), IF(REGEXMATCH(base,"":""), VALUE(LEFT(base, FIND("":"",base)-1))*60 + VALUE(MID(base, FIND("":"",base)+1, 99)), VALUE(SUBSTITUTE(base,"","",""."")))), tSec, IF(ISNUMBER(t), IF(t<1, t*86400, t), "&" IF(REGEXMATCH(t,"":""), VALUE(LEFT(t, FIND("":"",t)-1))*60 + VALUE(MID(t, FIND("":"",t)+1, 99)), VALUE(SUBSTITUTE(t,"","",""."")))), INT(1000*(baseSec/tSec)^3) )"),688.0)
A36: F | B36: 100 Breast | C36: 20 | D36: 2 | E36: 1:07.20 | F36: =IFERROR(__xludf.DUMMYFUNCTION("IF( REGEXMATCH(E36, "":""), 60*VALUE(INDEX(SPLIT(E36, "":""),1,1)) + VALUE(INDEX(SPLIT(E36, "":""),1,2)), VALUE(E36) )"),67.2) | G36: =average(F34-F36,F35-F37) | H36: 0.35 | I36: =C24 | J36: =C41 | K36: {=INDEX('Podium Target Times'!$C:$C, MATCH(A36&B36, 'Podium Target Times'!$A:$A&'Podium Target Times'!$B:$B, 0))} | L36: =L38+G38 | M36: =IF(L36<60, TEXT(L36,"0.00"), IF(L36<600, TEXT(L36/86400,"m:ss.00"), TEXT(L36/86400,"mm:ss.00"))) | N36: =IFERROR(__xludf.DUMMYFUNCTION("LET( gen,$A36, ev,$B36, t,$M36, hdrs, ARRAYFORMULA(UPPER(TRIM(CLEAN(SUBSTITUTE('AQUA POINTS'!$1:$1,CHAR(160),"" ""))))), col, MATCH(UPPER(ev), hdrs, 0), base, INDEX('AQUA POINTS'!$1:$3, IF(gen=""M"",2,3), col), baseSec, IF(ISNUMBER(base), IF(ba"&"se<1, base*86400, base), IF(REGEXMATCH(base,"":""), VALUE(LEFT(base, FIND("":"",base)-1))*60 + VALUE(MID(base, FIND("":"",base)+1, 99)), VALUE(SUBSTITUTE(base,"","",""."")))), tSec, IF(ISNUMBER(t), IF(t<1, t*86400, t), "&" IF(REGEXMATCH(t,"":""), VALUE(LEFT(t, FIND("":"",t)-1))*60 + VALUE(MID(t, FIND("":"",t)+1, 99)), VALUE(SUBSTITUTE(t,"","",""."")))), INT(1000*(baseSec/tSec)^3) )"),699.0)
A37: F | B37: 100 Breast | C37: 20 | D37: 3 | E37: 1:07.73 | F37: =IFERROR(__xludf.DUMMYFUNCTION("IF( REGEXMATCH(E37, "":""), 60*VALUE(INDEX(SPLIT(E37, "":""),1,1)) + VALUE(INDEX(SPLIT(E37, "":""),1,2)), VALUE(E37) )"),67.73) | G37: =average(F34-F36,F35-F37) | H37: 0.35 | I37: =C24 | J37: =C41 | K37: {=INDEX('Podium Target Times'!$C:$C, MATCH(A37&B37, 'Podium Target Times'!$A:$A&'Podium Target Times'!$B:$B, 0))} | L37: =L38+G38 | M37: =IF(L37<60, TEXT(L37,"0.00"), IF(L37<600, TEXT(L37/86400,"m:ss.00"), TEXT(L37/86400,"mm:ss.00"))) | N37: =IFERROR(__xludf.DUMMYFUNCTION("LET( gen,$A37, ev,$B37, t,$M37, hdrs, ARRAYFORMULA(UPPER(TRIM(CLEAN(SUBSTITUTE('AQUA POINTS'!$1:$1,CHAR(160),"" ""))))), col, MATCH(UPPER(ev), hdrs, 0), base, INDEX('AQUA POINTS'!$1:$3, IF(gen=""M"",2,3), col), baseSec, IF(ISNUMBER(base), IF(ba"&"se<1, base*86400, base), IF(REGEXMATCH(base,"":""), VALUE(LEFT(base, FIND("":"",base)-1))*60 + VALUE(MID(base, FIND("":"",base)+1, 99)), VALUE(SUBSTITUTE(base,"","",""."")))), tSec, IF(ISNUMBER(t), IF(t<1, t*86400, t), "&" IF(REGEXMATCH(t,"":""), VALUE(LEFT(t, FIND("":"",t)-1))*60 + VALUE(MID(t, FIND("":"",t)+1, 99)), VALUE(SUBSTITUTE(t,"","",""."")))), INT(1000*(baseSec/tSec)^3) )"),699.0)
A38: F | B38: 100 Breast | C38: 21 | D38: 2 | E38: 1:06.87 | F38: =IFERROR(__xludf.DUMMYFUNCTION("IF( REGEXMATCH(E38, "":""), 60*VALUE(INDEX(SPLIT(E38, "":""),1,1)) + VALUE(INDEX(SPLIT(E38, "":""),1,2)), VALUE(E38) )"),66.87) | G38: =average(F36-F38,F37-F39) | H38: 0.335 | I38: =C24 | J38: =C41 | K38: {=INDEX('Podium Target Times'!$C:$C, MATCH(A38&B38, 'Podium Target Times'!$A:$A&'Podium Target Times'!$B:$B, 0))} | L38: =L40+G40 | M38: =IF(L38<60, TEXT(L38,"0.00"), IF(L38<600, TEXT(L38/86400,"m:ss.00"), TEXT(L38/86400,"mm:ss.00"))) | N38: =IFERROR(__xludf.DUMMYFUNCTION("LET( gen,$A38, ev,$B38, t,$M38, hdrs, ARRAYFORMULA(UPPER(TRIM(CLEAN(SUBSTITUTE('AQUA POINTS'!$1:$1,CHAR(160),"" ""))))), col, MATCH(UPPER(ev), hdrs, 0), base, INDEX('AQUA POINTS'!$1:$3, IF(gen=""M"",2,3), col), baseSec, IF(ISNUMBER(base), IF(ba"&"se<1, base*86400, base), IF(REGEXMATCH(base,"":""), VALUE(LEFT(base, FIND("":"",base)-1))*60 + VALUE(MID(base, FIND("":"",base)+1, 99)), VALUE(SUBSTITUTE(base,"","",""."")))), tSec, IF(ISNUMBER(t), IF(t<1, t*86400, t), "&" IF(REGEXMATCH(t,"":""), VALUE(LEFT(t, FIND("":"",t)-1))*60 + VALUE(MID(t, FIND("":"",t)+1, 99)), VALUE(SUBSTITUTE(t,"","",""."")))), INT(1000*(baseSec/tSec)^3) )"),708.0)
A39: F | B39: 100 Breast | C39: 21 | D39: 3 | E39: 1:07.39 | F39: =IFERROR(__xludf.DUMMYFUNCTION("IF( REGEXMATCH(E39, "":""), 60*VALUE(INDEX(SPLIT(E39, "":""),1,1)) + VALUE(INDEX(SPLIT(E39, "":""),1,2)), VALUE(E39) )"),67.39) | G39: =average(F36-F38,F37-F39) | H39: 0.335 | I39: =C24 | J39: =C41 | K39: {=INDEX('Podium Target Times'!$C:$C, MATCH(A39&B39, 'Podium Target Times'!$A:$A&'Podium Target Times'!$B:$B, 0))} | L39: =L40+G40 | M39: =IF(L39<60, TEXT(L39,"0.00"), IF(L39<600, TEXT(L39/86400,"m:ss.00"), TEXT(L39/86400,"mm:ss.00"))) | N39: =IFERROR(__xludf.DUMMYFUNCTION("LET( gen,$A39, ev,$B39, t,$M39, hdrs, ARRAYFORMULA(UPPER(TRIM(CLEAN(SUBSTITUTE('AQUA POINTS'!$1:$1,CHAR(160),"" ""))))), col, MATCH(UPPER(ev), hdrs, 0), base, INDEX('AQUA POINTS'!$1:$3, IF(gen=""M"",2,3), col), baseSec, IF(ISNUMBER(base), IF(ba"&"se<1, base*86400, base), IF(REGEXMATCH(base,"":""), VALUE(LEFT(base, FIND("":"",base)-1))*60 + VALUE(MID(base, FIND("":"",base)+1, 99)), VALUE(SUBSTITUTE(base,"","",""."")))), tSec, IF(ISNUMBER(t), IF(t<1, t*86400, t), "&" IF(REGEXMATCH(t,"":""), VALUE(LEFT(t, FIND("":"",t)-1))*60 + VALUE(MID(t, FIND("":"",t)+1, 99)), VALUE(SUBSTITUTE(t,"","",""."")))), INT(1000*(baseSec/tSec)^3) )"),708.0)
A40: F | B40: 100 Breast | C40: 22 | D40: 3 | E40: 1:07.10 | F40: =IFERROR(__xludf.DUMMYFUNCTION("IF( REGEXMATCH(E40, "":""), 60*VALUE(INDEX(SPLIT(E40, "":""),1,1)) + VALUE(INDEX(SPLIT(E40, "":""),1,2)), VALUE(E40) )"),67.1) | G40: =F39-F40 | H40: 0.29 | I40: =C24 | J40: =C41 | K40: {=INDEX('Podium Target Times'!$C:$C, MATCH(A40&B40, 'Podium Target Times'!$A:$A&'Podium Target Times'!$B:$B, 0))} | L40: =L41+G41 | M40: =IF(L40<60, TEXT(L40,"0.00"), IF(L40<600, TEXT(L40/86400,"m:ss.00"), TEXT(L40/86400,"mm:ss.00"))) | N40: =IFERROR(__xludf.DUMMYFUNCTION("LET( gen,$A40, ev,$B40, t,$M40, hdrs, ARRAYFORMULA(UPPER(TRIM(CLEAN(SUBSTITUTE('AQUA POINTS'!$1:$1,CHAR(160),"" ""))))), col, MATCH(UPPER(ev), hdrs, 0), base, INDEX('AQUA POINTS'!$1:$3, IF(gen=""M"",2,3), col), baseSec, IF(ISNUMBER(base), IF(ba"&"se<1, base*86400, base), IF(REGEXMATCH(base,"":""), VALUE(LEFT(base, FIND("":"",base)-1))*60 + VALUE(MID(base, FIND("":"",base)+1, 99)), VALUE(SUBSTITUTE(base,"","",""."")))), tSec, IF(ISNUMBER(t), IF(t<1, t*86400, t), "&" IF(REGEXMATCH(t,"":""), VALUE(LEFT(t, FIND("":"",t)-1))*60 + VALUE(MID(t, FIND("":"",t)+1, 99)), VALUE(SUBSTITUTE(t,"","",""."")))), INT(1000*(baseSec/tSec)^3) )"),717.0)
A41: F | B41: 100 Breast | C41: 23 | D41: 3 | E41: 1:06.87 | F41: =IFERROR(__xludf.DUMMYFUNCTION("IF( REGEXMATCH(E41, "":""), 60*VALUE(INDEX(SPLIT(E41, "":""),1,1)) + VALUE(INDEX(SPLIT(E41, "":""),1,2)), VALUE(E41) )"),66.87) | G41: =F40-F41 | H41: 0.23 | I41: =C24 | J41: =C41 | K41: {=INDEX('Podium Target Times'!$C:$C, MATCH(A41&B41, 'Podium Target Times'!$A:$A&'Podium Target Times'!$B:$B, 0))} | L41: =G41+L42 | M41: =IF(L41<60, TEXT(L41,"0.00"), IF(L41<600, TEXT(L41/86400,"m:ss.00"), TEXT(L41/86400,"mm:ss.00"))) | N41: =IFERROR(__xludf.DUMMYFUNCTION("LET( gen,$A41, ev,$B41, t,$M41, hdrs, ARRAYFORMULA(UPPER(TRIM(CLEAN(SUBSTITUTE('AQUA POINTS'!$1:$1,CHAR(160),"" ""))))), col, MATCH(UPPER(ev), hdrs, 0), base, INDEX('AQUA POINTS'!$1:$3, IF(gen=""M"",2,3), col), baseSec, IF(ISNUMBER(base), IF(ba"&"se<1, base*86400, base), IF(REGEXMATCH(base,"":""), VALUE(LEFT(base, FIND("":"",base)-1))*60 + VALUE(MID(base, FIND("":"",base)+1, 99)), VALUE(SUBSTITUTE(base,"","",""."")))), tSec, IF(ISNUMBER(t), IF(t<1, t*86400, t), "&" IF(REGEXMATCH(t,"":""), VALUE(LEFT(t, FIND("":"",t)-1))*60 + VALUE(MID(t, FIND("":"",t)+1, 99)), VALUE(SUBSTITUTE(t,"","",""."")))), INT(1000*(baseSec/tSec)^3) )"),724.0)
A42: F | B42: 100 Breast | C42: 24 | F42: =IFERROR(__xludf.DUMMYFUNCTION("IF( REGEXMATCH(E42, "":""), 60*VALUE(INDEX(SPLIT(E42, "":""),1,1)) + VALUE(INDEX(SPLIT(E42, "":""),1,2)), VALUE(E42) )"),0.0) | I42: =C24 | J42: =C41 | K42: {=INDEX('Podium Target Times'!$C:$C, MATCH(A42&B42, 'Podium Target Times'!$A:$A&'Podium Target Times'!$B:$B, 0))} | L42: =G41+L43 | M42: =IF(L42<60, TEXT(L42,"0.00"), IF(L42<600, TEXT(L42/86400,"m:ss.00"), TEXT(L42/86400,"mm:ss.00"))) | N42: =IFERROR(__xludf.DUMMYFUNCTION("LET( gen,$A42, ev,$B42, t,$M42, hdrs, ARRAYFORMULA(UPPER(TRIM(CLEAN(SUBSTITUTE('AQUA POINTS'!$1:$1,CHAR(160),"" ""))))), col, MATCH(UPPER(ev), hdrs, 0), base, INDEX('AQUA POINTS'!$1:$3, IF(gen=""M"",2,3), col), baseSec, IF(ISNUMBER(base), IF(ba"&"se<1, base*86400, base), IF(REGEXMATCH(base,"":""), VALUE(LEFT(base, FIND("":"",base)-1))*60 + VALUE(MID(base, FIND("":"",base)+1, 99)), VALUE(SUBSTITUTE(base,"","",""."")))), tSec, IF(ISNUMBER(t), IF(t<1, t*86400, t), "&" IF(REGEXMATCH(t,"":""), VALUE(LEFT(t, FIND("":"",t)-1))*60 + VALUE(MID(t, FIND("":"",t)+1, 99)), VALUE(SUBSTITUTE(t,"","",""."")))), INT(1000*(baseSec/tSec)^3) )"),731.0)
A43: F | B43: 100 Breast | C43: 25 | F43: =IFERROR(__xludf.DUMMYFUNCTION("IF( REGEXMATCH(E43, "":""), 60*VALUE(INDEX(SPLIT(E43, "":""),1,1)) + VALUE(INDEX(SPLIT(E43, "":""),1,2)), VALUE(E43) )"),0.0) | I43: =C24 | J43: =C41 | K43: {=INDEX('Podium Target Times'!$C:$C, MATCH(A43&B43, 'Podium Target Times'!$A:$A&'Podium Target Times'!$B:$B, 0))} | L43: =K43 | M43: =IF(L43<60, TEXT(L43,"0.00"), IF(L43<600, TEXT(L43/86400,"m:ss.00"), TEXT(L43/86400,"mm:ss.00"))) | N43: =IFERROR(__xludf.DUMMYFUNCTION("LET( gen,$A43, ev,$B43, t,$M43, hdrs, ARRAYFORMULA(UPPER(TRIM(CLEAN(SUBSTITUTE('AQUA POINTS'!$1:$1,CHAR(160),"" ""))))), col, MATCH(UPPER(ev), hdrs, 0), base, INDEX('AQUA POINTS'!$1:$3, IF(gen=""M"",2,3), col), baseSec, IF(ISNUMBER(base), IF(ba"&"se<1, base*86400, base), IF(REGEXMATCH(base,"":""), VALUE(LEFT(base, FIND("":"",base)-1))*60 + VALUE(MID(base, FIND("":"",base)+1, 99)), VALUE(SUBSTITUTE(base,"","",""."")))), tSec, IF(ISNUMBER(t), IF(t<1, t*86400, t), "&" IF(REGEXMATCH(t,"":""), VALUE(LEFT(t, FIND("":"",t)-1))*60 + VALUE(MID(t, FIND("":"",t)+1, 99)), VALUE(SUBSTITUTE(t,"","",""."")))), INT(1000*(baseSec/tSec)^3) )"),738.0)
A44: F | B44: 100 Fly | C44: 15 | D44: 1 | E44: 1:01.67 | F44: =IFERROR(__xludf.DUMMYFUNCTION("IF( REGEXMATCH(E44, "":""), 60*VALUE(INDEX(SPLIT(E44, "":""),1,1)) + VALUE(INDEX(SPLIT(E44, "":""),1,2)), VALUE(E44) )"),61.67) | G44: 0 | H44: 0 | I44: =C44 | J44: =C61 | K44: {=INDEX('Podium Target Times'!$C:$C, MATCH(A44&B44, 'Podium Target Times'!$A:$A&'Podium Target Times'!$B:$B, 0))} | L44: =L45+G45 | M44: =IF(L44<60, TEXT(L44,"0.00"), IF(L44<600, TEXT(L44/86400,"m:ss.00"), TEXT(L44/86400,"mm:ss.00"))) | N44: =IFERROR(__xludf.DUMMYFUNCTION("LET( gen,$A44, ev,$B44, t,$M44, hdrs, ARRAYFORMULA(UPPER(TRIM(CLEAN(SUBSTITUTE('AQUA POINTS'!$1:$1,CHAR(160),"" ""))))), col, MATCH(UPPER(ev), hdrs, 0), base, INDEX('AQUA POINTS'!$1:$3, IF(gen=""M"",2,3), col), baseSec, IF(ISNUMBER(base), IF(ba"&"se<1, base*86400, base), IF(REGEXMATCH(base,"":""), VALUE(LEFT(base, FIND("":"",base)-1))*60 + VALUE(MID(base, FIND("":"",base)+1, 99)), VALUE(SUBSTITUTE(base,"","",""."")))), tSec, IF(ISNUMBER(t), IF(t<1, t*86400, t), "&" IF(REGEXMATCH(t,"":""), VALUE(LEFT(t, FIND("":"",t)-1))*60 + VALUE(MID(t, FIND("":"",t)+1, 99)), VALUE(SUBSTITUTE(t,"","",""."")))), INT(1000*(baseSec/tSec)^3) )"),617.0) | P44: =A44 | Q44: =B44 | R44: =C44 | S44: =M44 | T44: =N44 | U44: 620
A45: F | B45: 100 Fly | C45: 16 | D45: 1 | E45: 1:00.43 | F45: =IFERROR(__xludf.DUMMYFUNCTION("IF( REGEXMATCH(E45, "":""), 60*VALUE(INDEX(SPLIT(E45, "":""),1,1)) + VALUE(INDEX(SPLIT(E45, "":""),1,2)), VALUE(E45) )"),60.43) | G45: =F44-F45 | H45: 1.24 | I45: =C44 | J45: =C61 | K45: {=INDEX('Podium Target Times'!$C:$C, MATCH(A45&B45, 'Podium Target Times'!$A:$A&'Podium Target Times'!$B:$B, 0))} | L45: =L47+G47 | M45: =IF(L45<60, TEXT(L45,"0.00"), IF(L45<600, TEXT(L45/86400,"m:ss.00"), TEXT(L45/86400,"mm:ss.00"))) | N45: =IFERROR(__xludf.DUMMYFUNCTION("LET( gen,$A45, ev,$B45, t,$M45, hdrs, ARRAYFORMULA(UPPER(TRIM(CLEAN(SUBSTITUTE('AQUA POINTS'!$1:$1,CHAR(160),"" ""))))), col, MATCH(UPPER(ev), hdrs, 0), base, INDEX('AQUA POINTS'!$1:$3, IF(gen=""M"",2,3), col), baseSec, IF(ISNUMBER(base), IF(ba"&"se<1, base*86400, base), IF(REGEXMATCH(base,"":""), VALUE(LEFT(base, FIND("":"",base)-1))*60 + VALUE(MID(base, FIND("":"",base)+1, 99)), VALUE(SUBSTITUTE(base,"","",""."")))), tSec, IF(ISNUMBER(t), IF(t<1, t*86400, t), "&" IF(REGEXMATCH(t,"":""), VALUE(LEFT(t, FIND("":"",t)-1))*60 + VALUE(MID(t, FIND("":"",t)+1, 99)), VALUE(SUBSTITUTE(t,"","",""."")))), INT(1000*(baseSec/tSec)^3) )"),654.0) | P45: =A45 | Q45: =B45 | R45: =C45 | S45: =M45 | T45: =N45
A46: F | B46: 100 Fly | C46: 16 | D46: 2 | E46: 1:01.15 | F46: =IFERROR(__xludf.DUMMYFUNCTION("IF( REGEXMATCH(E46, "":""), 60*VALUE(INDEX(SPLIT(E46, "":""),1,1)) + VALUE(INDEX(SPLIT(E46, "":""),1,2)), VALUE(E46) )"),61.15) | G46: =F44-F45 | H46: 1.24 | I46: =C44 | J46: =C61 | K46: {=INDEX('Podium Target Times'!$C:$C, MATCH(A46&B46, 'Podium Target Times'!$A:$A&'Podium Target Times'!$B:$B, 0))} | L46: =L47+G47 | M46: =IF(L46<60, TEXT(L46,"0.00"), IF(L46<600, TEXT(L46/86400,"m:ss.00"), TEXT(L46/86400,"mm:ss.00"))) | N46: =IFERROR(__xludf.DUMMYFUNCTION("LET( gen,$A46, ev,$B46, t,$M46, hdrs, ARRAYFORMULA(UPPER(TRIM(CLEAN(SUBSTITUTE('AQUA POINTS'!$1:$1,CHAR(160),"" ""))))), col, MATCH(UPPER(ev), hdrs, 0), base, INDEX('AQUA POINTS'!$1:$3, IF(gen=""M"",2,3), col), baseSec, IF(ISNUMBER(base), IF(ba"&"se<1, base*86400, base), IF(REGEXMATCH(base,"":""), VALUE(LEFT(base, FIND("":"",base)-1))*60 + VALUE(MID(base, FIND("":"",base)+1, 99)), VALUE(SUBSTITUTE(base,"","",""."")))), tSec, IF(ISNUMBER(t), IF(t<1, t*86400, t), "&" IF(REGEXMATCH(t,"":""), VALUE(LEFT(t, FIND("":"",t)-1))*60 + VALUE(MID(t, FIND("":"",t)+1, 99)), VALUE(SUBSTITUTE(t,"","",""."")))), INT(1000*(baseSec/tSec)^3) )"),654.0) | P46: =A47 | Q46: =B47 | R46: =C47 | S46: =M47 | T46: =N47
A47: F | B47: 100 Fly | C47: 17 | D47: 1 | E47: 59.56 | F47: =IFERROR(__xludf.DUMMYFUNCTION("IF( REGEXMATCH(E47, "":""), 60*VALUE(INDEX(SPLIT(E47, "":""),1,1)) + VALUE(INDEX(SPLIT(E47, "":""),1,2)), VALUE(E47) )"),59.56) | G47: =average(F45-F47,F46-F48) | H47: 0.875 | I47: =C44 | J47: =C61 | K47: {=INDEX('Podium Target Times'!$C:$C, MATCH(A47&B47, 'Podium Target Times'!$A:$A&'Podium Target Times'!$B:$B, 0))} | L47: =L50+G50 | M47: =IF(L47<60, TEXT(L47,"0.00"), IF(L47<600, TEXT(L47/86400,"m:ss.00"), TEXT(L47/86400,"mm:ss.00"))) | N47: =IFERROR(__xludf.DUMMYFUNCTION("LET( gen,$A47, ev,$B47, t,$M47, hdrs, ARRAYFORMULA(UPPER(TRIM(CLEAN(SUBSTITUTE('AQUA POINTS'!$1:$1,CHAR(160),"" ""))))), col, MATCH(UPPER(ev), hdrs, 0), base, INDEX('AQUA POINTS'!$1:$3, IF(gen=""M"",2,3), col), baseSec, IF(ISNUMBER(base), IF(ba"&"se<1, base*86400, base), IF(REGEXMATCH(base,"":""), VALUE(LEFT(base, FIND("":"",base)-1))*60 + VALUE(MID(base, FIND("":"",base)+1, 99)), VALUE(SUBSTITUTE(base,"","",""."")))), tSec, IF(ISNUMBER(t), IF(t<1, t*86400, t), "&" IF(REGEXMATCH(t,"":""), VALUE(LEFT(t, FIND("":"",t)-1))*60 + VALUE(MID(t, FIND("":"",t)+1, 99)), VALUE(SUBSTITUTE(t,"","",""."")))), INT(1000*(baseSec/tSec)^3) )"),682.0) | P47: =A50 | Q47: =B50 | R47: =C50 | S47: =M50 | T47: =N50
A48: F | B48: 100 Fly | C48: 17 | D48: 2 | E48: 1:00.27 | F48: =IFERROR(__xludf.DUMMYFUNCTION("IF( REGEXMATCH(E48, "":""), 60*VALUE(INDEX(SPLIT(E48, "":""),1,1)) + VALUE(INDEX(SPLIT(E48, "":""),1,2)), VALUE(E48) )"),60.27) | G48: =average(F45-F47,F46-F48) | H48: 0.875 | I48: =C44 | J48: =C61 | K48: {=INDEX('Podium Target Times'!$C:$C, MATCH(A48&B48, 'Podium Target Times'!$A:$A&'Podium Target Times'!$B:$B, 0))} | L48: =L50+G50 | M48: =IF(L48<60, TEXT(L48,"0.00"), IF(L48<600, TEXT(L48/86400,"m:ss.00"), TEXT(L48/86400,"mm:ss.00"))) | N48: =IFERROR(__xludf.DUMMYFUNCTION("LET( gen,$A48, ev,$B48, t,$M48, hdrs, ARRAYFORMULA(UPPER(TRIM(CLEAN(SUBSTITUTE('AQUA POINTS'!$1:$1,CHAR(160),"" ""))))), col, MATCH(UPPER(ev), hdrs, 0), base, INDEX('AQUA POINTS'!$1:$3, IF(gen=""M"",2,3), col), baseSec, IF(ISNUMBER(base), IF(ba"&"se<1, base*86400, base), IF(REGEXMATCH(base,"":""), VALUE(LEFT(base, FIND("":"",base)-1))*60 + VALUE(MID(base, FIND("":"",base)+1, 99)), VALUE(SUBSTITUTE(base,"","",""."")))), tSec, IF(ISNUMBER(t), IF(t<1, t*86400, t), "&" IF(REGEXMATCH(t,"":""), VALUE(LEFT(t, FIND("":"",t)-1))*60 + VALUE(MID(t, FIND("":"",t)+1, 99)), VALUE(SUBSTITUTE(t,"","",""."")))), INT(1000*(baseSec/tSec)^3) )"),682.0) | P48: =A53 | Q48: =B53 | R48: =C53 | S48: =M53 | T48: =N53
A49: F | B49: 100 Fly | C49: 17 | D49: 3 | E49: 1:00.47 | F49: =IFERROR(__xludf.DUMMYFUNCTION("IF( REGEXMATCH(E49, "":""), 60*VALUE(INDEX(SPLIT(E49, "":""),1,1)) + VALUE(INDEX(SPLIT(E49, "":""),1,2)), VALUE(E49) )"),60.47) | G49: =average(F45-F47,F46-F48) | H49: 0.875 | I49: =C44 | J49: =C61 | K49: {=INDEX('Podium Target Times'!$C:$C, MATCH(A49&B49, 'Podium Target Times'!$A:$A&'Podium Target Times'!$B:$B, 0))} | L49: =L50+G50 | M49: =IF(L49<60, TEXT(L49,"0.00"), IF(L49<600, TEXT(L49/86400,"m:ss.00"), TEXT(L49/86400,"mm:ss.00"))) | N49: =IFERROR(__xludf.DUMMYFUNCTION("LET( gen,$A49, ev,$B49, t,$M49, hdrs, ARRAYFORMULA(UPPER(TRIM(CLEAN(SUBSTITUTE('AQUA POINTS'!$1:$1,CHAR(160),"" ""))))), col, MATCH(UPPER(ev), hdrs, 0), base, INDEX('AQUA POINTS'!$1:$3, IF(gen=""M"",2,3), col), baseSec, IF(ISNUMBER(base), IF(ba"&"se<1, base*86400, base), IF(REGEXMATCH(base,"":""), VALUE(LEFT(base, FIND("":"",base)-1))*60 + VALUE(MID(base, FIND("":"",base)+1, 99)), VALUE(SUBSTITUTE(base,"","",""."")))), tSec, IF(ISNUMBER(t), IF(t<1, t*86400, t), "&" IF(REGEXMATCH(t,"":""), VALUE(LEFT(t, FIND("":"",t)-1))*60 + VALUE(MID(t, FIND("":"",t)+1, 99)), VALUE(SUBSTITUTE(t,"","",""."")))), INT(1000*(baseSec/tSec)^3) )"),682.0) | P49: =A56 | Q49: =B56 | R49: =C56 | S49: =M56 | T49: =N56
A50: F | B50: 100 Fly | C50: 18 | D50: 1 | E50: 59.57 | F50: =IFERROR(__xludf.DUMMYFUNCTION("IF( REGEXMATCH(E50, "":""), 60*VALUE(INDEX(SPLIT(E50, "":""),1,1)) + VALUE(INDEX(SPLIT(E50, "":""),1,2)), VALUE(E50) )"),59.57) | G50: =average(F47-F50,F48-F51,F49-F52) | H50: 0.39666667 | I50: =C44 | J50: =C61 | K50: {=INDEX('Podium Target Times'!$C:$C, MATCH(A50&B50, 'Podium Target Times'!$A:$A&'Podium Target Times'!$B:$B, 0))} | L50: =L53+G53 | M50: =IF(L50<60, TEXT(L50,"0.00"), IF(L50<600, TEXT(L50/86400,"m:ss.00"), TEXT(L50/86400,"mm:ss.00"))) | N50: =IFERROR(__xludf.DUMMYFUNCTION("LET( gen,$A50, ev,$B50, t,$M50, hdrs, ARRAYFORMULA(UPPER(TRIM(CLEAN(SUBSTITUTE('AQUA POINTS'!$1:$1,CHAR(160),"" ""))))), col, MATCH(UPPER(ev), hdrs, 0), base, INDEX('AQUA POINTS'!$1:$3, IF(gen=""M"",2,3), col), baseSec, IF(ISNUMBER(base), IF(ba"&"se<1, base*86400, base), IF(REGEXMATCH(base,"":""), VALUE(LEFT(base, FIND("":"",base)-1))*60 + VALUE(MID(base, FIND("":"",base)+1, 99)), VALUE(SUBSTITUTE(base,"","",""."")))), tSec, IF(ISNUMBER(t), IF(t<1, t*86400, t), "&" IF(REGEXMATCH(t,"":""), VALUE(LEFT(t, FIND("":"",t)-1))*60 + VALUE(MID(t, FIND("":"",t)+1, 99)), VALUE(SUBSTITUTE(t,"","",""."")))), INT(1000*(baseSec/tSec)^3) )"),695.0) | P50: =A58 | Q50: =B58 | R50: =C58 | S50: =M58 | T50: =N58
A51: F | B51: 100 Fly | C51: 18 | D51: 2 | E51: 59.77 | F51: =IFERROR(__xludf.DUMMYFUNCTION("IF( REGEXMATCH(E51, "":""), 60*VALUE(INDEX(SPLIT(E51, "":""),1,1)) + VALUE(INDEX(SPLIT(E51, "":""),1,2)), VALUE(E51) )"),59.77) | G51: =average(F47-F50,F48-F51,F49-F52) | H51: 0.39666667 | I51: =C44 | J51: =C61 | K51: {=INDEX('Podium Target Times'!$C:$C, MATCH(A51&B51, 'Podium Target Times'!$A:$A&'Podium Target Times'!$B:$B, 0))} | L51: =L53+G53 | M51: =IF(L51<60, TEXT(L51,"0.00"), IF(L51<600, TEXT(L51/86400,"m:ss.00"), TEXT(L51/86400,"mm:ss.00"))) | N51: =IFERROR(__xludf.DUMMYFUNCTION("LET( gen,$A51, ev,$B51, t,$M51, hdrs, ARRAYFORMULA(UPPER(TRIM(CLEAN(SUBSTITUTE('AQUA POINTS'!$1:$1,CHAR(160),"" ""))))), col, MATCH(UPPER(ev), hdrs, 0), base, INDEX('AQUA POINTS'!$1:$3, IF(gen=""M"",2,3), col), baseSec, IF(ISNUMBER(base), IF(ba"&"se<1, base*86400, base), IF(REGEXMATCH(base,"":""), VALUE(LEFT(base, FIND("":"",base)-1))*60 + VALUE(MID(base, FIND("":"",base)+1, 99)), VALUE(SUBSTITUTE(base,"","",""."")))), tSec, IF(ISNUMBER(t), IF(t<1, t*86400, t), "&" IF(REGEXMATCH(t,"":""), VALUE(LEFT(t, FIND("":"",t)-1))*60 + VALUE(MID(t, FIND("":"",t)+1, 99)), VALUE(SUBSTITUTE(t,"","",""."")))), INT(1000*(baseSec/tSec)^3) )"),695.0) | P51: =A60 | Q51: =B60 | R51: =C60 | S51: =M60 | T51: =N60
A52: F | B52: 100 Fly | C52: 18 | D52: 3 | E52: 59.77 | F52: =IFERROR(__xludf.DUMMYFUNCTION("IF( REGEXMATCH(E52, "":""), 60*VALUE(INDEX(SPLIT(E52, "":""),1,1)) + VALUE(INDEX(SPLIT(E52, "":""),1,2)), VALUE(E52) )"),59.77) | G52: =average(F47-F50,F48-F51,F49-F52) | H52: 0.39666667 | I52: =C44 | J52: =C61 | K52: {=INDEX('Podium Target Times'!$C:$C, MATCH(A52&B52, 'Podium Target Times'!$A:$A&'Podium Target Times'!$B:$B, 0))} | L52: =L53+G53 | M52: =IF(L52<60, TEXT(L52,"0.00"), IF(L52<600, TEXT(L52/86400,"m:ss.00"), TEXT(L52/86400,"mm:ss.00"))) | N52: =IFERROR(__xludf.DUMMYFUNCTION("LET( gen,$A52, ev,$B52, t,$M52, hdrs, ARRAYFORMULA(UPPER(TRIM(CLEAN(SUBSTITUTE('AQUA POINTS'!$1:$1,CHAR(160),"" ""))))), col, MATCH(UPPER(ev), hdrs, 0), base, INDEX('AQUA POINTS'!$1:$3, IF(gen=""M"",2,3), col), baseSec, IF(ISNUMBER(base), IF(ba"&"se<1, base*86400, base), IF(REGEXMATCH(base,"":""), VALUE(LEFT(base, FIND("":"",base)-1))*60 + VALUE(MID(base, FIND("":"",base)+1, 99)), VALUE(SUBSTITUTE(base,"","",""."")))), tSec, IF(ISNUMBER(t), IF(t<1, t*86400, t), "&" IF(REGEXMATCH(t,"":""), VALUE(LEFT(t, FIND("":"",t)-1))*60 + VALUE(MID(t, FIND("":"",t)+1, 99)), VALUE(SUBSTITUTE(t,"","",""."")))), INT(1000*(baseSec/tSec)^3) )"),695.0) | P52: =A61 | Q52: =B61 | R52: =C61 | S52: =M61 | T52: =N61 | U52: 760
A53: F | B53: 100 Fly | C53: 19 | D53: 1 | E53: 58.33 | F53: =IFERROR(__xludf.DUMMYFUNCTION("IF( REGEXMATCH(E53, "":""), 60*VALUE(INDEX(SPLIT(E53, "":""),1,1)) + VALUE(INDEX(SPLIT(E53, "":""),1,2)), VALUE(E53) )"),58.33) | G53: =average(F50-F53,F51-F54,F52-F55) | H53: 0.84333333 | I53: =C44 | J53: =C61 | K53: {=INDEX('Podium Target Times'!$C:$C, MATCH(A53&B53, 'Podium Target Times'!$A:$A&'Podium Target Times'!$B:$B, 0))} | L53: =L56+G56 | M53: =IF(L53<60, TEXT(L53,"0.00"), IF(L53<600, TEXT(L53/86400,"m:ss.00"), TEXT(L53/86400,"mm:ss.00"))) | N53: =IFERROR(__xludf.DUMMYFUNCTION("LET( gen,$A53, ev,$B53, t,$M53, hdrs, ARRAYFORMULA(UPPER(TRIM(CLEAN(SUBSTITUTE('AQUA POINTS'!$1:$1,CHAR(160),"" ""))))), col, MATCH(UPPER(ev), hdrs, 0), base, INDEX('AQUA POINTS'!$1:$3, IF(gen=""M"",2,3), col), baseSec, IF(ISNUMBER(base), IF(ba"&"se<1, base*86400, base), IF(REGEXMATCH(base,"":""), VALUE(LEFT(base, FIND("":"",base)-1))*60 + VALUE(MID(base, FIND("":"",base)+1, 99)), VALUE(SUBSTITUTE(base,"","",""."")))), tSec, IF(ISNUMBER(t), IF(t<1, t*86400, t), "&" IF(REGEXMATCH(t,"":""), VALUE(LEFT(t, FIND("":"",t)-1))*60 + VALUE(MID(t, FIND("":"",t)+1, 99)), VALUE(SUBSTITUTE(t,"","",""."")))), INT(1000*(baseSec/tSec)^3) )"),724.0) | P53: =P52 | Q53: =Q52 | R53: =R52+1 | S53: =M62 | T53: =N62
A54: F | B54: 100 Fly | C54: 19 | D54: 2 | E54: 59.03 | F54: =IFERROR(__xludf.DUMMYFUNCTION("IF( REGEXMATCH(E54, "":""), 60*VALUE(INDEX(SPLIT(E54, "":""),1,1)) + VALUE(INDEX(SPLIT(E54, "":""),1,2)), VALUE(E54) )"),59.03) | G54: =average(F50-F53,F51-F54,F52-F55) | H54: 0.84333333 | I54: =C44 | J54: =C61 | K54: {=INDEX('Podium Target Times'!$C:$C, MATCH(A54&B54, 'Podium Target Times'!$A:$A&'Podium Target Times'!$B:$B, 0))} | L54: =L56+G56 | M54: =IF(L54<60, TEXT(L54,"0.00"), IF(L54<600, TEXT(L54/86400,"m:ss.00"), TEXT(L54/86400,"mm:ss.00"))) | N54: =IFERROR(__xludf.DUMMYFUNCTION("LET( gen,$A54, ev,$B54, t,$M54, hdrs, ARRAYFORMULA(UPPER(TRIM(CLEAN(SUBSTITUTE('AQUA POINTS'!$1:$1,CHAR(160),"" ""))))), col, MATCH(UPPER(ev), hdrs, 0), base, INDEX('AQUA POINTS'!$1:$3, IF(gen=""M"",2,3), col), baseSec, IF(ISNUMBER(base), IF(ba"&"se<1, base*86400, base), IF(REGEXMATCH(base,"":""), VALUE(LEFT(base, FIND("":"",base)-1))*60 + VALUE(MID(base, FIND("":"",base)+1, 99)), VALUE(SUBSTITUTE(base,"","",""."")))), tSec, IF(ISNUMBER(t), IF(t<1, t*86400, t), "&" IF(REGEXMATCH(t,"":""), VALUE(LEFT(t, FIND("":"",t)-1))*60 + VALUE(MID(t, FIND("":"",t)+1, 99)), VALUE(SUBSTITUTE(t,"","",""."")))), INT(1000*(baseSec/tSec)^3) )"),724.0) | P54: =P53 | Q54: =Q53 | R54: =R53+1 | S54: =M63 | T54: =N63
A55: F | B55: 100 Fly | C55: 19 | D55: 3 | E55: 59.22 | F55: =IFERROR(__xludf.DUMMYFUNCTION("IF( REGEXMATCH(E55, "":""), 60*VALUE(INDEX(SPLIT(E55, "":""),1,1)) + VALUE(INDEX(SPLIT(E55, "":""),1,2)), VALUE(E55) )"),59.22) | G55: =average(F50-F53,F51-F54,F52-F55) | H55: 0.84333333 | I55: =C44 | J55: =C61 | K55: {=INDEX('Podium Target Times'!$C:$C, MATCH(A55&B55, 'Podium Target Times'!$A:$A&'Podium Target Times'!$B:$B, 0))} | L55: =L56+G56 | M55: =IF(L55<60, TEXT(L55,"0.00"), IF(L55<600, TEXT(L55/86400,"m:ss.00"), TEXT(L55/86400,"mm:ss.00"))) | N55: =IFERROR(__xludf.DUMMYFUNCTION("LET( gen,$A55, ev,$B55, t,$M55, hdrs, ARRAYFORMULA(UPPER(TRIM(CLEAN(SUBSTITUTE('AQUA POINTS'!$1:$1,CHAR(160),"" ""))))), col, MATCH(UPPER(ev), hdrs, 0), base, INDEX('AQUA POINTS'!$1:$3, IF(gen=""M"",2,3), col), baseSec, IF(ISNUMBER(base), IF(ba"&"se<1, base*86400, base), IF(REGEXMATCH(base,"":""), VALUE(LEFT(base, FIND("":"",base)-1))*60 + VALUE(MID(base, FIND("":"",base)+1, 99)), VALUE(SUBSTITUTE(base,"","",""."")))), tSec, IF(ISNUMBER(t), IF(t<1, t*86400, t), "&" IF(REGEXMATCH(t,"":""), VALUE(LEFT(t, FIND("":"",t)-1))*60 + VALUE(MID(t, FIND("":"",t)+1, 99)), VALUE(SUBSTITUTE(t,"","",""."")))), INT(1000*(baseSec/tSec)^3) )"),724.0)
A56: F | B56: 100 Fly | C56: 20 | D56: 2 | E56: 58.60 | F56: =IFERROR(__xludf.DUMMYFUNCTION("IF( REGEXMATCH(E56, "":""), 60*VALUE(INDEX(SPLIT(E56, "":""),1,1)) + VALUE(INDEX(SPLIT(E56, "":""),1,2)), VALUE(E56) )"),58.6) | G56: =average(F54-F56,F55-F57) | H56: 0.425 | I56: =C44 | J56: =C61 | K56: {=INDEX('Podium Target Times'!$C:$C, MATCH(A56&B56, 'Podium Target Times'!$A:$A&'Podium Target Times'!$B:$B, 0))} | L56: =L58+G58 | M56: =IF(L56<60, TEXT(L56,"0.00"), IF(L56<600, TEXT(L56/86400,"m:ss.00"), TEXT(L56/86400,"mm:ss.00"))) | N56: =IFERROR(__xludf.DUMMYFUNCTION("LET( gen,$A56, ev,$B56, t,$M56, hdrs, ARRAYFORMULA(UPPER(TRIM(CLEAN(SUBSTITUTE('AQUA POINTS'!$1:$1,CHAR(160),"" ""))))), col, MATCH(UPPER(ev), hdrs, 0), base, INDEX('AQUA POINTS'!$1:$3, IF(gen=""M"",2,3), col), baseSec, IF(ISNUMBER(base), IF(ba"&"se<1, base*86400, base), IF(REGEXMATCH(base,"":""), VALUE(LEFT(base, FIND("":"",base)-1))*60 + VALUE(MID(base, FIND("":"",base)+1, 99)), VALUE(SUBSTITUTE(base,"","",""."")))), tSec, IF(ISNUMBER(t), IF(t<1, t*86400, t), "&" IF(REGEXMATCH(t,"":""), VALUE(LEFT(t, FIND("":"",t)-1))*60 + VALUE(MID(t, FIND("":"",t)+1, 99)), VALUE(SUBSTITUTE(t,"","",""."")))), INT(1000*(baseSec/tSec)^3) )"),739.0)
A57: F | B57: 100 Fly | C57: 20 | D57: 3 | E57: 58.80 | F57: =IFERROR(__xludf.DUMMYFUNCTION("IF( REGEXMATCH(E57, "":""), 60*VALUE(INDEX(SPLIT(E57, "":""),1,1)) + VALUE(INDEX(SPLIT(E57, "":""),1,2)), VALUE(E57) )"),58.8) | G57: =average(F54-F56,F55-F57) | H57: 0.425 | I57: =C44 | J57: =C61 | K57: {=INDEX('Podium Target Times'!$C:$C, MATCH(A57&B57, 'Podium Target Times'!$A:$A&'Podium Target Times'!$B:$B, 0))} | L57: =L58+G58 | M57: =IF(L57<60, TEXT(L57,"0.00"), IF(L57<600, TEXT(L57/86400,"m:ss.00"), TEXT(L57/86400,"mm:ss.00"))) | N57: =IFERROR(__xludf.DUMMYFUNCTION("LET( gen,$A57, ev,$B57, t,$M57, hdrs, ARRAYFORMULA(UPPER(TRIM(CLEAN(SUBSTITUTE('AQUA POINTS'!$1:$1,CHAR(160),"" ""))))), col, MATCH(UPPER(ev), hdrs, 0), base, INDEX('AQUA POINTS'!$1:$3, IF(gen=""M"",2,3), col), baseSec, IF(ISNUMBER(base), IF(ba"&"se<1, base*86400, base), IF(REGEXMATCH(base,"":""), VALUE(LEFT(base, FIND("":"",base)-1))*60 + VALUE(MID(base, FIND("":"",base)+1, 99)), VALUE(SUBSTITUTE(base,"","",""."")))), tSec, IF(ISNUMBER(t), IF(t<1, t*86400, t), "&" IF(REGEXMATCH(t,"":""), VALUE(LEFT(t, FIND("":"",t)-1))*60 + VALUE(MID(t, FIND("":"",t)+1, 99)), VALUE(SUBSTITUTE(t,"","",""."")))), INT(1000*(baseSec/tSec)^3) )"),739.0)
A58: F | B58: 100 Fly | C58: 21 | D58: 2 | E58: 58.33 | F58: =IFERROR(__xludf.DUMMYFUNCTION("IF( REGEXMATCH(E58, "":""), 60*VALUE(INDEX(SPLIT(E58, "":""),1,1)) + VALUE(INDEX(SPLIT(E58, "":""),1,2)), VALUE(E58) )"),58.33) | G58: =average(F56-F58,F57-F59) | H58: 0.275 | I58: =C44 | J58: =C61 | K58: {=INDEX('Podium Target Times'!$C:$C, MATCH(A58&B58, 'Podium Target Times'!$A:$A&'Podium Target Times'!$B:$B, 0))} | L58: =L60+G60 | M58: =IF(L58<60, TEXT(L58,"0.00"), IF(L58<600, TEXT(L58/86400,"m:ss.00"), TEXT(L58/86400,"mm:ss.00"))) | N58: =IFERROR(__xludf.DUMMYFUNCTION("LET( gen,$A58, ev,$B58, t,$M58, hdrs, ARRAYFORMULA(UPPER(TRIM(CLEAN(SUBSTITUTE('AQUA POINTS'!$1:$1,CHAR(160),"" ""))))), col, MATCH(UPPER(ev), hdrs, 0), base, INDEX('AQUA POINTS'!$1:$3, IF(gen=""M"",2,3), col), baseSec, IF(ISNUMBER(base), IF(ba"&"se<1, base*86400, base), IF(REGEXMATCH(base,"":""), VALUE(LEFT(base, FIND("":"",base)-1))*60 + VALUE(MID(base, FIND("":"",base)+1, 99)), VALUE(SUBSTITUTE(base,"","",""."")))), tSec, IF(ISNUMBER(t), IF(t<1, t*86400, t), "&" IF(REGEXMATCH(t,"":""), VALUE(LEFT(t, FIND("":"",t)-1))*60 + VALUE(MID(t, FIND("":"",t)+1, 99)), VALUE(SUBSTITUTE(t,"","",""."")))), INT(1000*(baseSec/tSec)^3) )"),749.0)
A59: F | B59: 100 Fly | C59: 21 | D59: 3 | E59: 58.52 | F59: =IFERROR(__xludf.DUMMYFUNCTION("IF( REGEXMATCH(E59, "":""), 60*VALUE(INDEX(SPLIT(E59, "":""),1,1)) + VALUE(INDEX(SPLIT(E59, "":""),1,2)), VALUE(E59) )"),58.52) | G59: =average(F56-F58,F57-F59) | H59: 0.275 | I59: =C44 | J59: =C61 | K59: {=INDEX('Podium Target Times'!$C:$C, MATCH(A59&B59, 'Podium Target Times'!$A:$A&'Podium Target Times'!$B:$B, 0))} | L59: =L60+G60 | M59: =IF(L59<60, TEXT(L59,"0.00"), IF(L59<600, TEXT(L59/86400,"m:ss.00"), TEXT(L59/86400,"mm:ss.00"))) | N59: =IFERROR(__xludf.DUMMYFUNCTION("LET( gen,$A59, ev,$B59, t,$M59, hdrs, ARRAYFORMULA(UPPER(TRIM(CLEAN(SUBSTITUTE('AQUA POINTS'!$1:$1,CHAR(160),"" ""))))), col, MATCH(UPPER(ev), hdrs, 0), base, INDEX('AQUA POINTS'!$1:$3, IF(gen=""M"",2,3), col), baseSec, IF(ISNUMBER(base), IF(ba"&"se<1, base*86400, base), IF(REGEXMATCH(base,"":""), VALUE(LEFT(base, FIND("":"",base)-1))*60 + VALUE(MID(base, FIND("":"",base)+1, 99)), VALUE(SUBSTITUTE(base,"","",""."")))), tSec, IF(ISNUMBER(t), IF(t<1, t*86400, t), "&" IF(REGEXMATCH(t,"":""), VALUE(LEFT(t, FIND("":"",t)-1))*60 + VALUE(MID(t, FIND("":"",t)+1, 99)), VALUE(SUBSTITUTE(t,"","",""."")))), INT(1000*(baseSec/tSec)^3) )"),749.0)
A60: F | B60: 100 Fly | C60: 22 | D60: 3 | E60: 58.38 | F60: =IFERROR(__xludf.DUMMYFUNCTION("IF( REGEXMATCH(E60, "":""), 60*VALUE(INDEX(SPLIT(E60, "":""),1,1)) + VALUE(INDEX(SPLIT(E60, "":""),1,2)), VALUE(E60) )"),58.38) | G60: =F59-F60 | H60: 0.14 | I60: =C44 | J60: =C61 | K60: {=INDEX('Podium Target Times'!$C:$C, MATCH(A60&B60, 'Podium Target Times'!$A:$A&'Podium Target Times'!$B:$B, 0))} | L60: =L61+G61 | M60: =IF(L60<60, TEXT(L60,"0.00"), IF(L60<600, TEXT(L60/86400,"m:ss.00"), TEXT(L60/86400,"mm:ss.00"))) | N60: =IFERROR(__xludf.DUMMYFUNCTION("LET( gen,$A60, ev,$B60, t,$M60, hdrs, ARRAYFORMULA(UPPER(TRIM(CLEAN(SUBSTITUTE('AQUA POINTS'!$1:$1,CHAR(160),"" ""))))), col, MATCH(UPPER(ev), hdrs, 0), base, INDEX('AQUA POINTS'!$1:$3, IF(gen=""M"",2,3), col), baseSec, IF(ISNUMBER(base), IF(ba"&"se<1, base*86400, base), IF(REGEXMATCH(base,"":""), VALUE(LEFT(base, FIND("":"",base)-1))*60 + VALUE(MID(base, FIND("":"",base)+1, 99)), VALUE(SUBSTITUTE(base,"","",""."")))), tSec, IF(ISNUMBER(t), IF(t<1, t*86400, t), "&" IF(REGEXMATCH(t,"":""), VALUE(LEFT(t, FIND("":"",t)-1))*60 + VALUE(MID(t, FIND("":"",t)+1, 99)), VALUE(SUBSTITUTE(t,"","",""."")))), INT(1000*(baseSec/tSec)^3) )"),754.0)
A61: F | B61: 100 Fly | C61: 23 | D61: 3 | E61: 58.33 | F61: =IFERROR(__xludf.DUMMYFUNCTION("IF( REGEXMATCH(E61, "":""), 60*VALUE(INDEX(SPLIT(E61, "":""),1,1)) + VALUE(INDEX(SPLIT(E61, "":""),1,2)), VALUE(E61) )"),58.33) | G61: =F60-F61 | H61: 0.05 | I61: =C44 | J61: =C61 | K61: {=INDEX('Podium Target Times'!$C:$C, MATCH(A61&B61, 'Podium Target Times'!$A:$A&'Podium Target Times'!$B:$B, 0))} | L61: =G61+L62 | M61: =IF(L61<60, TEXT(L61,"0.00"), IF(L61<600, TEXT(L61/86400,"m:ss.00"), TEXT(L61/86400,"mm:ss.00"))) | N61: =IFERROR(__xludf.DUMMYFUNCTION("LET( gen,$A61, ev,$B61, t,$M61, hdrs, ARRAYFORMULA(UPPER(TRIM(CLEAN(SUBSTITUTE('AQUA POINTS'!$1:$1,CHAR(160),"" ""))))), col, MATCH(UPPER(ev), hdrs, 0), base, INDEX('AQUA POINTS'!$1:$3, IF(gen=""M"",2,3), col), baseSec, IF(ISNUMBER(base), IF(ba"&"se<1, base*86400, base), IF(REGEXMATCH(base,"":""), VALUE(LEFT(base, FIND("":"",base)-1))*60 + VALUE(MID(base, FIND("":"",base)+1, 99)), VALUE(SUBSTITUTE(base,"","",""."")))), tSec, IF(ISNUMBER(t), IF(t<1, t*86400, t), "&" IF(REGEXMATCH(t,"":""), VALUE(LEFT(t, FIND("":"",t)-1))*60 + VALUE(MID(t, FIND("":"",t)+1, 99)), VALUE(SUBSTITUTE(t,"","",""."")))), INT(1000*(baseSec/tSec)^3) )"),756.0)
A62: F | B62: 100 Fly | C62: 24 | F62: =IFERROR(__xludf.DUMMYFUNCTION("IF( REGEXMATCH(E62, "":""), 60*VALUE(INDEX(SPLIT(E62, "":""),1,1)) + VALUE(INDEX(SPLIT(E62, "":""),1,2)), VALUE(E62) )"),0.0) | I62: =C44 | J62: =C61 | K62: {=INDEX('Podium Target Times'!$C:$C, MATCH(A62&B62, 'Podium Target Times'!$A:$A&'Podium Target Times'!$B:$B, 0))} | L62: =G61+L63 | M62: =IF(L62<60, TEXT(L62,"0.00"), IF(L62<600, TEXT(L62/86400,"m:ss.00"), TEXT(L62/86400,"mm:ss.00"))) | N62: =IFERROR(__xludf.DUMMYFUNCTION("LET( gen,$A62, ev,$B62, t,$M62, hdrs, ARRAYFORMULA(UPPER(TRIM(CLEAN(SUBSTITUTE('AQUA POINTS'!$1:$1,CHAR(160),"" ""))))), col, MATCH(UPPER(ev), hdrs, 0), base, INDEX('AQUA POINTS'!$1:$3, IF(gen=""M"",2,3), col), baseSec, IF(ISNUMBER(base), IF(ba"&"se<1, base*86400, base), IF(REGEXMATCH(base,"":""), VALUE(LEFT(base, FIND("":"",base)-1))*60 + VALUE(MID(base, FIND("":"",base)+1, 99)), VALUE(SUBSTITUTE(base,"","",""."")))), tSec, IF(ISNUMBER(t), IF(t<1, t*86400, t), "&" IF(REGEXMATCH(t,"":""), VALUE(LEFT(t, FIND("":"",t)-1))*60 + VALUE(MID(t, FIND("":"",t)+1, 99)), VALUE(SUBSTITUTE(t,"","",""."")))), INT(1000*(baseSec/tSec)^3) )"),758.0)
A63: F | B63: 100 Fly | C63: 25 | F63: =IFERROR(__xludf.DUMMYFUNCTION("IF( REGEXMATCH(E63, "":""), 60*VALUE(INDEX(SPLIT(E63, "":""),1,1)) + VALUE(INDEX(SPLIT(E63, "":""),1,2)), VALUE(E63) )"),0.0) | I63: =C44 | J63: =C61 | K63: {=INDEX('Podium Target Times'!$C:$C, MATCH(A63&B63, 'Podium Target Times'!$A:$A&'Podium Target Times'!$B:$B, 0))} | L63: =K63 | M63: =IF(L63<60, TEXT(L63,"0.00"), IF(L63<600, TEXT(L63/86400,"m:ss.00"), TEXT(L63/86400,"mm:ss.00"))) | N63: =IFERROR(__xludf.DUMMYFUNCTION("LET( gen,$A63, ev,$B63, t,$M63, hdrs, ARRAYFORMULA(UPPER(TRIM(CLEAN(SUBSTITUTE('AQUA POINTS'!$1:$1,CHAR(160),"" ""))))), col, MATCH(UPPER(ev), hdrs, 0), base, INDEX('AQUA POINTS'!$1:$3, IF(gen=""M"",2,3), col), baseSec, IF(ISNUMBER(base), IF(ba"&"se<1, base*86400, base), IF(REGEXMATCH(base,"":""), VALUE(LEFT(base, FIND("":"",base)-1))*60 + VALUE(MID(base, FIND("":"",base)+1, 99)), VALUE(SUBSTITUTE(base,"","",""."")))), tSec, IF(ISNUMBER(t), IF(t<1, t*86400, t), "&" IF(REGEXMATCH(t,"":""), VALUE(LEFT(t, FIND("":"",t)-1))*60 + VALUE(MID(t, FIND("":"",t)+1, 99)), VALUE(SUBSTITUTE(t,"","",""."")))), INT(1000*(baseSec/tSec)^3) )"),760.0)
A64: F | B64: 100 Free | C64: 15 | D64: 1 | E64: 56.85 | F64: =IFERROR(__xludf.DUMMYFUNCTION("IF( REGEXMATCH(E64, "":""), 60*VALUE(INDEX(SPLIT(E64, "":""),1,1)) + VALUE(INDEX(SPLIT(E64, "":""),1,2)), VALUE(E64) )"),56.85) | G64: 0 | H64: 0 | I64: =C64 | J64: =C81 | K64: {=INDEX('Podium Target Times'!$C:$C, MATCH(A64&B64, 'Podium Target Times'!$A:$A&'Podium Target Times'!$B:$B, 0))} | L64: =L65+G65 | M64: =IF(L64<60, TEXT(L64,"0.00"), IF(L64<600, TEXT(L64/86400,"m:ss.00"), TEXT(L64/86400,"mm:ss.00"))) | N64: =IFERROR(__xludf.DUMMYFUNCTION("LET( gen,$A64, ev,$B64, t,$M64, hdrs, ARRAYFORMULA(UPPER(TRIM(CLEAN(SUBSTITUTE('AQUA POINTS'!$1:$1,CHAR(160),"" ""))))), col, MATCH(UPPER(ev), hdrs, 0), base, INDEX('AQUA POINTS'!$1:$3, IF(gen=""M"",2,3), col), baseSec, IF(ISNUMBER(base), IF(ba"&"se<1, base*86400, base), IF(REGEXMATCH(base,"":""), VALUE(LEFT(base, FIND("":"",base)-1))*60 + VALUE(MID(base, FIND("":"",base)+1, 99)), VALUE(SUBSTITUTE(base,"","",""."")))), tSec, IF(ISNUMBER(t), IF(t<1, t*86400, t), "&" IF(REGEXMATCH(t,"":""), VALUE(LEFT(t, FIND("":"",t)-1))*60 + VALUE(MID(t, FIND("":"",t)+1, 99)), VALUE(SUBSTITUTE(t,"","",""."")))), INT(1000*(baseSec/tSec)^3) )"),635.0) | P64: =A64 | Q64: =B64 | R64: =C64 | S64: =M64 | T64: =N64 | U64: 642
A65: F | B65: 100 Free | C65: 16 | D65: 1 | E65: 55.76 | F65: =IFERROR(__xludf.DUMMYFUNCTION("IF( REGEXMATCH(E65, "":""), 60*VALUE(INDEX(SPLIT(E65, "":""),1,1)) + VALUE(INDEX(SPLIT(E65, "":""),1,2)), VALUE(E65) )"),55.76) | G65: =F64-F65 | H65: 1.09 | I65: =C64 | J65: =C81 | K65: {=INDEX('Podium Target Times'!$C:$C, MATCH(A65&B65, 'Podium Target Times'!$A:$A&'Podium Target Times'!$B:$B, 0))} | L65: =L67+G67 | M65: =IF(L65<60, TEXT(L65,"0.00"), IF(L65<600, TEXT(L65/86400,"m:ss.00"), TEXT(L65/86400,"mm:ss.00"))) | N65: =IFERROR(__xludf.DUMMYFUNCTION("LET( gen,$A65, ev,$B65, t,$M65, hdrs, ARRAYFORMULA(UPPER(TRIM(CLEAN(SUBSTITUTE('AQUA POINTS'!$1:$1,CHAR(160),"" ""))))), col, MATCH(UPPER(ev), hdrs, 0), base, INDEX('AQUA POINTS'!$1:$3, IF(gen=""M"",2,3), col), baseSec, IF(ISNUMBER(base), IF(ba"&"se<1, base*86400, base), IF(REGEXMATCH(base,"":""), VALUE(LEFT(base, FIND("":"",base)-1))*60 + VALUE(MID(base, FIND("":"",base)+1, 99)), VALUE(SUBSTITUTE(base,"","",""."")))), tSec, IF(ISNUMBER(t), IF(t<1, t*86400, t), "&" IF(REGEXMATCH(t,"":""), VALUE(LEFT(t, FIND("":"",t)-1))*60 + VALUE(MID(t, FIND("":"",t)+1, 99)), VALUE(SUBSTITUTE(t,"","",""."")))), INT(1000*(baseSec/tSec)^3) )"),670.0) | P65: =A65 | Q65: =B65 | R65: =C65 | S65: =M65 | T65: =N65
A66: F | B66: 100 Free | C66: 16 | D66: 2 | E66: 56.38 | F66: =IFERROR(__xludf.DUMMYFUNCTION("IF( REGEXMATCH(E66, "":""), 60*VALUE(INDEX(SPLIT(E66, "":""),1,1)) + VALUE(INDEX(SPLIT(E66, "":""),1,2)), VALUE(E66) )"),56.38) | G66: =F64-F65 | H66: 1.09 | I66: =C64 | J66: =C81 | K66: {=INDEX('Podium Target Times'!$C:$C, MATCH(A66&B66, 'Podium Target Times'!$A:$A&'Podium Target Times'!$B:$B, 0))} | L66: =L67+G67 | M66: =IF(L66<60, TEXT(L66,"0.00"), IF(L66<600, TEXT(L66/86400,"m:ss.00"), TEXT(L66/86400,"mm:ss.00"))) | N66: =IFERROR(__xludf.DUMMYFUNCTION("LET( gen,$A66, ev,$B66, t,$M66, hdrs, ARRAYFORMULA(UPPER(TRIM(CLEAN(SUBSTITUTE('AQUA POINTS'!$1:$1,CHAR(160),"" ""))))), col, MATCH(UPPER(ev), hdrs, 0), base, INDEX('AQUA POINTS'!$1:$3, IF(gen=""M"",2,3), col), baseSec, IF(ISNUMBER(base), IF(ba"&"se<1, base*86400, base), IF(REGEXMATCH(base,"":""), VALUE(LEFT(base, FIND("":"",base)-1))*60 + VALUE(MID(base, FIND("":"",base)+1, 99)), VALUE(SUBSTITUTE(base,"","",""."")))), tSec, IF(ISNUMBER(t), IF(t<1, t*86400, t), "&" IF(REGEXMATCH(t,"":""), VALUE(LEFT(t, FIND("":"",t)-1))*60 + VALUE(MID(t, FIND("":"",t)+1, 99)), VALUE(SUBSTITUTE(t,"","",""."")))), INT(1000*(baseSec/tSec)^3) )"),670.0) | P66: =A67 | Q66: =B67 | R66: =C67 | S66: =M67 | T66: =N67
A67: F | B67: 100 Free | C67: 17 | D67: 1 | E67: 55.07 | F67: =IFERROR(__xludf.DUMMYFUNCTION("IF( REGEXMATCH(E67, "":""), 60*VALUE(INDEX(SPLIT(E67, "":""),1,1)) + VALUE(INDEX(SPLIT(E67, "":""),1,2)), VALUE(E67) )"),55.07) | G67: =average(F65-F67,F66-F68) | H67: 0.695 | I67: =C64 | J67: =C81 | K67: {=INDEX('Podium Target Times'!$C:$C, MATCH(A67&B67, 'Podium Target Times'!$A:$A&'Podium Target Times'!$B:$B, 0))} | L67: =L70+G70 | M67: =IF(L67<60, TEXT(L67,"0.00"), IF(L67<600, TEXT(L67/86400,"m:ss.00"), TEXT(L67/86400,"mm:ss.00"))) | N67: =IFERROR(__xludf.DUMMYFUNCTION("LET( gen,$A67, ev,$B67, t,$M67, hdrs, ARRAYFORMULA(UPPER(TRIM(CLEAN(SUBSTITUTE('AQUA POINTS'!$1:$1,CHAR(160),"" ""))))), col, MATCH(UPPER(ev), hdrs, 0), base, INDEX('AQUA POINTS'!$1:$3, IF(gen=""M"",2,3), col), baseSec, IF(ISNUMBER(base), IF(ba"&"se<1, base*86400, base), IF(REGEXMATCH(base,"":""), VALUE(LEFT(base, FIND("":"",base)-1))*60 + VALUE(MID(base, FIND("":"",base)+1, 99)), VALUE(SUBSTITUTE(base,"","",""."")))), tSec, IF(ISNUMBER(t), IF(t<1, t*86400, t), "&" IF(REGEXMATCH(t,"":""), VALUE(LEFT(t, FIND("":"",t)-1))*60 + VALUE(MID(t, FIND("":"",t)+1, 99)), VALUE(SUBSTITUTE(t,"","",""."")))), INT(1000*(baseSec/tSec)^3) )"),695.0) | P67: =A70 | Q67: =B70 | R67: =C70 | S67: =M70 | T67: =N70
A68: F | B68: 100 Free | C68: 17 | D68: 2 | E68: 55.68 | F68: =IFERROR(__xludf.DUMMYFUNCTION("IF( REGEXMATCH(E68, "":""), 60*VALUE(INDEX(SPLIT(E68, "":""),1,1)) + VALUE(INDEX(SPLIT(E68, "":""),1,2)), VALUE(E68) )"),55.68) | G68: =average(F65-F67,F66-F68) | H68: 0.695 | I68: =C64 | J68: =C81 | K68: {=INDEX('Podium Target Times'!$C:$C, MATCH(A68&B68, 'Podium Target Times'!$A:$A&'Podium Target Times'!$B:$B, 0))} | L68: =L70+G70 | M68: =IF(L68<60, TEXT(L68,"0.00"), IF(L68<600, TEXT(L68/86400,"m:ss.00"), TEXT(L68/86400,"mm:ss.00"))) | N68: =IFERROR(__xludf.DUMMYFUNCTION("LET( gen,$A68, ev,$B68, t,$M68, hdrs, ARRAYFORMULA(UPPER(TRIM(CLEAN(SUBSTITUTE('AQUA POINTS'!$1:$1,CHAR(160),"" ""))))), col, MATCH(UPPER(ev), hdrs, 0), base, INDEX('AQUA POINTS'!$1:$3, IF(gen=""M"",2,3), col), baseSec, IF(ISNUMBER(base), IF(ba"&"se<1, base*86400, base), IF(REGEXMATCH(base,"":""), VALUE(LEFT(base, FIND("":"",base)-1))*60 + VALUE(MID(base, FIND("":"",base)+1, 99)), VALUE(SUBSTITUTE(base,"","",""."")))), tSec, IF(ISNUMBER(t), IF(t<1, t*86400, t), "&" IF(REGEXMATCH(t,"":""), VALUE(LEFT(t, FIND("":"",t)-1))*60 + VALUE(MID(t, FIND("":"",t)+1, 99)), VALUE(SUBSTITUTE(t,"","",""."")))), INT(1000*(baseSec/tSec)^3) )"),695.0) | P68: =A73 | Q68: =B73 | R68: =C73 | S68: =M73 | T68: =N73
