Workbook

Sheet MOT Tables 25
A1: Gender | B1: Event | C1: Age | D1: Canada Track | E1: Canada Track Time | F1: Canada Track Time in Seconds | G1: Average Progression Delta | H1: Average Progression Delta VALUE ONLY | I1: Canada Entry Age | J1: Canada Arrival Age | K1: Malaysia Arrival Time (SEA BRONZE) | L1: Malaysia Track Time in Seconds | M1: Malaysia Track Time | N1: Malaysia Track AQUA
A2: F | B2: 100 Back | C2: 13 | D2: 1 | E2: 1:05.85 | F2: =IFERROR(__xludf.DUMMYFUNCTION("IF( REGEXMATCH(E2, "":""), 60*VALUE(INDEX(SPLIT(E2, "":""),1,1)) + VALUE(INDEX(SPLIT(E2, "":""),1,2)), VALUE(E2) )"),65.85) -> 65.85 | G2: 0 | H2: 0 | I2: =C2 -> 13 | J2: =C19 -> 21 | K2: {=INDEX('Podium Target Times'!$C:$C, MATCH(A2&B2, 'Podium Target Times'!$A:$A&'Podium Target Times'!$B:$B, 0))} -> 63.71 | L2: =L3+G3 -> 71.208333 | M2: =IF(L2<60, TEXT(L2,"0.00"), IF(L2<600, TEXT(L2/86400,"m:ss.00"), TEXT(L2/86400,"mm:ss.00"))) -> 1:11.21 | N2: =IFERROR(__xludf.DUMMYFUNCTION("LET( gen,$A2, ev,$B2, t,$M2, hdrs, ARRAYFORMULA(UPPER(TRIM(CLEAN(SUBSTITUTE('AQUA POINTS'!$1:$1,CHAR(160),"" ""))))), col, MATCH(UPPER(ev), hdrs, 0), base, INDEX('AQUA POINTS'!$1:$3, IF(gen=""M"",2,3), col), baseSec, IF(ISNUMBER(base), IF(base<"&"1, base*86400, base), IF(REGEXMATCH(base,"":""), VALUE(LEFT(base, FIND("":"",base)-1))*60 + VALUE(MID(base, FIND("":"",base)+1, 99)), VALUE(SUBSTITUTE(base,"","",""."")))), tSec, IF(ISNUMBER(t), IF(t<1, t*86400, t), "&" IF(REGEXMATCH(t,"":""), VALUE(LEFT(t, FIND("":"",t)-1))*60 + VALUE(MID(t, FIND("":"",t)+1, 99)), VALUE(SUBSTITUTE(t,"","",""."")))), INT(1000*(baseSec/tSec)^3) )"),516.0) -> 516
A3: F | B3: 100 Back | C3: 14 | D3: 1 | E3: 1:03.87 | F3: =IFERROR(__xludf.DUMMYFUNCTION("IF( REGEXMATCH(E3, "":""), 60*VALUE(INDEX(SPLIT(E3, "":""),1,1)) + VALUE(INDEX(SPLIT(E3, "":""),1,2)), VALUE(E3) )"),63.87) -> 63.87 | G3: =F2-F3 -> 1.98 | H3: 1.98 | I3: =C2 -> 13 | J3: =C19 -> 21 | K3: {=INDEX('Podium Target Times'!$C:$C, MATCH(A3&B3, 'Podium Target Times'!$A:$A&'Podium Target Times'!$B:$B, 0))} -> 63.71 | L3: =L5+G5 -> 69.228333 | M3: =IF(L3<60, TEXT(L3,"0.00"), IF(L3<600, TEXT(L3/86400,"m:ss.00"), TEXT(L3/86400,"mm:ss.00"))) -> 1:09.23 | N3: =IFERROR(__xludf.DUMMYFUNCTION("LET( gen,$A3, ev,$B3, t,$M3, hdrs, ARRAYFORMULA(UPPER(TRIM(CLEAN(SUBSTITUTE('AQUA POINTS'!$1:$1,CHAR(160),"" ""))))), col, MATCH(UPPER(ev), hdrs, 0), base, INDEX('AQUA POINTS'!$1:$3, IF(gen=""M"",2,3), col), baseSec, IF(ISNUMBER(base), IF(base<"&"1, base*86400, base), IF(REGEXMATCH(base,"":""), VALUE(LEFT(base, FIND("":"",base)-1))*60 + VALUE(MID(base, FIND("":"",base)+1, 99)), VALUE(SUBSTITUTE(base,"","",""."")))), tSec, IF(ISNUMBER(t), IF(t<1, t*86400, t), "&" IF(REGEXMATCH(t,"":""), VALUE(LEFT(t, FIND("":"",t)-1))*60 + VALUE(MID(t, FIND("":"",t)+1, 99)), VALUE(SUBSTITUTE(t,"","",""."")))), INT(1000*(baseSec/tSec)^3) )"),561.0) -> 561
A4: F | B4: 100 Back | C4: 14 | D4: 2 | E4: 1:04.75 | F4: =IFERROR(__xludf.DUMMYFUNCTION("IF( REGEXMATCH(E4, "":""), 60*VALUE(INDEX(SPLIT(E4, "":""),1,1)) + VALUE(INDEX(SPLIT(E4, "":""),1,2)), VALUE(E4) )"),64.75) -> 64.75 | G4: =F2-F3 -> 1.98 | H4: 1.98 | I4: =C2 -> 13 | J4: =C19 -> 21 | K4: {=INDEX('Podium Target Times'!$C:$C, MATCH(A4&B4, 'Podium Target Times'!$A:$A&'Podium Target Times'!$B:$B, 0))} -> 63.71 | L4: =L5+G5 -> 69.228333 | M4: =IF(L4<60, TEXT(L4,"0.00"), IF(L4<600, TEXT(L4/86400,"m:ss.00"), TEXT(L4/86400,"mm:ss.00"))) -> 1:09.23 | N4: =IFERROR(__xludf.DUMMYFUNCTION("LET( gen,$A4, ev,$B4, t,$M4, hdrs, ARRAYFORMULA(UPPER(TRIM(CLEAN(SUBSTITUTE('AQUA POINTS'!$1:$1,CHAR(160),"" ""))))), col, MATCH(UPPER(ev), hdrs, 0), base, INDEX('AQUA POINTS'!$1:$3, IF(gen=""M"",2,3), col), baseSec, IF(ISNUMBER(base), IF(base<"&"1, base*86400, base), IF(REGEXMATCH(base,"":""), VALUE(LEFT(base, FIND("":"",base)-1))*60 + VALUE(MID(base, FIND("":"",base)+1, 99)), VALUE(SUBSTITUTE(base,"","",""."")))), tSec, IF(ISNUMBER(t), IF(t<1, t*86400, t), "&" IF(REGEXMATCH(t,"":""), VALUE(LEFT(t, FIND("":"",t)-1))*60 + VALUE(MID(t, FIND("":"",t)+1, 99)), VALUE(SUBSTITUTE(t,"","",""."")))), INT(1000*(baseSec/tSec)^3) )"),561.0) -> 561
A5: F | B5: 100 Back | C5: 15 | D5: 1 | E5: 1:02.34 | F5: =IFERROR(__xludf.DUMMYFUNCTION("IF( REGEXMATCH(E5, "":""), 60*VALUE(INDEX(SPLIT(E5, "":""),1,1)) + VALUE(INDEX(SPLIT(E5, "":""),1,2)), VALUE(E5) )"),62.34) -> 62.34 | G5: =average(F3-F5,F4-F6) -> 1.54 | H5: 1.54 | I5: =C2 -> 13 | J5: =C19 -> 21 | K5: {=INDEX('Podium Target Times'!$C:$C, MATCH(A5&B5, 'Podium Target Times'!$A:$A&'Podium Target Times'!$B:$B, 0))} -> 63.71 | L5: =L8+G8 -> 67.688333 | M5: =IF(L5<60, TEXT(L5,"0.00"), IF(L5<600, TEXT(L5/86400,"m:ss.00"), TEXT(L5/86400,"mm:ss.00"))) -> 1:07.69 | N5: =IFERROR(__xludf.DUMMYFUNCTION("LET( gen,$A5, ev,$B5, t,$M5, hdrs, ARRAYFORMULA(UPPER(TRIM(CLEAN(SUBSTITUTE('AQUA POINTS'!$1:$1,CHAR(160),"" ""))))), col, MATCH(UPPER(ev), hdrs, 0), base, INDEX('AQUA POINTS'!$1:$3, IF(gen=""M"",2,3), col), baseSec, IF(ISNUMBER(base), IF(base<"&"1, base*86400, base), IF(REGEXMATCH(base,"":""), VALUE(LEFT(base, FIND("":"",base)-1))*60 + VALUE(MID(base, FIND("":"",base)+1, 99)), VALUE(SUBSTITUTE(base,"","",""."")))), tSec, IF(ISNUMBER(t), IF(t<1, t*86400, t), "&" IF(REGEXMATCH(t,"":""), VALUE(LEFT(t, FIND("":"",t)-1))*60 + VALUE(MID(t, FIND("":"",t)+1, 99)), VALUE(SUBSTITUTE(t,"","",""."")))), INT(1000*(baseSec/tSec)^3) )"),601.0) -> 601
A6: F | B6: 100 Back | C6: 15 | D6: 2 | E6: 1:03.20 | F6: =IFERROR(__xludf.DUMMYFUNCTION("IF( REGEXMATCH(E6, "":""), 60*VALUE(INDEX(SPLIT(E6, "":""),1,1)) + VALUE(INDEX(SPLIT(E6, "":""),1,2)), VALUE(E6) )"),63.2) -> 63.2 | G6: =average(F3-F5,F4-F6) -> 1.54 | H6: 1.54 | I6: =C2 -> 13 | J6: =C19 -> 21 | K6: {=INDEX('Podium Target Times'!$C:$C, MATCH(A6&B6, 'Podium Target Times'!$A:$A&'Podium Target Times'!$B:$B, 0))} -> 63.71 | L6: =L8+G8 -> 67.688333 | M6: =IF(L6<60, TEXT(L6,"0.00"), IF(L6<600, TEXT(L6/86400,"m:ss.00"), TEXT(L6/86400,"mm:ss.00"))) -> 1:07.69 | N6: =IFERROR(__xludf.DUMMYFUNCTION("LET( gen,$A6, ev,$B6, t,$M6, hdrs, ARRAYFORMULA(UPPER(TRIM(CLEAN(SUBSTITUTE('AQUA POINTS'!$1:$1,CHAR(160),"" ""))))), col, MATCH(UPPER(ev), hdrs, 0), base, INDEX('AQUA POINTS'!$1:$3, IF(gen=""M"",2,3), col), baseSec, IF(ISNUMBER(base), IF(base<"&"1, base*86400, base), IF(REGEXMATCH(base,"":""), VALUE(LEFT(base, FIND("":"",base)-1))*60 + VALUE(MID(base, FIND("":"",base)+1, 99)), VALUE(SUBSTITUTE(base,"","",""."")))), tSec, IF(ISNUMBER(t), IF(t<1, t*86400, t), "&" IF(REGEXMATCH(t,"":""), VALUE(LEFT(t, FIND("":"",t)-1))*60 + VALUE(MID(t, FIND("":"",t)+1, 99)), VALUE(SUBSTITUTE(t,"","",""."")))), INT(1000*(baseSec/tSec)^3) )"),601.0) -> 601
A7: F | B7: 100 Back | C7: 15 | D7: 3 | E7: 1:03.66 | F7: =IFERROR(__xludf.DUMMYFUNCTION("IF( REGEXMATCH(E7, "":""), 60*VALUE(INDEX(SPLIT(E7, "":""),1,1)) + VALUE(INDEX(SPLIT(E7, "":""),1,2)), VALUE(E7) )"),63.66) -> 63.66 | G7: =average(F3-F5,F4-F6) -> 1.54 | H7: 1.54 | I7: =C2 -> 13 | J7: =C19 -> 21 | K7: {=INDEX('Podium Target Times'!$C:$C, MATCH(A7&B7, 'Podium Target Times'!$A:$A&'Podium Target Times'!$B:$B, 0))} -> 63.71 | L7: =L8+G8 -> 67.688333 | M7: =IF(L7<60, TEXT(L7,"0.00"), IF(L7<600, TEXT(L7/86400,"m:ss.00"), TEXT(L7/86400,"mm:ss.00"))) -> 1:07.69 | N7: =IFERROR(__xludf.DUMMYFUNCTION("LET( gen,$A7, ev,$B7, t,$M7, hdrs, ARRAYFORMULA(UPPER(TRIM(CLEAN(SUBSTITUTE('AQUA POINTS'!$1:$1,CHAR(160),"" ""))))), col, MATCH(UPPER(ev), hdrs, 0), base, INDEX('AQUA POINTS'!$1:$3, IF(gen=""M"",2,3), col), baseSec, IF(ISNUMBER(base), IF(base<"&"1, base*86400, base), IF(REGEXMATCH(base,"":""), VALUE(LEFT(base, FIND("":"",base)-1))*60 + VALUE(MID(base, FIND("":"",base)+1, 99)), VALUE(SUBSTITUTE(base,"","",""."")))), tSec, IF(ISNUMBER(t), IF(t<1, t*86400, t), "&" IF(REGEXMATCH(t,"":""), VALUE(LEFT(t, FIND("":"",t)-1))*60 + VALUE(MID(t, FIND("":"",t)+1, 99)), VALUE(SUBSTITUTE(t,"","",""."")))), INT(1000*(baseSec/tSec)^3) )"),601.0) -> 601
A8: F | B8: 100 Back | C8: 16 | D8: 1 | E8: 1:01.22 | F8: =IFERROR(__xludf.DUMMYFUNCTION("IF( REGEXMATCH(E8, "":""), 60*VALUE(INDEX(SPLIT(E8, "":""),1,1)) + VALUE(INDEX(SPLIT(E8, "":""),1,2)), VALUE(E8) )"),61.22) -> 61.22 | G8: =average(F5-F8,F6-F9,F7-F10) -> 1.1333333 | H8: 1.1333333 | I8: =C2 -> 13 | J8: =C19 -> 21 | K8: {=INDEX('Podium Target Times'!$C:$C, MATCH(A8&B8, 'Podium Target Times'!$A:$A&'Podium Target Times'!$B:$B, 0))} -> 63.71 | L8: =L11+G11 -> 66.555 | M8: =IF(L8<60, TEXT(L8,"0.00"), IF(L8<600, TEXT(L8/86400,"m:ss.00"), TEXT(L8/86400,"mm:ss.00"))) -> 1:06.56 | N8: =IFERROR(__xludf.DUMMYFUNCTION("LET( gen,$A8, ev,$B8, t,$M8, hdrs, ARRAYFORMULA(UPPER(TRIM(CLEAN(SUBSTITUTE('AQUA POINTS'!$1:$1,CHAR(160),"" ""))))), col, MATCH(UPPER(ev), hdrs, 0), base, INDEX('AQUA POINTS'!$1:$3, IF(gen=""M"",2,3), col), baseSec, IF(ISNUMBER(base), IF(base<"&"1, base*86400, base), IF(REGEXMATCH(base,"":""), VALUE(LEFT(base, FIND("":"",base)-1))*60 + VALUE(MID(base, FIND("":"",base)+1, 99)), VALUE(SUBSTITUTE(base,"","",""."")))), tSec, IF(ISNUMBER(t), IF(t<1, t*86400, t), "&" IF(REGEXMATCH(t,"":""), VALUE(LEFT(t, FIND("":"",t)-1))*60 + VALUE(MID(t, FIND("":"",t)+1, 99)), VALUE(SUBSTITUTE(t,"","",""."")))), INT(1000*(baseSec/tSec)^3) )"),632.0) -> 632
A9: F | B9: 100 Back | C9: 16 | D9: 2 | E9: 1:02.06 | F9: =IFERROR(__xludf.DUMMYFUNCTION("IF( REGEXMATCH(E9, "":""), 60*VALUE(INDEX(SPLIT(E9, "":""),1,1)) + VALUE(INDEX(SPLIT(E9, "":""),1,2)), VALUE(E9) )"),62.06) -> 62.06 | G9: =average(F5-F8,F6-F9,F7-F10) -> 1.1333333 | H9: 1.1333333 | I9: =C2 -> 13 | J9: =C19 -> 21 | K9: {=INDEX('Podium Target Times'!$C:$C, MATCH(A9&B9, 'Podium Target Times'!$A:$A&'Podium Target Times'!$B:$B, 0))} -> 63.71 | L9: =L11+G11 -> 66.555 | M9: =IF(L9<60, TEXT(L9,"0.00"), IF(L9<600, TEXT(L9/86400,"m:ss.00"), TEXT(L9/86400,"mm:ss.00"))) -> 1:06.56 | N9: =IFERROR(__xludf.DUMMYFUNCTION("LET( gen,$A9, ev,$B9, t,$M9, hdrs, ARRAYFORMULA(UPPER(TRIM(CLEAN(SUBSTITUTE('AQUA POINTS'!$1:$1,CHAR(160),"" ""))))), col, MATCH(UPPER(ev), hdrs, 0), base, INDEX('AQUA POINTS'!$1:$3, IF(gen=""M"",2,3), col), baseSec, IF(ISNUMBER(base), IF(base<"&"1, base*86400, base), IF(REGEXMATCH(base,"":""), VALUE(LEFT(base, FIND("":"",base)-1))*60 + VALUE(MID(base, FIND("":"",base)+1, 99)), VALUE(SUBSTITUTE(base,"","",""."")))), tSec, IF(ISNUMBER(t), IF(t<1, t*86400, t), "&" IF(REGEXMATCH(t,"":""), VALUE(LEFT(t, FIND("":"",t)-1))*60 + VALUE(MID(t, FIND("":"",t)+1, 99)), VALUE(SUBSTITUTE(t,"","",""."")))), INT(1000*(baseSec/tSec)^3) )"),632.0) -> 632
A10: F | B10: 100 Back | C10: 16 | D10: 3 | E10: 1:02.52 | F10: =IFERROR(__xludf.DUMMYFUNCTION("IF( REGEXMATCH(E10, "":""), 60*VALUE(INDEX(SPLIT(E10, "":""),1,1)) + VALUE(INDEX(SPLIT(E10, "":""),1,2)), VALUE(E10) )"),62.52) -> 62.52 | G10: =average(F5-F8,F6-F9,F7-F10) -> 1.1333333 | H10: 1.1333333 | I10: =C2 -> 13 | J10: =C19 -> 21 | K10: {=INDEX('Podium Target Times'!$C:$C, MATCH(A10&B10, 'Podium Target Times'!$A:$A&'Podium Target Times'!$B:$B, 0))} -> 63.71 | L10: =L11+G11 -> 66.555 | M10: =IF(L10<60, TEXT(L10,"0.00"), IF(L10<600, TEXT(L10/86400,"m:ss.00"), TEXT(L10/86400,"mm:ss.00"))) -> 1:06.56 | N10: =IFERROR(__xludf.DUMMYFUNCTION("LET( gen,$A10, ev,$B10, t,$M10, hdrs, ARRAYFORMULA(UPPER(TRIM(CLEAN(SUBSTITUTE('AQUA POINTS'!$1:$1,CHAR(160),"" ""))))), col, MATCH(UPPER(ev), hdrs, 0), base, INDEX('AQUA POINTS'!$1:$3, IF(gen=""M"",2,3), col), baseSec, IF(ISNUMBER(base), IF(ba"&"se<1, base*86400, base), IF(REGEXMATCH(base,"":""), VALUE(LEFT(base, FIND("":"",base)-1))*60 + VALUE(MID(base, FIND("":"",base)+1, 99)), VALUE(SUBSTITUTE(base,"","",""."")))), tSec, IF(ISNUMBER(t), IF(t<1, t*86400, t), "&" IF(REGEXMATCH(t,"":""), VALUE(LEFT(t, FIND("":"",t)-1))*60 + VALUE(MID(t, FIND("":"",t)+1, 99)), VALUE(SUBSTITUTE(t,"","",""."")))), INT(1000*(baseSec/tSec)^3) )"),632.0) -> 632
A11: F | B11: 100 Back | C11: 17 | D11: 1 | E11: 1:00.46 | F11: =IFERROR(__xludf.DUMMYFUNCTION("IF( REGEXMATCH(E11, "":""), 60*VALUE(INDEX(SPLIT(E11, "":""),1,1)) + VALUE(INDEX(SPLIT(E11, "":""),1,2)), VALUE(E11) )"),60.46) -> 60.46 | G11: =average(F8-F11,F9-F12,F10-F13) -> 0.77 | H11: 0.77 | I11: =C2 -> 13 | J11: =C19 -> 21 | K11: {=INDEX('Podium Target Times'!$C:$C, MATCH(A11&B11, 'Podium Target Times'!$A:$A&'Podium Target Times'!$B:$B, 0))} -> 63.71 | L11: =L14+G14 -> 65.785 | M11: =IF(L11<60, TEXT(L11,"0.00"), IF(L11<600, TEXT(L11/86400,"m:ss.00"), TEXT(L11/86400,"mm:ss.00"))) -> 1:05.79 | N11: =IFERROR(__xludf.DUMMYFUNCTION("LET( gen,$A11, ev,$B11, t,$M11, hdrs, ARRAYFORMULA(UPPER(TRIM(CLEAN(SUBSTITUTE('AQUA POINTS'!$1:$1,CHAR(160),"" ""))))), col, MATCH(UPPER(ev), hdrs, 0), base, INDEX('AQUA POINTS'!$1:$3, IF(gen=""M"",2,3), col), baseSec, IF(ISNUMBER(base), IF(ba"&"se<1, base*86400, base), IF(REGEXMATCH(base,"":""), VALUE(LEFT(base, FIND("":"",base)-1))*60 + VALUE(MID(base, FIND("":"",base)+1, 99)), VALUE(SUBSTITUTE(base,"","",""."")))), tSec, IF(ISNUMBER(t), IF(t<1, t*86400, t), "&" IF(REGEXMATCH(t,"":""), VALUE(LEFT(t, FIND("":"",t)-1))*60 + VALUE(MID(t, FIND("":"",t)+1, 99)), VALUE(SUBSTITUTE(t,"","",""."")))), INT(1000*(baseSec/tSec)^3) )"),654.0) -> 654
A12: F | B12: 100 Back | C12: 17 | D12: 2 | E12: 1:01.29 | F12: =IFERROR(__xludf.DUMMYFUNCTION("IF( REGEXMATCH(E12, "":""), 60*VALUE(INDEX(SPLIT(E12, "":""),1,1)) + VALUE(INDEX(SPLIT(E12, "":""),1,2)), VALUE(E12) )"),61.29) -> 61.29 | G12: =average(F8-F11,F9-F12,F10-F13) -> 0.77 | H12: 0.77 | I12: =C2 -> 13 | J12: =C19 -> 21 | K12: {=INDEX('Podium Target Times'!$C:$C, MATCH(A12&B12, 'Podium Target Times'!$A:$A&'Podium Target Times'!$B:$B, 0))} -> 63.71 | L12: =L14+G14 -> 65.785 | M12: =IF(L12<60, TEXT(L12,"0.00"), IF(L12<600, TEXT(L12/86400,"m:ss.00"), TEXT(L12/86400,"mm:ss.00"))) -> 1:05.79 | N12: =IFERROR(__xludf.DUMMYFUNCTION("LET( gen,$A12, ev,$B12, t,$M12, hdrs, ARRAYFORMULA(UPPER(TRIM(CLEAN(SUBSTITUTE('AQUA POINTS'!$1:$1,CHAR(160),"" ""))))), col, MATCH(UPPER(ev), hdrs, 0), base, INDEX('AQUA POINTS'!$1:$3, IF(gen=""M"",2,3), col), baseSec, IF(ISNUMBER(base), IF(ba"&"se<1, base*86400, base), IF(REGEXMATCH(base,"":""), VALUE(LEFT(base, FIND("":"",base)-1))*60 + VALUE(MID(base, FIND("":"",base)+1, 99)), VALUE(SUBSTITUTE(base,"","",""."")))), tSec, IF(ISNUMBER(t), IF(t<1, t*86400, t), "&" IF(REGEXMATCH(t,"":""), VALUE(LEFT(t, FIND("":"",t)-1))*60 + VALUE(MID(t, FIND("":"",t)+1, 99)), VALUE(SUBSTITUTE(t,"","",""."")))), INT(1000*(baseSec/tSec)^3) )"),654.0) -> 654
A13: F | B13: 100 Back | C13: 17 | D13: 3 | E13: 1:01.74 | F13: =IFERROR(__xludf.DUMMYFUNCTION("IF( REGEXMATCH(E13, "":""), 60*VALUE(INDEX(SPLIT(E13, "":""),1,1)) + VALUE(INDEX(SPLIT(E13, "":""),1,2)), VALUE(E13) )"),61.74) -> 61.74 | G13: =average(F8-F11,F9-F12,F10-F13) -> 0.77 | H13: 0.77 | I13: =C2 -> 13 | J13: =C19 -> 21 | K13: {=INDEX('Podium Target Times'!$C:$C, MATCH(A13&B13, 'Podium Target Times'!$A:$A&'Podium Target Times'!$B:$B, 0))} -> 63.71 | L13: =L14+G14 -> 65.785 | M13: =IF(L13<60, TEXT(L13,"0.00"), IF(L13<600, TEXT(L13/86400,"m:ss.00"), TEXT(L13/86400,"mm:ss.00"))) -> 1:05.79 | N13: =IFERROR(__xludf.DUMMYFUNCTION("LET( gen,$A13, ev,$B13, t,$M13, hdrs, ARRAYFORMULA(UPPER(TRIM(CLEAN(SUBSTITUTE('AQUA POINTS'!$1:$1,CHAR(160),"" ""))))), col, MATCH(UPPER(ev), hdrs, 0), base, INDEX('AQUA POINTS'!$1:$3, IF(gen=""M"",2,3), col), baseSec, IF(ISNUMBER(base), IF(ba"&"se<1, base*86400, base), IF(REGEXMATCH(base,"":""), VALUE(LEFT(base, FIND("":"",base)-1))*60 + VALUE(MID(base, FIND("":"",base)+1, 99)), VALUE(SUBSTITUTE(base,"","",""."")))), tSec, IF(ISNUMBER(t), IF(t<1, t*86400, t), "&" IF(REGEXMATCH(t,"":""), VALUE(LEFT(t, FIND("":"",t)-1))*60 + VALUE(MID(t, FIND("":"",t)+1, 99)), VALUE(SUBSTITUTE(t,"","",""."")))), INT(1000*(baseSec/tSec)^3) )"),654.0) -> 654
A14: F | B14: 100 Back | C14: 18 | D14: 2 | E14: 1:00.79 | F14: =IFERROR(__xludf.DUMMYFUNCTION("IF( REGEXMATCH(E14, "":""), 60*VALUE(INDEX(SPLIT(E14, "":""),1,1)) + VALUE(INDEX(SPLIT(E14, "":""),1,2)), VALUE(E14) )"),60.79) -> 60.79 | G14: =average(F12-F14,F13-F15) -> 0.505 | H14: 0.505 | I14: =C2 -> 13 | J14: =C19 -> 21 | K14: {=INDEX('Podium Target Times'!$C:$C, MATCH(A14&B14, 'Podium Target Times'!$A:$A&'Podium Target Times'!$B:$B, 0))} -> 63.71 | L14: =L16+G16 -> 65.28 | M14: =IF(L14<60, TEXT(L14,"0.00"), IF(L14<600, TEXT(L14/86400,"m:ss.00"), TEXT(L14/86400,"mm:ss.00"))) -> 1:05.28 | N14: =IFERROR(__xludf.DUMMYFUNCTION("LET( gen,$A14, ev,$B14, t,$M14, hdrs, ARRAYFORMULA(UPPER(TRIM(CLEAN(SUBSTITUTE('AQUA POINTS'!$1:$1,CHAR(160),"" ""))))), col, MATCH(UPPER(ev), hdrs, 0), base, INDEX('AQUA POINTS'!$1:$3, IF(gen=""M"",2,3), col), baseSec, IF(ISNUMBER(base), IF(ba"&"se<1, base*86400, base), IF(REGEXMATCH(base,"":""), VALUE(LEFT(base, FIND("":"",base)-1))*60 + VALUE(MID(base, FIND("":"",base)+1, 99)), VALUE(SUBSTITUTE(base,"","",""."")))), tSec, IF(ISNUMBER(t), IF(t<1, t*86400, t), "&" IF(REGEXMATCH(t,"":""), VALUE(LEFT(t, FIND("":"",t)-1))*60 + VALUE(MID(t, FIND("":"",t)+1, 99)), VALUE(SUBSTITUTE(t,"","",""."")))), INT(1000*(baseSec/tSec)^3) )"),670.0) -> 670
A15: F | B15: 100 Back | C15: 18 | D15: 3 | E15: 1:01.23 | F15: =IFERROR(__xludf.DUMMYFUNCTION("IF( REGEXMATCH(E15, "":""), 60*VALUE(INDEX(SPLIT(E15, "":""),1,1)) + VALUE(INDEX(SPLIT(E15, "":""),1,2)), VALUE(E15) )"),61.23) -> 61.23 | G15: =average(F12-F14,F13-F15) -> 0.505 | H15: 0.505 | I15: =C2 -> 13 | J15: =C19 -> 21 | K15: {=INDEX('Podium Target Times'!$C:$C, MATCH(A15&B15, 'Podium Target Times'!$A:$A&'Podium Target Times'!$B:$B, 0))} -> 63.71 | L15: =L16+G16 -> 65.28 | M15: =IF(L15<60, TEXT(L15,"0.00"), IF(L15<600, TEXT(L15/86400,"m:ss.00"), TEXT(L15/86400,"mm:ss.00"))) -> 1:05.28 | N15: =IFERROR(__xludf.DUMMYFUNCTION("LET( gen,$A15, ev,$B15, t,$M15, hdrs, ARRAYFORMULA(UPPER(TRIM(CLEAN(SUBSTITUTE('AQUA POINTS'!$1:$1,CHAR(160),"" ""))))), col, MATCH(UPPER(ev), hdrs, 0), base, INDEX('AQUA POINTS'!$1:$3, IF(gen=""M"",2,3), col), baseSec, IF(ISNUMBER(base), IF(ba"&"se<1, base*86400, base), IF(REGEXMATCH(base,"":""), VALUE(LEFT(base, FIND("":"",base)-1))*60 + VALUE(MID(base, FIND("":"",base)+1, 99)), VALUE(SUBSTITUTE(base,"","",""."")))), tSec, IF(ISNUMBER(t), IF(t<1, t*86400, t), "&" IF(REGEXMATCH(t,"":""), VALUE(LEFT(t, FIND("":"",t)-1))*60 + VALUE(MID(t, FIND("":"",t)+1, 99)), VALUE(SUBSTITUTE(t,"","",""."")))), INT(1000*(baseSec/tSec)^3) )"),670.0) -> 670
A16: F | B16: 100 Back | C16: 19 | D16: 2 | E16: 1:00.46 | F16: =IFERROR(__xludf.DUMMYFUNCTION("IF( REGEXMATCH(E16, "":""), 60*VALUE(INDEX(SPLIT(E16, "":""),1,1)) + VALUE(INDEX(SPLIT(E16, "":""),1,2)), VALUE(E16) )"),60.46) -> 60.46 | G16: =average(F14-F16,F15-F17) -> 0.33 | H16: 0.33 | I16: =C2 -> 13 | J16: =C19 -> 21 | K16: {=INDEX('Podium Target Times'!$C:$C, MATCH(A16&B16, 'Podium Target Times'!$A:$A&'Podium Target Times'!$B:$B, 0))} -> 63.71 | L16: =L18+G18 -> 64.95 | M16: =IF(L16<60, TEXT(L16,"0.00"), IF(L16<600, TEXT(L16/86400,"m:ss.00"), TEXT(L16/86400,"mm:ss.00"))) -> 1:04.95 | N16: =IFERROR(__xludf.DUMMYFUNCTION("LET( gen,$A16, ev,$B16, t,$M16, hdrs, ARRAYFORMULA(UPPER(TRIM(CLEAN(SUBSTITUTE('AQUA POINTS'!$1:$1,CHAR(160),"" ""))))), col, MATCH(UPPER(ev), hdrs, 0), base, INDEX('AQUA POINTS'!$1:$3, IF(gen=""M"",2,3), col), baseSec, IF(ISNUMBER(base), IF(ba"&"se<1, base*86400, base), IF(REGEXMATCH(base,"":""), VALUE(LEFT(base, FIND("":"",base)-1))*60 + VALUE(MID(base, FIND("":"",base)+1, 99)), VALUE(SUBSTITUTE(base,"","",""."")))), tSec, IF(ISNUMBER(t), IF(t<1, t*86400, t), "&" IF(REGEXMATCH(t,"":""), VALUE(LEFT(t, FIND("":"",t)-1))*60 + VALUE(MID(t, FIND("":"",t)+1, 99)), VALUE(SUBSTITUTE(t,"","",""."")))), INT(1000*(baseSec/tSec)^3) )"),680.0) -> 680
A17: F | B17: 100 Back | C17: 19 | D17: 3 | E17: 1:00.90 | F17: =IFERROR(__xludf.DUMMYFUNCTION("IF( REGEXMATCH(E17, "":""), 60*VALUE(INDEX(SPLIT(E17, "":""),1,1)) + VALUE(INDEX(SPLIT(E17, "":""),1,2)), VALUE(E17) )"),60.9) -> 60.9 | G17: =average(F14-F16,F15-F17) -> 0.33 | H17: 0.33 | I17: =C2 -> 13 | J17: =C19 -> 21 | K17: {=INDEX('Podium Target Times'!$C:$C, MATCH(A17&B17, 'Podium Target Times'!$A:$A&'Podium Target Times'!$B:$B, 0))} -> 63.71 | L17: =L18+G18 -> 64.95 | M17: =IF(L17<60, TEXT(L17,"0.00"), IF(L17<600, TEXT(L17/86400,"m:ss.00"), TEXT(L17/86400,"mm:ss.00"))) -> 1:04.95 | N17: =IFERROR(__xludf.DUMMYFUNCTION("LET( gen,$A17, ev,$B17, t,$M17, hdrs, ARRAYFORMULA(UPPER(TRIM(CLEAN(SUBSTITUTE('AQUA POINTS'!$1:$1,CHAR(160),"" ""))))), col, MATCH(UPPER(ev), hdrs, 0), base, INDEX('AQUA POINTS'!$1:$3, IF(gen=""M"",2,3), col), baseSec, IF(ISNUMBER(base), IF(ba"&"se<1, base*86400, base), IF(REGEXMATCH(base,"":""), VALUE(LEFT(base, FIND("":"",base)-1))*60 + VALUE(MID(base, FIND("":"",base)+1, 99)), VALUE(SUBSTITUTE(base,"","",""."")))), tSec, IF(ISNUMBER(t), IF(t<1, t*86400, t), "&" IF(REGEXMATCH(t,"":""), VALUE(LEFT(t, FIND("":"",t)-1))*60 + VALUE(MID(t, FIND("":"",t)+1, 99)), VALUE(SUBSTITUTE(t,"","",""."")))), INT(1000*(baseSec/tSec)^3) )"),680.0) -> 680
A18: F | B18: 100 Back | C18: 20 | D18: 3 | E18: 1:00.66 | F18: =IFERROR(__xludf.DUMMYFUNCTION("IF( REGEXMATCH(E18, "":""), 60*VALUE(INDEX(SPLIT(E18, "":""),1,1)) + VALUE(INDEX(SPLIT(E18, "":""),1,2)), VALUE(E18) )"),60.66) -> 60.66 | G18: =F17-F18 -> 0.24 | H18: 0.24 | I18: =C2 -> 13 | J18: =C19 -> 21 | K18: {=INDEX('Podium Target Times'!$C:$C, MATCH(A18&B18, 'Podium Target Times'!$A:$A&'Podium Target Times'!$B:$B, 0))} -> 63.71 | L18: =L19+G19 -> 64.71 | M18: =IF(L18<60, TEXT(L18,"0.00"), IF(L18<600, TEXT(L18/86400,"m:ss.00"), TEXT(L18/86400,"mm:ss.00"))) -> 1:04.71 | N18: =IFERROR(__xludf.DUMMYFUNCTION("LET( gen,$A18, ev,$B18, t,$M18, hdrs, ARRAYFORMULA(UPPER(TRIM(CLEAN(SUBSTITUTE('AQUA POINTS'!$1:$1,CHAR(160),"" ""))))), col, MATCH(UPPER(ev), hdrs, 0), base, INDEX('AQUA POINTS'!$1:$3, IF(gen=""M"",2,3), col), baseSec, IF(ISNUMBER(base), IF(ba"&"se<1, base*86400, base), IF(REGEXMATCH(base,"":""), VALUE(LEFT(base, FIND("":"",base)-1))*60 + VALUE(MID(base, FIND("":"",base)+1, 99)), VALUE(SUBSTITUTE(base,"","",""."")))), tSec, IF(ISNUMBER(t), IF(t<1, t*86400, t), "&" IF(REGEXMATCH(t,"":""), VALUE(LEFT(t, FIND("":"",t)-1))*60 + VALUE(MID(t, FIND("":"",t)+1, 99)), VALUE(SUBSTITUTE(t,"","",""."")))), INT(1000*(baseSec/tSec)^3) )"),688.0) -> 688
A19: F | B19: 100 Back | C19: 21 | D19: 3 | E19: 1:00.46 | F19: =IFERROR(__xludf.DUMMYFUNCTION("IF( REGEXMATCH(E19, "":""), 60*VALUE(INDEX(SPLIT(E19, "":""),1,1)) + VALUE(INDEX(SPLIT(E19, "":""),1,2)), VALUE(E19) )"),60.46) -> 60.46 | G19: =F18-F19 -> 0.2 | H19: 0.2 | I19: =C2 -> 13 | J19: =C19 -> 21 | K19: {=INDEX('Podium Target Times'!$C:$C, MATCH(A19&B19, 'Podium Target Times'!$A:$A&'Podium Target Times'!$B:$B, 0))} -> 63.71 | L19: =G19+L20 -> 64.51 | M19: =IF(L19<60, TEXT(L19,"0.00"), IF(L19<600, TEXT(L19/86400,"m:ss.00"), TEXT(L19/86400,"mm:ss.00"))) -> 1:04.51 | N19: =IFERROR(__xludf.DUMMYFUNCTION("LET( gen,$A19, ev,$B19, t,$M19, hdrs, ARRAYFORMULA(UPPER(TRIM(CLEAN(SUBSTITUTE('AQUA POINTS'!$1:$1,CHAR(160),"" ""))))), col, MATCH(UPPER(ev), hdrs, 0), base, INDEX('AQUA POINTS'!$1:$3, IF(gen=""M"",2,3), col), baseSec, IF(ISNUMBER(base), IF(ba"&"se<1, base*86400, base), IF(REGEXMATCH(base,"":""), VALUE(LEFT(base, FIND("":"",base)-1))*60 + VALUE(MID(base, FIND("":"",base)+1, 99)), VALUE(SUBSTITUTE(base,"","",""."")))), tSec, IF(ISNUMBER(t), IF(t<1, t*86400, t), "&" IF(REGEXMATCH(t,"":""), VALUE(LEFT(t, FIND("":"",t)-1))*60 + VALUE(MID(t, FIND("":"",t)+1, 99)), VALUE(SUBSTITUTE(t,"","",""."")))), INT(1000*(baseSec/tSec)^3) )"),694.0) -> 694
A20: F | B20: 100 Back | C20: 22 | F20: =IFERROR(__xludf.DUMMYFUNCTION("IF( REGEXMATCH(E20, "":""), 60*VALUE(INDEX(SPLIT(E20, "":""),1,1)) + VALUE(INDEX(SPLIT(E20, "":""),1,2)), VALUE(E20) )"),0.0) -> 0 | I20: =C2 -> 13 | J20: =C19 -> 21 | K20: {=INDEX('Podium Target Times'!$C:$C, MATCH(A20&B20, 'Podium Target Times'!$A:$A&'Podium Target Times'!$B:$B, 0))} -> 63.71 | L20: =G19+L21 -> 64.31 | M20: =IF(L20<60, TEXT(L20,"0.00"), IF(L20<600, TEXT(L20/86400,"m:ss.00"), TEXT(L20/86400,"mm:ss.00"))) -> 1:04.31 | N20: =IFERROR(__xludf.DUMMYFUNCTION("LET( gen,$A20, ev,$B20, t,$M20, hdrs, ARRAYFORMULA(UPPER(TRIM(CLEAN(SUBSTITUTE('AQUA POINTS'!$1:$1,CHAR(160),"" ""))))), col, MATCH(UPPER(ev), hdrs, 0), base, INDEX('AQUA POINTS'!$1:$3, IF(gen=""M"",2,3), col), baseSec, IF(ISNUMBER(base), IF(ba"&"se<1, base*86400, base), IF(REGEXMATCH(base,"":""), VALUE(LEFT(base, FIND("":"",base)-1))*60 + VALUE(MID(base, FIND("":"",base)+1, 99)), VALUE(SUBSTITUTE(base,"","",""."")))), tSec, IF(ISNUMBER(t), IF(t<1, t*86400, t), "&" IF(REGEXMATCH(t,"":""), VALUE(LEFT(t, FIND("":"",t)-1))*60 + VALUE(MID(t, FIND("":"",t)+1, 99)), VALUE(SUBSTITUTE(t,"","",""."")))), INT(1000*(baseSec/tSec)^3) )"),701.0) -> 701
A21: F | B21: 100 Back | C21: 23 | F21: =IFERROR(__xludf.DUMMYFUNCTION("IF( REGEXMATCH(E21, "":""), 60*VALUE(INDEX(SPLIT(E21, "":""),1,1)) + VALUE(INDEX(SPLIT(E21, "":""),1,2)), VALUE(E21) )"),0.0) -> 0 | I21: =C2 -> 13 | J21: =C19 -> 21 | K21: {=INDEX('Podium Target Times'!$C:$C, MATCH(A21&B21, 'Podium Target Times'!$A:$A&'Podium Target Times'!$B:$B, 0))} -> 63.71 | L21: =L22+G19 -> 64.11 | M21: =IF(L21<60, TEXT(L21,"0.00"), IF(L21<600, TEXT(L21/86400,"m:ss.00"), TEXT(L21/86400,"mm:ss.00"))) -> 1:04.11 | N21: =IFERROR(__xludf.DUMMYFUNCTION("LET( gen,$A21, ev,$B21, t,$M21, hdrs, ARRAYFORMULA(UPPER(TRIM(CLEAN(SUBSTITUTE('AQUA POINTS'!$1:$1,CHAR(160),"" ""))))), col, MATCH(UPPER(ev), hdrs, 0), base, INDEX('AQUA POINTS'!$1:$3, IF(gen=""M"",2,3), col), baseSec, IF(ISNUMBER(base), IF(ba"&"se<1, base*86400, base), IF(REGEXMATCH(base,"":""), VALUE(LEFT(base, FIND("":"",base)-1))*60 + VALUE(MID(base, FIND("":"",base)+1, 99)), VALUE(SUBSTITUTE(base,"","",""."")))), tSec, IF(ISNUMBER(t), IF(t<1, t*86400, t), "&" IF(REGEXMATCH(t,"":""), VALUE(LEFT(t, FIND("":"",t)-1))*60 + VALUE(MID(t, FIND("":"",t)+1, 99)), VALUE(SUBSTITUTE(t,"","",""."")))), INT(1000*(baseSec/tSec)^3) )"),707.0) -> 707
A22: F | B22: 100 Back | C22: 24 | F22: =IFERROR(__xludf.DUMMYFUNCTION("IF( REGEXMATCH(E22, "":""), 60*VALUE(INDEX(SPLIT(E22, "":""),1,1)) + VALUE(INDEX(SPLIT(E22, "":""),1,2)), VALUE(E22) )"),0.0) -> 0 | I22: =C2 -> 13 | J22: =C19 -> 21 | K22: {=INDEX('Podium Target Times'!$C:$C, MATCH(A22&B22, 'Podium Target Times'!$A:$A&'Podium Target Times'!$B:$B, 0))} -> 63.71 | L22: =L23+G19 -> 63.91 | M22: =IF(L22<60, TEXT(L22,"0.00"), IF(L22<600, TEXT(L22/86400,"m:ss.00"), TEXT(L22/86400,"mm:ss.00"))) -> 1:03.91 | N22: =IFERROR(__xludf.DUMMYFUNCTION("LET( gen,$A22, ev,$B22, t,$M22, hdrs, ARRAYFORMULA(UPPER(TRIM(CLEAN(SUBSTITUTE('AQUA POINTS'!$1:$1,CHAR(160),"" ""))))), col, MATCH(UPPER(ev), hdrs, 0), base, INDEX('AQUA POINTS'!$1:$3, IF(gen=""M"",2,3), col), baseSec, IF(ISNUMBER(base), IF(ba"&"se<1, base*86400, base), IF(REGEXMATCH(base,"":""), VALUE(LEFT(base, FIND("":"",base)-1))*60 + VALUE(MID(base, FIND("":"",base)+1, 99)), VALUE(SUBSTITUTE(base,"","",""."")))), tSec, IF(ISNUMBER(t), IF(t<1, t*86400, t), "&" IF(REGEXMATCH(t,"":""), VALUE(LEFT(t, FIND("":"",t)-1))*60 + VALUE(MID(t, FIND("":"",t)+1, 99)), VALUE(SUBSTITUTE(t,"","",""."")))), INT(1000*(baseSec/tSec)^3) )"),714.0) -> 714
A23: F | B23: 100 Back | C23: 25 | F23: =IFERROR(__xludf.DUMMYFUNCTION("IF( REGEXMATCH(E23, "":""), 60*VALUE(INDEX(SPLIT(E23, "":""),1,1)) + VALUE(INDEX(SPLIT(E23, "":""),1,2)), VALUE(E23) )"),0.0) -> 0 | I23: =C2 -> 13 | J23: =C19 -> 21 | K23: {=INDEX('Podium Target Times'!$C:$C, MATCH(A23&B23, 'Podium Target Times'!$A:$A&'Podium Target Times'!$B:$B, 0))} -> 63.71 | L23: =K23 -> 63.71 | M23: =IF(L23<60, TEXT(L23,"0.00"), IF(L23<600, TEXT(L23/86400,"m:ss.00"), TEXT(L23/86400,"mm:ss.00"))) -> 1:03.71 | N23: =IFERROR(__xludf.DUMMYFUNCTION("LET( gen,$A23, ev,$B23, t,$M23, hdrs, ARRAYFORMULA(UPPER(TRIM(CLEAN(SUBSTITUTE('AQUA POINTS'!$1:$1,CHAR(160),"" ""))))), col, MATCH(UPPER(ev), hdrs, 0), base, INDEX('AQUA POINTS'!$1:$3, IF(gen=""M"",2,3), col), baseSec, IF(ISNUMBER(base), IF(ba"&"se<1, base*86400, base), IF(REGEXMATCH(base,"":""), VALUE(LEFT(base, FIND("":"",base)-1))*60 + VALUE(MID(base, FIND("":"",base)+1, 99)), VALUE(SUBSTITUTE(base,"","",""."")))), tSec, IF(ISNUMBER(t), IF(t<1, t*86400, t), "&" IF(REGEXMATCH(t,"":""), VALUE(LEFT(t, FIND("":"",t)-1))*60 + VALUE(MID(t, FIND("":"",t)+1, 99)), VALUE(SUBSTITUTE(t,"","",""."")))), INT(1000*(baseSec/tSec)^3) )"),721.0) -> 721
A24: F | B24: 100 Breast | C24: 15 | D24: 1 | E24: 1:09.68 | F24: =IFERROR(__xludf.DUMMYFUNCTION("IF( REGEXMATCH(E24, "":""), 60*VALUE(INDEX(SPLIT(E24, "":""),1,1)) + VALUE(INDEX(SPLIT(E24, "":""),1,2)), VALUE(E24) )"),69.68) -> 69.68 | G24: 0 | H24: 0 | I24: =C24 -> 15 | J24: =C41 -> 23 | K24: {=INDEX('Podium Target Times'!$C:$C, MATCH(A24&B24, 'Podium Target Times'!$A:$A&'Podium Target Times'!$B:$B, 0))} -> 70.94 | L24: =L25+G25 -> 75.43 | M24: =IF(L24<60, TEXT(L24,"0.00"), IF(L24<600, TEXT(L24/86400,"m:ss.00"), TEXT(L24/86400,"mm:ss.00"))) -> 1:15.43 | N24: =IFERROR(__xludf.DUMMYFUNCTION("LET( gen,$A24, ev,$B24, t,$M24, hdrs, ARRAYFORMULA(UPPER(TRIM(CLEAN(SUBSTITUTE('AQUA POINTS'!$1:$1,CHAR(160),"" ""))))), col, MATCH(UPPER(ev), hdrs, 0), base, INDEX('AQUA POINTS'!$1:$3, IF(gen=""M"",2,3), col), baseSec, IF(ISNUMBER(base), IF(ba"&"se<1, base*86400, base), IF(REGEXMATCH(base,"":""), VALUE(LEFT(base, FIND("":"",base)-1))*60 + VALUE(MID(base, FIND("":"",base)+1, 99)), VALUE(SUBSTITUTE(base,"","",""."")))), tSec, IF(ISNUMBER(t), IF(t<1, t*86400, t), "&" IF(REGEXMATCH(t,"":""), VALUE(LEFT(t, FIND("":"",t)-1))*60 + VALUE(MID(t, FIND("":"",t)+1, 99)), VALUE(SUBSTITUTE(t,"","",""."")))), INT(1000*(baseSec/tSec)^3) )"),614.0) -> 614
A25: F | B25: 100 Breast | C25: 16 | D25: 1 | E25: 1:08.45 | F25: =IFERROR(__xludf.DUMMYFUNCTION("IF( REGEXMATCH(E25, "":""), 60*VALUE(INDEX(SPLIT(E25, "":""),1,1)) + VALUE(INDEX(SPLIT(E25, "":""),1,2)), VALUE(E25) )"),68.45) -> 68.45 | G25: =F24-F25 -> 1.23 | H25: 1.23 | I25: =C24 -> 15 | J25: =C41 -> 23 | K25: {=INDEX('Podium Target Times'!$C:$C, MATCH(A25&B25, 'Podium Target Times'!$A:$A&'Podium Target Times'!$B:$B, 0))} -> 70.94 | L25: =L27+G27 -> 74.2 | M25: =IF(L25<60, TEXT(L25,"0.00"), IF(L25<600, TEXT(L25/86400,"m:ss.00"), TEXT(L25/86400,"mm:ss.00"))) -> 1:14.20 | N25: =IFERROR(__xludf.DUMMYFUNCTION("LET( gen,$A25, ev,$B25, t,$M25, hdrs, ARRAYFORMULA(UPPER(TRIM(CLEAN(SUBSTITUTE('AQUA POINTS'!$1:$1,CHAR(160),"" ""))))), col, MATCH(UPPER(ev), hdrs, 0), base, INDEX('AQUA POINTS'!$1:$3, IF(gen=""M"",2,3), col), baseSec, IF(ISNUMBER(base), IF(ba"&"se<1, base*86400, base), IF(REGEXMATCH(base,"":""), VALUE(LEFT(base, FIND("":"",base)-1))*60 + VALUE(MID(base, FIND("":"",base)+1, 99)), VALUE(SUBSTITUTE(base,"","",""."")))), tSec, IF(ISNUMBER(t), IF(t<1, t*86400, t), "&" IF(REGEXMATCH(t,"":""), VALUE(LEFT(t, FIND("":"",t)-1))*60 + VALUE(MID(t, FIND("":"",t)+1, 99)), VALUE(SUBSTITUTE(t,"","",""."")))), INT(1000*(baseSec/tSec)^3) )"),645.0) -> 645
A26: F | B26: 100 Breast | C26: 16 | D26: 2 | E26: 1:09.15 | F26: =IFERROR(__xludf.DUMMYFUNCTION("IF( REGEXMATCH(E26, "":""), 60*VALUE(INDEX(SPLIT(E26, "":""),1,1)) + VALUE(INDEX(SPLIT(E26, "":""),1,2)), VALUE(E26) )"),69.15) -> 69.15 | G26: =F24-F25 -> 1.23 | H26: 1.23 | I26: =C24 -> 15 | J26: =C41 -> 23 | K26: {=INDEX('Podium Target Times'!$C:$C, MATCH(A26&B26, 'Podium Target Times'!$A:$A&'Podium Target Times'!$B:$B, 0))} -> 70.94 | L26: =L27+G27 -> 74.2 | M26: =IF(L26<60, TEXT(L26,"0.00"), IF(L26<600, TEXT(L26/86400,"m:ss.00"), TEXT(L26/86400,"mm:ss.00"))) -> 1:14.20 | N26: =IFERROR(__xludf.DUMMYFUNCTION("LET( gen,$A26, ev,$B26, t,$M26, hdrs, ARRAYFORMULA(UPPER(TRIM(CLEAN(SUBSTITUTE('AQUA POINTS'!$1:$1,CHAR(160),"" ""))))), col, MATCH(UPPER(ev), hdrs, 0), base, INDEX('AQUA POINTS'!$1:$3, IF(gen=""M"",2,3), col), baseSec, IF(ISNUMBER(base), IF(ba"&"se<1, base*86400, base), IF(REGEXMATCH(base,"":""), VALUE(LEFT(base, FIND("":"",base)-1))*60 + VALUE(MID(base, FIND("":"",base)+1, 99)), VALUE(SUBSTITUTE(base,"","",""."")))), tSec, IF(ISNUMBER(t), IF(t<1, t*86400, t), "&" IF(REGEXMATCH(t,"":""), VALUE(LEFT(t, FIND("":"",t)-1))*60 + VALUE(MID(t, FIND("":"",t)+1, 99)), VALUE(SUBSTITUTE(t,"","",""."")))), INT(1000*(baseSec/tSec)^3) )"),645.0) -> 645
A27: F | B27: 100 Breast | C27: 17 | D27: 1 | E27: 1:07.71 | F27: =IFERROR(__xludf.DUMMYFUNCTION("IF( REGEXMATCH(E27, "":""), 60*VALUE(INDEX(SPLIT(E27, "":""),1,1)) + VALUE(INDEX(SPLIT(E27, "":""),1,2)), VALUE(E27) )"),67.71) -> 67.71 | G27: =average(F25-F27,F26-F28) -> 0.745 | H27: 0.745 | I27: =C24 -> 15 | J27: =C41 -> 23 | K27: {=INDEX('Podium Target Times'!$C:$C, MATCH(A27&B27, 'Podium Target Times'!$A:$A&'Podium Target Times'!$B:$B, 0))} -> 70.94 | L27: =L30+G30 -> 73.455 | M27: =IF(L27<60, TEXT(L27,"0.00"), IF(L27<600, TEXT(L27/86400,"m:ss.00"), TEXT(L27/86400,"mm:ss.00"))) -> 1:13.46 | N27: =IFERROR(__xludf.DUMMYFUNCTION("LET( gen,$A27, ev,$B27, t,$M27, hdrs, ARRAYFORMULA(UPPER(TRIM(CLEAN(SUBSTITUTE('AQUA POINTS'!$1:$1,CHAR(160),"" ""))))), col, MATCH(UPPER(ev), hdrs, 0), base, INDEX('AQUA POINTS'!$1:$3, IF(gen=""M"",2,3), col), baseSec, IF(ISNUMBER(base), IF(ba"&"se<1, base*86400, base), IF(REGEXMATCH(base,"":""), VALUE(LEFT(base, FIND("":"",base)-1))*60 + VALUE(MID(base, FIND("":"",base)+1, 99)), VALUE(SUBSTITUTE(base,"","",""."")))), tSec, IF(ISNUMBER(t), IF(t<1, t*86400, t), "&" IF(REGEXMATCH(t,"":""), VALUE(LEFT(t, FIND("":"",t)-1))*60 + VALUE(MID(t, FIND("":"",t)+1, 99)), VALUE(SUBSTITUTE(t,"","",""."")))), INT(1000*(baseSec/tSec)^3) )"),665.0) -> 665
A28: F | B28: 100 Breast | C28: 17 | D28: 2 | E28: 1:08.40 | F28: =IFERROR(__xludf.DUMMYFUNCTION("IF( REGEXMATCH(E28, "":""), 60*VALUE(INDEX(SPLIT(E28, "":""),1,1)) + VALUE(INDEX(SPLIT(E28, "":""),1,2)), VALUE(E28) )"),68.4) -> 68.4 | G28: =average(F25-F27,F26-F28) -> 0.745 | H28: 0.745 | I28: =C24 -> 15 | J28: =C41 -> 23 | K28: {=INDEX('Podium Target Times'!$C:$C, MATCH(A28&B28, 'Podium Target Times'!$A:$A&'Podium Target Times'!$B:$B, 0))} -> 70.94 | L28: =L30+G30 -> 73.455 | M28: =IF(L28<60, TEXT(L28,"0.00"), IF(L28<600, TEXT(L28/86400,"m:ss.00"), TEXT(L28/86400,"mm:ss.00"))) -> 1:13.46 | N28: =IFERROR(__xludf.DUMMYFUNCTION("LET( gen,$A28, ev,$B28, t,$M28, hdrs, ARRAYFORMULA(UPPER(TRIM(CLEAN(SUBSTITUTE('AQUA POINTS'!$1:$1,CHAR(160),"" ""))))), col, MATCH(UPPER(ev), hdrs, 0), base, INDEX('AQUA POINTS'!$1:$3, IF(gen=""M"",2,3), col), baseSec, IF(ISNUMBER(base), IF(ba"&"se<1, base*86400, base), IF(REGEXMATCH(base,"":""), VALUE(LEFT(base, FIND("":"",base)-1))*60 + VALUE(MID(base, FIND("":"",base)+1, 99)), VALUE(SUBSTITUTE(base,"","",""."")))), tSec, IF(ISNUMBER(t), IF(t<1, t*86400, t), "&" IF(REGEXMATCH(t,"":""), VALUE(LEFT(t, FIND("":"",t)-1))*60 + VALUE(MID(t, FIND("":"",t)+1, 99)), VALUE(SUBSTITUTE(t,"","",""."")))), INT(1000*(baseSec/tSec)^3) )"),665.0) -> 665
A29: F | B29: 100 Breast | C29: 17 | D29: 3 | E29: 1:08.94 | F29: =IFERROR(__xludf.DUMMYFUNCTION("IF( REGEXMATCH(E29, "":""), 60*VALUE(INDEX(SPLIT(E29, "":""),1,1)) + VALUE(INDEX(SPLIT(E29, "":""),1,2)), VALUE(E29) )"),68.94) -> 68.94 | G29: =average(F25-F27,F26-F28) -> 0.745 | H29: 0.745 | I29: =C24 -> 15 | J29: =C41 -> 23 | K29: {=INDEX('Podium Target Times'!$C:$C, MATCH(A29&B29, 'Podium Target Times'!$A:$A&'Podium Target Times'!$B:$B, 0))} -> 70.94 | L29: =L30+G30 -> 73.455 | M29: =IF(L29<60, TEXT(L29,"0.00"), IF(L29<600, TEXT(L29/86400,"m:ss.00"), TEXT(L29/86400,"mm:ss.00"))) -> 1:13.46 | N29: =IFERROR(__xludf.DUMMYFUNCTION("LET( gen,$A29, ev,$B29, t,$M29, hdrs, ARRAYFORMULA(UPPER(TRIM(CLEAN(SUBSTITUTE('AQUA POINTS'!$1:$1,CHAR(160),"" ""))))), col, MATCH(UPPER(ev), hdrs, 0), base, INDEX('AQUA POINTS'!$1:$3, IF(gen=""M"",2,3), col), baseSec, IF(ISNUMBER(base), IF(ba"&"se<1, base*86400, base), IF(REGEXMATCH(base,"":""), VALUE(LEFT(base, FIND("":"",base)-1))*60 + VALUE(MID(base, FIND("":"",base)+1, 99)), VALUE(SUBSTITUTE(base,"","",""."")))), tSec, IF(ISNUMBER(t), IF(t<1, t*86400, t), "&" IF(REGEXMATCH(t,"":""), VALUE(LEFT(t, FIND("":"",t)-1))*60 + VALUE(MID(t, FIND("":"",t)+1, 99)), VALUE(SUBSTITUTE(t,"","",""."")))), INT(1000*(baseSec/tSec)^3) )"),665.0) -> 665
A30: F | B30: 100 Breast | C30: 18 | D30: 1 | E30: 1:07.24 | F30: =IFERROR(__xludf.DUMMYFUNCTION("IF( REGEXMATCH(E30, "":""), 60*VALUE(INDEX(SPLIT(E30, "":""),1,1)) + VALUE(INDEX(SPLIT(E30, "":""),1,2)), VALUE(E30) )"),67.24) -> 67.24 | G30: =average(F27-F30,F28-F31,F29-F32) -> 0.47666667 | H30: 0.47666667 | I30: =C24 -> 15 | J30: =C41 -> 23 | K30: {=INDEX('Podium Target Times'!$C:$C, MATCH(A30&B30, 'Podium Target Times'!$A:$A&'Podium Target Times'!$B:$B, 0))} -> 70.94 | L30: =L33+G33 -> 72.978333 | M30: =IF(L30<60, TEXT(L30,"0.00"), IF(L30<600, TEXT(L30/86400,"m:ss.00"), TEXT(L30/86400,"mm:ss.00"))) -> 1:12.98 | N30: =IFERROR(__xludf.DUMMYFUNCTION("LET( gen,$A30, ev,$B30, t,$M30, hdrs, ARRAYFORMULA(UPPER(TRIM(CLEAN(SUBSTITUTE('AQUA POINTS'!$1:$1,CHAR(160),"" ""))))), col, MATCH(UPPER(ev), hdrs, 0), base, INDEX('AQUA POINTS'!$1:$3, IF(gen=""M"",2,3), col), baseSec, IF(ISNUMBER(base), IF(ba"&"se<1, base*86400, base), IF(REGEXMATCH(base,"":""), VALUE(LEFT(base, FIND("":"",base)-1))*60 + VALUE(MID(base, FIND("":"",base)+1, 99)), VALUE(SUBSTITUTE(base,"","",""."")))), tSec, IF(ISNUMBER(t), IF(t<1, t*86400, t), "&" IF(REGEXMATCH(t,"":""), VALUE(LEFT(t, FIND("":"",t)-1))*60 + VALUE(MID(t, FIND("":"",t)+1, 99)), VALUE(SUBSTITUTE(t,"","",""."")))), INT(1000*(baseSec/tSec)^3) )"),678.0) -> 678
A31: F | B31: 100 Breast | C31: 18 | D31: 2 | E31: 1:07.92 | F31: =IFERROR(__xludf.DUMMYFUNCTION("IF( REGEXMATCH(E31, "":""), 60*VALUE(INDEX(SPLIT(E31, "":""),1,1)) + VALUE(INDEX(SPLIT(E31, "":""),1,2)), VALUE(E31) )"),67.92) -> 67.92 | G31: =average(F27-F30,F28-F31,F29-F32) -> 0.47666667 | H31: 0.47666667 | I31: =C24 -> 15 | J31: =C41 -> 23 | K31: {=INDEX('Podium Target Times'!$C:$C, MATCH(A31&B31, 'Podium Target Times'!$A:$A&'Podium Target Times'!$B:$B, 0))} -> 70.94 | L31: =L33+G33 -> 72.978333 | M31: =IF(L31<60, TEXT(L31,"0.00"), IF(L31<600, TEXT(L31/86400,"m:ss.00"), TEXT(L31/86400,"mm:ss.00"))) -> 1:12.98 | N31: =IFERROR(__xludf.DUMMYFUNCTION("LET( gen,$A31, ev,$B31, t,$M31, hdrs, ARRAYFORMULA(UPPER(TRIM(CLEAN(SUBSTITUTE('AQUA POINTS'!$1:$1,CHAR(160),"" ""))))), col, MATCH(UPPER(ev), hdrs, 0), base, INDEX('AQUA POINTS'!$1:$3, IF(gen=""M"",2,3), col), baseSec, IF(ISNUMBER(base), IF(ba"&"se<1, base*86400, base), IF(REGEXMATCH(base,"":""), VALUE(LEFT(base, FIND("":"",base)-1))*60 + VALUE(MID(base, FIND("":"",base)+1, 99)), VALUE(SUBSTITUTE(base,"","",""."")))), tSec, IF(ISNUMBER(t), IF(t<1, t*86400, t), "&" IF(REGEXMATCH(t,"":""), VALUE(LEFT(t, FIND("":"",t)-1))*60 + VALUE(MID(t, FIND("":"",t)+1, 99)), VALUE(SUBSTITUTE(t,"","",""."")))), INT(1000*(baseSec/tSec)^3) )"),678.0) -> 678
A32: F | B32: 100 Breast | C32: 18 | D32: 3 | E32: 1:08.46 | F32: =IFERROR(__xludf.DUMMYFUNCTION("IF( REGEXMATCH(E32, "":""), 60*VALUE(INDEX(SPLIT(E32, "":""),1,1)) + VALUE(INDEX(SPLIT(E32, "":""),1,2)), VALUE(E32) )"),68.46000000000001) -> 68.46 | G32: =average(F27-F30,F28-F31,F29-F32) -> 0.47666667 | H32: 0.47666667 | I32: =C24 -> 15 | J32: =C41 -> 23 | K32: {=INDEX('Podium Target Times'!$C:$C, MATCH(A32&B32, 'Podium Target Times'!$A:$A&'Podium Target Times'!$B:$B, 0))} -> 70.94 | L32: =L33+G33 -> 72.978333 | M32: =IF(L32<60, TEXT(L32,"0.00"), IF(L32<600, TEXT(L32/86400,"m:ss.00"), TEXT(L32/86400,"mm:ss.00"))) -> 1:12.98 | N32: =IFERROR(__xludf.DUMMYFUNCTION("LET( gen,$A32, ev,$B32, t,$M32, hdrs, ARRAYFORMULA(UPPER(TRIM(CLEAN(SUBSTITUTE('AQUA POINTS'!$1:$1,CHAR(160),"" ""))))), col, MATCH(UPPER(ev), hdrs, 0), base, INDEX('AQUA POINTS'!$1:$3, IF(gen=""M"",2,3), col), baseSec, IF(ISNUMBER(base), IF(ba"&"se<1, base*86400, base), IF(REGEXMATCH(base,"":""), VALUE(LEFT(base, FIND("":"",base)-1))*60 + VALUE(MID(base, FIND("":"",base)+1, 99)), VALUE(SUBSTITUTE(base,"","",""."")))), tSec, IF(ISNUMBER(t), IF(t<1, t*86400, t), "&" IF(REGEXMATCH(t,"":""), VALUE(LEFT(t, FIND("":"",t)-1))*60 + VALUE(MID(t, FIND("":"",t)+1, 99)), VALUE(SUBSTITUTE(t,"","",""."")))), INT(1000*(baseSec/tSec)^3) )"),678.0) -> 678
A33: F | B33: 100 Breast | C33: 19 | D33: 1 | E33: 1:06.87 | F33: =IFERROR(__xludf.DUMMYFUNCTION("IF( REGEXMATCH(E33, "":""), 60*VALUE(INDEX(SPLIT(E33, "":""),1,1)) + VALUE(INDEX(SPLIT(E33, "":""),1,2)), VALUE(E33) )"),66.87) -> 66.87 | G33: =average(F30-F33,F31-F34,F32-F35) -> 0.37333333 | H33: 0.37333333 | I33: =C24 -> 15 | J33: =C41 -> 23 | K33: {=INDEX('Podium Target Times'!$C:$C, MATCH(A33&B33, 'Podium Target Times'!$A:$A&'Podium Target Times'!$B:$B, 0))} -> 70.94 | L33: =L36+G36 -> 72.605 | M33: =IF(L33<60, TEXT(L33,"0.00"), IF(L33<600, TEXT(L33/86400,"m:ss.00"), TEXT(L33/86400,"mm:ss.00"))) -> 1:12.61 | N33: =IFERROR(__xludf.DUMMYFUNCTION("LET( gen,$A33, ev,$B33, t,$M33, hdrs, ARRAYFORMULA(UPPER(TRIM(CLEAN(SUBSTITUTE('AQUA POINTS'!$1:$1,CHAR(160),"" ""))))), col, MATCH(UPPER(ev), hdrs, 0), base, INDEX('AQUA POINTS'!$1:$3, IF(gen=""M"",2,3), col), baseSec, IF(ISNUMBER(base), IF(ba"&"se<1, base*86400, base), IF(REGEXMATCH(base,"":""), VALUE(LEFT(base, FIND("":"",base)-1))*60 + VALUE(MID(base, FIND("":"",base)+1, 99)), VALUE(SUBSTITUTE(base,"","",""."")))), tSec, IF(ISNUMBER(t), IF(t<1, t*86400, t), "&" IF(REGEXMATCH(t,"":""), VALUE(LEFT(t, FIND("":"",t)-1))*60 + VALUE(MID(t, FIND("":"",t)+1, 99)), VALUE(SUBSTITUTE(t,"","",""."")))), INT(1000*(baseSec/tSec)^3) )"),688.0) -> 688
A34: F | B34: 100 Breast | C34: 19 | D34: 2 | E34: 1:07.55 | F34: =IFERROR(__xludf.DUMMYFUNCTION("IF( REGEXMATCH(E34, "":""), 60*VALUE(INDEX(SPLIT(E34, "":""),1,1)) + VALUE(INDEX(SPLIT(E34, "":""),1,2)), VALUE(E34) )"),67.55) -> 67.55 | G34: =average(F30-F33,F31-F34,F32-F35) -> 0.37333333 | H34: 0.37333333 | I34: =C24 -> 15 | J34: =C41 -> 23 | K34: {=INDEX('Podium Target Times'!$C:$C, MATCH(A34&B34, 'Podium Target Times'!$A:$A&'Podium Target Times'!$B:$B, 0))} -> 70.94 | L34: =L36+G36 -> 72.605 | M34: =IF(L34<60, TEXT(L34,"0.00"), IF(L34<600, TEXT(L34/86400,"m:ss.00"), TEXT(L34/86400,"mm:ss.00"))) -> 1:12.61 | N34: =IFERROR(__xludf.DUMMYFUNCTION("LET( gen,$A34, ev,$B34, t,$M34, hdrs, ARRAYFORMULA(UPPER(TRIM(CLEAN(SUBSTITUTE('AQUA POINTS'!$1:$1,CHAR(160),"" ""))))), col, MATCH(UPPER(ev), hdrs, 0), base, INDEX('AQUA POINTS'!$1:$3, IF(gen=""M"",2,3), col), baseSec, IF(ISNUMBER(base), IF(ba"&"se<1, base*86400, base), IF(REGEXMATCH(base,"":""), VALUE(LEFT(base, FIND("":"",base)-1))*60 + VALUE(MID(base, FIND("":"",base)+1, 99)), VALUE(SUBSTITUTE(base,"","",""."")))), tSec, IF(ISNUMBER(t), IF(t<1, t*86400, t), "&" IF(REGEXMATCH(t,"":""), VALUE(LEFT(t, FIND("":"",t)-1))*60 + VALUE(MID(t, FIND("":"",t)+1, 99)), VALUE(SUBSTITUTE(t,"","",""."")))), INT(1000*(baseSec/tSec)^3) )"),688.0) -> 688
A35: F | B35: 100 Breast | C35: 19 | D35: 3 | E35: 1:08.08 | F35: =IFERROR(__xludf.DUMMYFUNCTION("IF( REGEXMATCH(E35, "":""), 60*VALUE(INDEX(SPLIT(E35, "":""),1,1)) + VALUE(INDEX(SPLIT(E35, "":""),1,2)), VALUE(E35) )"),68.08) -> 68.08 | G35: =average(F30-F33,F31-F34,F32-F35) -> 0.37333333 | H35: 0.37333333 | I35: =C24 -> 15 | J35: =C41 -> 23 | K35: {=INDEX('Podium Target Times'!$C:$C, MATCH(A35&B35, 'Podium Target Times'!$A:$A&'Podium Target Times'!$B:$B, 0))} -> 70.94 | L35: =L36+G36 -> 72.605 | M35: =IF(L35<60, TEXT(L35,"0.00"), IF(L35<600, TEXT(L35/86400,"m:ss.00"), TEXT(L35/86400,"mm:ss.00"))) -> 1:12.61 | N35: =IFERROR(__xludf.DUMMYFUNCTION("LET( gen,$A35, ev,$B35, t,$M35, hdrs, ARRAYFORMULA(UPPER(TRIM(CLEAN(SUBSTITUTE('AQUA POINTS'!$1:$1,CHAR(160),"" ""))))), col, MATCH(UPPER(ev), hdrs, 0), base, INDEX('AQUA POINTS'!$1:$3, IF(gen=""M"",2,3), col), baseSec, IF(ISNUMBER(base), IF(ba"&"se<1, base*86400, base), IF(REGEXMATCH(base,"":""), VALUE(LEFT(base, FIND("":"",base)-1))*60 + VALUE(MID(base, FIND("":"",base)+1, 99)), VALUE(SUBSTITUTE(base,"","",""."")))), tSec, IF(ISNUMBER(t), IF(t<1, t*86400, t), "&" IF(REGEXMATCH(t,"":""), VALUE(LEFT(t, FIND("":"",t)-1))*60 + VALUE(MID(t, FIND("":"",t)+1, 99)), VALUE(SUBSTITUTE(t,"","",""."")))), INT(1000*(baseSec/tSec)^3) )"),688.0) -> 688
A36: F | B36: 100 Breast | C36: 20 | D36: 2 | E36: 1:07.20 | F36: =IFERROR(__xludf.DUMMYFUNCTION("IF( REGEXMATCH(E36, "":""), 60*VALUE(INDEX(SPLIT(E36, "":""),1,1)) + VALUE(INDEX(SPLIT(E36, "":""),1,2)), VALUE(E36) )"),67.2) -> 67.2 | G36: =average(F34-F36,F35-F37) -> 0.35 | H36: 0.35 | I36: =C24 -> 15 | J36: =C41 -> 23 | K36: {=INDEX('Podium Target Times'!$C:$C, MATCH(A36&B36, 'Podium Target Times'!$A:$A&'Podium Target Times'!$B:$B, 0))} -> 70.94 | L36: =L38+G38 -> 72.255 | M36: =IF(L36<60, TEXT(L36,"0.00"), IF(L36<600, TEXT(L36/86400,"m:ss.00"), TEXT(L36/86400,"mm:ss.00"))) -> 1:12.26 | N36: =IFERROR(__xludf.DUMMYFUNCTION("LET( gen,$A36, ev,$B36, t,$M36, hdrs, ARRAYFORMULA(UPPER(TRIM(CLEAN(SUBSTITUTE('AQUA POINTS'!$1:$1,CHAR(160),"" ""))))), col, MATCH(UPPER(ev), hdrs, 0), base, INDEX('AQUA POINTS'!$1:$3, IF(gen=""M"",2,3), col), baseSec, IF(ISNUMBER(base), IF(ba"&"se<1, base*86400, base), IF(REGEXMATCH(base,"":""), VALUE(LEFT(base, FIND("":"",base)-1))*60 + VALUE(MID(base, FIND("":"",base)+1, 99)), VALUE(SUBSTITUTE(base,"","",""."")))), tSec, IF(ISNUMBER(t), IF(t<1, t*86400, t), "&" IF(REGEXMATCH(t,"":""), VALUE(LEFT(t, FIND("":"",t)-1))*60 + VALUE(MID(t, FIND("":"",t)+1, 99)), VALUE(SUBSTITUTE(t,"","",""."")))), INT(1000*(baseSec/tSec)^3) )"),699.0) -> 699
A37: F | B37: 100 Breast | C37: 20 | D37: 3 | E37: 1:07.73 | F37: =IFERROR(__xludf.DUMMYFUNCTION("IF( REGEXMATCH(E37, "":""), 60*VALUE(INDEX(SPLIT(E37, "":""),1,1)) + VALUE(INDEX(SPLIT(E37, "":""),1,2)), VALUE(E37) )"),67.73) -> 67.73 | G37: =average(F34-F36,F35-F37) -> 0.35 | H37: 0.35 | I37: =C24 -> 15 | J37: =C41 -> 23 | K37: {=INDEX('Podium Target Times'!$C:$C, MATCH(A37&B37, 'Podium Target Times'!$A:$A&'Podium Target Times'!$B:$B, 0))} -> 70.94 | L37: =L38+G38 -> 72.255 | M37: =IF(L37<60, TEXT(L37,"0.00"), IF(L37<600, TEXT(L37/86400,"m:ss.00"), TEXT(L37/86400,"mm:ss.00"))) -> 1:12.26 | N37: =IFERROR(__xludf.DUMMYFUNCTION("LET( gen,$A37, ev,$B37, t,$M37, hdrs, ARRAYFORMULA(UPPER(TRIM(CLEAN(SUBSTITUTE('AQUA POINTS'!$1:$1,CHAR(160),"" ""))))), col, MATCH(UPPER(ev), hdrs, 0), base, INDEX('AQUA POINTS'!$1:$3, IF(gen=""M"",2,3), col), baseSec, IF(ISNUMBER(base), IF(ba"&"se<1, base*86400, base), IF(REGEXMATCH(base,"":""), VALUE(LEFT(base, FIND("":"",base)-1))*60 + VALUE(MID(base, FIND("":"",base)+1, 99)), VALUE(SUBSTITUTE(base,"","",""."")))), tSec, IF(ISNUMBER(t), IF(t<1, t*86400, t), "&" IF(REGEXMATCH(t,"":""), VALUE(LEFT(t, FIND("":"",t)-1))*60 + VALUE(MID(t, FIND("":"",t)+1, 99)), VALUE(SUBSTITUTE(t,"","",""."")))), INT(1000*(baseSec/tSec)^3) )"),699.0) -> 699
A38: F | B38: 100 Breast | C38: 21 | D38: 2 | E38: 1:06.87 | F38: =IFERROR(__xludf.DUMMYFUNCTION("IF( REGEXMATCH(E38, "":""), 60*VALUE(INDEX(SPLIT(E38, "":""),1,1)) + VALUE(INDEX(SPLIT(E38, "":""),1,2)), VALUE(E38) )"),66.87) -> 66.87 | G38: =average(F36-F38,F37-F39) -> 0.335 | H38: 0.335 | I38: =C24 -> 15 | J38: =C41 -> 23 | K38: {=INDEX('Podium Target Times'!$C:$C, MATCH(A38&B38, 'Podium Target Times'!$A:$A&'Podium Target Times'!$B:$B, 0))} -> 70.94 | L38: =L40+G40 -> 71.92 | M38: =IF(L38<60, TEXT(L38,"0.00"), IF(L38<600, TEXT(L38/86400,"m:ss.00"), TEXT(L38/86400,"mm:ss.00"))) -> 1:11.92 | N38: =IFERROR(__xludf.DUMMYFUNCTION("LET( gen,$A38, ev,$B38, t,$M38, hdrs, ARRAYFORMULA(UPPER(TRIM(CLEAN(SUBSTITUTE('AQUA POINTS'!$1:$1,CHAR(160),"" ""))))), col, MATCH(UPPER(ev), hdrs, 0), base, INDEX('AQUA POINTS'!$1:$3, IF(gen=""M"",2,3), col), baseSec, IF(ISNUMBER(base), IF(ba"&"se<1, base*86400, base), IF(REGEXMATCH(base,"":""), VALUE(LEFT(base, FIND("":"",base)-1))*60 + VALUE(MID(base, FIND("":"",base)+1, 99)), VALUE(SUBSTITUTE(base,"","",""."")))), tSec, IF(ISNUMBER(t), IF(t<1, t*86400, t), "&" IF(REGEXMATCH(t,"":""), VALUE(LEFT(t, FIND("":"",t)-1))*60 + VALUE(MID(t, FIND("":"",t)+1, 99)), VALUE(SUBSTITUTE(t,"","",""."")))), INT(1000*(baseSec/tSec)^3) )"),708.0) -> 708
A39: F | B39: 100 Breast | C39: 21 | D39: 3 | E39: 1:07.39 | F39: =IFERROR(__xludf.DUMMYFUNCTION("IF( REGEXMATCH(E39, "":""), 60*VALUE(INDEX(SPLIT(E39, "":""),1,1)) + VALUE(INDEX(SPLIT(E39, "":""),1,2)), VALUE(E39) )"),67.39) -> 67.39 | G39: =average(F36-F38,F37-F39) -> 0.335 | H39: 0.335 | I39: =C24 -> 15 | J39: =C41 -> 23 | K39: {=INDEX('Podium Target Times'!$C:$C, MATCH(A39&B39, 'Podium Target Times'!$A:$A&'Podium Target Times'!$B:$B, 0))} -> 70.94 | L39: =L40+G40 -> 71.92 | M39: =IF(L39<60, TEXT(L39,"0.00"), IF(L39<600, TEXT(L39/86400,"m:ss.00"), TEXT(L39/86400,"mm:ss.00"))) -> 1:11.92 | N39: =IFERROR(__xludf.DUMMYFUNCTION("LET( gen,$A39, ev,$B39, t,$M39, hdrs, ARRAYFORMULA(UPPER(TRIM(CLEAN(SUBSTITUTE('AQUA POINTS'!$1:$1,CHAR(160),"" ""))))), col, MATCH(UPPER(ev), hdrs, 0), base, INDEX('AQUA POINTS'!$1:$3, IF(gen=""M"",2,3), col), baseSec, IF(ISNUMBER(base), IF(ba"&"se<1, base*86400, base), IF(REGEXMATCH(base,"":""), VALUE(LEFT(base, FIND("":"",base)-1))*60 + VALUE(MID(base, FIND("":"",base)+1, 99)), VALUE(SUBSTITUTE(base,"","",""."")))), tSec, IF(ISNUMBER(t), IF(t<1, t*86400, t), "&" IF(REGEXMATCH(t,"":""), VALUE(LEFT(t, FIND("":"",t)-1))*60 + VALUE(MID(t, FIND("":"",t)+1, 99)), VALUE(SUBSTITUTE(t,"","",""."")))), INT(1000*(baseSec/tSec)^3) )"),708.0) -> 708
A40: F | B40: 100 Breast | C40: 22 | D40: 3 | E40: 1:07.10 | F40: =IFERROR(__xludf.DUMMYFUNCTION("IF( REGEXMATCH(E40, "":""), 60*VALUE(INDEX(SPLIT(E40, "":""),1,1)) + VALUE(INDEX(SPLIT(E40, "":""),1,2)), VALUE(E40) )"),67.1) -> 67.1 | G40: =F39-F40 -> 0.29 | H40: 0.29 | I40: =C24 -> 15 | J40: =C41 -> 23 | K40: {=INDEX('Podium Target Times'!$C:$C, MATCH(A40&B40, 'Podium Target Times'!$A:$A&'Podium Target Times'!$B:$B, 0))} -> 70.94 | L40: =L41+G41 -> 71.63 | M40: =IF(L40<60, TEXT(L40,"0.00"), IF(L40<600, TEXT(L40/86400,"m:ss.00"), TEXT(L40/86400,"mm:ss.00"))) -> 1:11.63 | N40: =IFERROR(__xludf.DUMMYFUNCTION("LET( gen,$A40, ev,$B40, t,$M40, hdrs, ARRAYFORMULA(UPPER(TRIM(CLEAN(SUBSTITUTE('AQUA POINTS'!$1:$1,CHAR(160),"" ""))))), col, MATCH(UPPER(ev), hdrs, 0), base, INDEX('AQUA POINTS'!$1:$3, IF(gen=""M"",2,3), col), baseSec, IF(ISNUMBER(base), IF(ba"&"se<1, base*86400, base), IF(REGEXMATCH(base,"":""), VALUE(LEFT(base, FIND("":"",base)-1))*60 + VALUE(MID(base, FIND("":"",base)+1, 99)), VALUE(SUBSTITUTE(base,"","",""."")))), tSec, IF(ISNUMBER(t), IF(t<1, t*86400, t), "&" IF(REGEXMATCH(t,"":""), VALUE(LEFT(t, FIND("":"",t)-1))*60 + VALUE(MID(t, FIND("":"",t)+1, 99)), VALUE(SUBSTITUTE(t,"","",""."")))), INT(1000*(baseSec/tSec)^3) )"),717.0) -> 717
A41: F | B41: 100 Breast | C41: 23 | D41: 3 | E41: 1:06.87 | F41: =IFERROR(__xludf.DUMMYFUNCTION("IF( REGEXMATCH(E41, "":""), 60*VALUE(INDEX(SPLIT(E41, "":""),1,1)) + VALUE(INDEX(SPLIT(E41, "":""),1,2)), VALUE(E41) )"),66.87) -> 66.87 | G41: =F40-F41 -> 0.23 | H41: 0.23 | I41: =C24 -> 15 | J41: =C41 -> 23 | K41: {=INDEX('Podium Target Times'!$C:$C, MATCH(A41&B41, 'Podium Target Times'!$A:$A&'Podium Target Times'!$B:$B, 0))} -> 70.94 | L41: =G41+L42 -> 71.4 | M41: =IF(L41<60, TEXT(L41,"0.00"), IF(L41<600, TEXT(L41/86400,"m:ss.00"), TEXT(L41/86400,"mm:ss.00"))) -> 1:11.40 | N41: =IFERROR(__xludf.DUMMYFUNCTION("LET( gen,$A41, ev,$B41, t,$M41, hdrs, ARRAYFORMULA(UPPER(TRIM(CLEAN(SUBSTITUTE('AQUA POINTS'!$1:$1,CHAR(160),"" ""))))), col, MATCH(UPPER(ev), hdrs, 0), base, INDEX('AQUA POINTS'!$1:$3, IF(gen=""M"",2,3), col), baseSec, IF(ISNUMBER(base), IF(ba"&"se<1, base*86400, base), IF(REGEXMATCH(base,"":""), VALUE(LEFT(base, FIND("":"",base)-1))*60 + VALUE(MID(base, FIND("":"",base)+1, 99)), VALUE(SUBSTITUTE(base,"","",""."")))), tSec, IF(ISNUMBER(t), IF(t<1, t*86400, t), "&" IF(REGEXMATCH(t,"":""), VALUE(LEFT(t, FIND("":"",t)-1))*60 + VALUE(MID(t, FIND("":"",t)+1, 99)), VALUE(SUBSTITUTE(t,"","",""."")))), INT(1000*(baseSec/tSec)^3) )"),724.0) -> 724
A42: F | B42: 100 Breast | C42: 24 | F42: =IFERROR(__xludf.DUMMYFUNCTION("IF( REGEXMATCH(E42, "":""), 60*VALUE(INDEX(SPLIT(E42, "":""),1,1)) + VALUE(INDEX(SPLIT(E42, "":""),1,2)), VALUE(E42) )"),0.0) -> 0 | I42: =C24 -> 15 | J42: =C41 -> 23 | K42: {=INDEX('Podium Target Times'!$C:$C, MATCH(A42&B42, 'Podium Target Times'!$A:$A&'Podium Target Times'!$B:$B, 0))} -> 70.94 | L42: =G41+L43 -> 71.17 | M42: =IF(L42<60, TEXT(L42,"0.00"), IF(L42<600, TEXT(L42/86400,"m:ss.00"), TEXT(L42/86400,"mm:ss.00"))) -> 1:11.17 | N42: =IFERROR(__xludf.DUMMYFUNCTION("LET( gen,$A42, ev,$B42, t,$M42, hdrs, ARRAYFORMULA(UPPER(TRIM(CLEAN(SUBSTITUTE('AQUA POINTS'!$1:$1,CHAR(160),"" ""))))), col, MATCH(UPPER(ev), hdrs, 0), base, INDEX('AQUA POINTS'!$1:$3, IF(gen=""M"",2,3), col), baseSec, IF(ISNUMBER(base), IF(ba"&"se<1, base*86400, base), IF(REGEXMATCH(base,"":""), VALUE(LEFT(base, FIND("":"",base)-1))*60 + VALUE(MID(base, FIND("":"",base)+1, 99)), VALUE(SUBSTITUTE(base,"","",""."")))), tSec, IF(ISNUMBER(t), IF(t<1, t*86400, t), "&" IF(REGEXMATCH(t,"":""), VALUE(LEFT(t, FIND("":"",t)-1))*60 + VALUE(MID(t, FIND("":"",t)+1, 99)), VALUE(SUBSTITUTE(t,"","",""."")))), INT(1000*(baseSec/tSec)^3) )"),731.0) -> 731
A43: F | B43: 100 Breast | C43: 25 | F43: =IFERROR(__xludf.DUMMYFUNCTION("IF( REGEXMATCH(E43, "":""), 60*VALUE(INDEX(SPLIT(E43, "":""),1,1)) + VALUE(INDEX(SPLIT(E43, "":""),1,2)), VALUE(E43) )"),0.0) -> 0 | I43: =C24 -> 15 | J43: =C41 -> 23 | K43: {=INDEX('Podium Target Times'!$C:$C, MATCH(A43&B43, 'Podium Target Times'!$A:$A&'Podium Target Times'!$B:$B, 0))} -> 70.94 | L43: =K43 -> 70.94 | M43: =IF(L43<60, TEXT(L43,"0.00"), IF(L43<600, TEXT(L43/86400,"m:ss.00"), TEXT(L43/86400,"mm:ss.00"))) -> 1:10.94 | N43: =IFERROR(__xludf.DUMMYFUNCTION("LET( gen,$A43, ev,$B43, t,$M43, hdrs, ARRAYFORMULA(UPPER(TRIM(CLEAN(SUBSTITUTE('AQUA POINTS'!$1:$1,CHAR(160),"" ""))))), col, MATCH(UPPER(ev), hdrs, 0), base, INDEX('AQUA POINTS'!$1:$3, IF(gen=""M"",2,3), col), baseSec, IF(ISNUMBER(base), IF(ba"&"se<1, base*86400, base), IF(REGEXMATCH(base,"":""), VALUE(LEFT(base, FIND("":"",base)-1))*60 + VALUE(MID(base, FIND("":"",base)+1, 99)), VALUE(SUBSTITUTE(base,"","",""."")))), tSec, IF(ISNUMBER(t), IF(t<1, t*86400, t), "&" IF(REGEXMATCH(t,"":""), VALUE(LEFT(t, FIND("":"",t)-1))*60 + VALUE(MID(t, FIND("":"",t)+1, 99)), VALUE(SUBSTITUTE(t,"","",""."")))), INT(1000*(baseSec/tSec)^3) )"),738.0) -> 738
A44: F | B44: 100 Fly | C44: 15 | D44: 1 | E44: 1:01.67 | F44: =IFERROR(__xludf.DUMMYFUNCTION("IF( REGEXMATCH(E44, "":""), 60*VALUE(INDEX(SPLIT(E44, "":""),1,1)) + VALUE(INDEX(SPLIT(E44, "":""),1,2)), VALUE(E44) )"),61.67) -> 61.67 | G44: 0 | H44: 0 | I44: =C44 -> 15 | J44: =C61 -> 23 | K44: {=INDEX('Podium Target Times'!$C:$C, MATCH(A44&B44, 'Podium Target Times'!$A:$A&'Podium Target Times'!$B:$B, 0))} -> 60.45 | L44: =L45+G45 -> 64.795 | M44: =IF(L44<60, TEXT(L44,"0.00"), IF(L44<600, TEXT(L44/86400,"m:ss.00"), TEXT(L44/86400,"mm:ss.00"))) -> 1:04.80 | N44: =IFERROR(__xludf.DUMMYFUNCTION("LET( gen,$A44, ev,$B44, t,$M44, hdrs, ARRAYFORMULA(UPPER(TRIM(CLEAN(SUBSTITUTE('AQUA POINTS'!$1:$1,CHAR(160),"" ""))))), col, MATCH(UPPER(ev), hdrs, 0), base, INDEX('AQUA POINTS'!$1:$3, IF(gen=""M"",2,3), col), baseSec, IF(ISNUMBER(base), IF(ba"&"se<1, base*86400, base), IF(REGEXMATCH(base,"":""), VALUE(LEFT(base, FIND("":"",base)-1))*60 + VALUE(MID(base, FIND("":"",base)+1, 99)), VALUE(SUBSTITUTE(base,"","",""."")))), tSec, IF(ISNUMBER(t), IF(t<1, t*86400, t), "&" IF(REGEXMATCH(t,"":""), VALUE(LEFT(t, FIND("":"",t)-1))*60 + VALUE(MID(t, FIND("":"",t)+1, 99)), VALUE(SUBSTITUTE(t,"","",""."")))), INT(1000*(baseSec/tSec)^3) )"),617.0) -> 617
A45: F | B45: 100 Fly | C45: 16 | D45: 1 | E45: 1:00.43 | F45: =IFERROR(__xludf.DUMMYFUNCTION("IF( REGEXMATCH(E45, "":""), 60*VALUE(INDEX(SPLIT(E45, "":""),1,1)) + VALUE(INDEX(SPLIT(E45, "":""),1,2)), VALUE(E45) )"),60.43) -> 60.43 | G45: =F44-F45 -> 1.24 | H45: 1.24 | I45: =C44 -> 15 | J45: =C61 -> 23 | K45: {=INDEX('Podium Target Times'!$C:$C, MATCH(A45&B45, 'Podium Target Times'!$A:$A&'Podium Target Times'!$B:$B, 0))} -> 60.45 | L45: =L47+G47 -> 63.555 | M45: =IF(L45<60, TEXT(L45,"0.00"), IF(L45<600, TEXT(L45/86400,"m:ss.00"), TEXT(L45/86400,"mm:ss.00"))) -> 1:03.56 | N45: =IFERROR(__xludf.DUMMYFUNCTION("LET( gen,$A45, ev,$B45, t,$M45, hdrs, ARRAYFORMULA(UPPER(TRIM(CLEAN(SUBSTITUTE('AQUA POINTS'!$1:$1,CHAR(160),"" ""))))), col, MATCH(UPPER(ev), hdrs, 0), base, INDEX('AQUA POINTS'!$1:$3, IF(gen=""M"",2,3), col), baseSec, IF(ISNUMBER(base), IF(ba"&"se<1, base*86400, base), IF(REGEXMATCH(base,"":""), VALUE(LEFT(base, FIND("":"",base)-1))*60 + VALUE(MID(base, FIND("":"",base)+1, 99)), VALUE(SUBSTITUTE(base,"","",""."")))), tSec, IF(ISNUMBER(t), IF(t<1, t*86400, t), "&" IF(REGEXMATCH(t,"":""), VALUE(LEFT(t, FIND("":"",t)-1))*60 + VALUE(MID(t, FIND("":"",t)+1, 99)), VALUE(SUBSTITUTE(t,"","",""."")))), INT(1000*(baseSec/tSec)^3) )"),654.0) -> 654
A46: F | B46: 100 Fly | C46: 16 | D46: 2 | E46: 1:01.15 | F46: =IFERROR(__xludf.DUMMYFUNCTION("IF( REGEXMATCH(E46, "":""), 60*VALUE(INDEX(SPLIT(E46, "":""),1,1)) + VALUE(INDEX(SPLIT(E46, "":""),1,2)), VALUE(E46) )"),61.15) -> 61.15 | G46: =F44-F45 -> 1.24 | H46: 1.24 | I46: =C44 -> 15 | J46: =C61 -> 23 | K46: {=INDEX('Podium Target Times'!$C:$C, MATCH(A46&B46, 'Podium Target Times'!$A:$A&'Podium Target Times'!$B:$B, 0))} -> 60.45 | L46: =L47+G47 -> 63.555 | M46: =IF(L46<60, TEXT(L46,"0.00"), IF(L46<600, TEXT(L46/86400,"m:ss.00"), TEXT(L46/86400,"mm:ss.00"))) -> 1:03.56 | N46: =IFERROR(__xludf.DUMMYFUNCTION("LET( gen,$A46, ev,$B46, t,$M46, hdrs, ARRAYFORMULA(UPPER(TRIM(CLEAN(SUBSTITUTE('AQUA POINTS'!$1:$1,CHAR(160),"" ""))))), col, MATCH(UPPER(ev), hdrs, 0), base, INDEX('AQUA POINTS'!$1:$3, IF(gen=""M"",2,3), col), baseSec, IF(ISNUMBER(base), IF(ba"&"se<1, base*86400, base), IF(REGEXMATCH(base,"":""), VALUE(LEFT(base, FIND("":"",base)-1))*60 + VALUE(MID(base, FIND("":"",base)+1, 99)), VALUE(SUBSTITUTE(base,"","",""."")))), tSec, IF(ISNUMBER(t), IF(t<1, t*86400, t), "&" IF(REGEXMATCH(t,"":""), VALUE(LEFT(t, FIND("":"",t)-1))*60 + VALUE(MID(t, FIND("":"",t)+1, 99)), VALUE(SUBSTITUTE(t,"","",""."")))), INT(1000*(baseSec/tSec)^3) )"),654.0) -> 654
A47: F | B47: 100 Fly | C47: 17 | D47: 1 | E47: 59.56 | F47: =IFERROR(__xludf.DUMMYFUNCTION("IF( REGEXMATCH(E47, "":""), 60*VALUE(INDEX(SPLIT(E47, "":""),1,1)) + VALUE(INDEX(SPLIT(E47, "":""),1,2)), VALUE(E47) )"),59.56) -> 59.56 | G47: =average(F45-F47,F46-F48) -> 0.875 | H47: 0.875 | I47: =C44 -> 15 | J47: =C61 -> 23 | K47: {=INDEX('Podium Target Times'!$C:$C, MATCH(A47&B47, 'Podium Target Times'!$A:$A&'Podium Target Times'!$B:$B, 0))} -> 60.45 | L47: =L50+G50 -> 62.68 | M47: =IF(L47<60, TEXT(L47,"0.00"), IF(L47<600, TEXT(L47/86400,"m:ss.00"), TEXT(L47/86400,"mm:ss.00"))) -> 1:02.68 | N47: =IFERROR(__xludf.DUMMYFUNCTION("LET( gen,$A47, ev,$B47, t,$M47, hdrs, ARRAYFORMULA(UPPER(TRIM(CLEAN(SUBSTITUTE('AQUA POINTS'!$1:$1,CHAR(160),"" ""))))), col, MATCH(UPPER(ev), hdrs, 0), base, INDEX('AQUA POINTS'!$1:$3, IF(gen=""M"",2,3), col), baseSec, IF(ISNUMBER(base), IF(ba"&"se<1, base*86400, base), IF(REGEXMATCH(base,"":""), VALUE(LEFT(base, FIND("":"",base)-1))*60 + VALUE(MID(base, FIND("":"",base)+1, 99)), VALUE(SUBSTITUTE(base,"","",""."")))), tSec, IF(ISNUMBER(t), IF(t<1, t*86400, t), "&" IF(REGEXMATCH(t,"":""), VALUE(LEFT(t, FIND("":"",t)-1))*60 + VALUE(MID(t, FIND("":"",t)+1, 99)), VALUE(SUBSTITUTE(t,"","",""."")))), INT(1000*(baseSec/tSec)^3) )"),682.0) -> 682
A48: F | B48: 100 Fly | C48: 17 | D48: 2 | E48: 1:00.27 | F48: =IFERROR(__xludf.DUMMYFUNCTION("IF( REGEXMATCH(E48, "":""), 60*VALUE(INDEX(SPLIT(E48, "":""),1,1)) + VALUE(INDEX(SPLIT(E48, "":""),1,2)), VALUE(E48) )"),60.27) -> 60.27 | G48: =average(F45-F47,F46-F48) -> 0.875 | H48: 0.875 | I48: =C44 -> 15 | J48: =C61 -> 23 | K48: {=INDEX('Podium Target Times'!$C:$C, MATCH(A48&B48, 'Podium Target Times'!$A:$A&'Podium Target Times'!$B:$B, 0))} -> 60.45 | L48: =L50+G50 -> 62.68 | M48: =IF(L48<60, TEXT(L48,"0.00"), IF(L48<600, TEXT(L48/86400,"m:ss.00"), TEXT(L48/86400,"mm:ss.00"))) -> 1:02.68 | N48: =IFERROR(__xludf.DUMMYFUNCTION("LET( gen,$A48, ev,$B48, t,$M48, hdrs, ARRAYFORMULA(UPPER(TRIM(CLEAN(SUBSTITUTE('AQUA POINTS'!$1:$1,CHAR(160),"" ""))))), col, MATCH(UPPER(ev), hdrs, 0), base, INDEX('AQUA POINTS'!$1:$3, IF(gen=""M"",2,3), col), baseSec, IF(ISNUMBER(base), IF(ba"&"se<1, base*86400, base), IF(REGEXMATCH(base,"":""), VALUE(LEFT(base, FIND("":"",base)-1))*60 + VALUE(MID(base, FIND("":"",base)+1, 99)), VALUE(SUBSTITUTE(base,"","",""."")))), tSec, IF(ISNUMBER(t), IF(t<1, t*86400, t), "&" IF(REGEXMATCH(t,"":""), VALUE(LEFT(t, FIND("":"",t)-1))*60 + VALUE(MID(t, FIND("":"",t)+1, 99)), VALUE(SUBSTITUTE(t,"","",""."")))), INT(1000*(baseSec/tSec)^3) )"),682.0) -> 682
A49: F | B49: 100 Fly | C49: 17 | D49: 3 | E49: 1:00.47 | F49: =IFERROR(__xludf.DUMMYFUNCTION("IF( REGEXMATCH(E49, "":""), 60*VALUE(INDEX(SPLIT(E49, "":""),1,1)) + VALUE(INDEX(SPLIT(E49, "":""),1,2)), VALUE(E49) )"),60.47) -> 60.47 | G49: =average(F45-F47,F46-F48) -> 0.875 | H49: 0.875 | I49: =C44 -> 15 | J49: =C61 -> 23 | K49: {=INDEX('Podium Target Times'!$C:$C, MATCH(A49&B49, 'Podium Target Times'!$A:$A&'Podium Target Times'!$B:$B, 0))} -> 60.45 | L49: =L50+G50 -> 62.68 | M49: =IF(L49<60, TEXT(L49,"0.00"), IF(L49<600, TEXT(L49/86400,"m:ss.00"), TEXT(L49/86400,"mm:ss.00"))) -> 1:02.68 | N49: =IFERROR(__xludf.DUMMYFUNCTION("LET( gen,$A49, ev,$B49, t,$M49, hdrs, ARRAYFORMULA(UPPER(TRIM(CLEAN(SUBSTITUTE('AQUA POINTS'!$1:$1,CHAR(160),"" ""))))), col, MATCH(UPPER(ev), hdrs, 0), base, INDEX('AQUA POINTS'!$1:$3, IF(gen=""M"",2,3), col), baseSec, IF(ISNUMBER(base), IF(ba"&"se<1, base*86400, base), IF(REGEXMATCH(base,"":""), VALUE(LEFT(base, FIND("":"",base)-1))*60 + VALUE(MID(base, FIND("":"",base)+1, 99)), VALUE(SUBSTITUTE(base,"","",""."")))), tSec, IF(ISNUMBER(t), IF(t<1, t*86400, t), "&" IF(REGEXMATCH(t,"":""), VALUE(LEFT(t, FIND("":"",t)-1))*60 + VALUE(MID(t, FIND("":"",t)+1, 99)), VALUE(SUBSTITUTE(t,"","",""."")))), INT(1000*(baseSec/tSec)^3) )"),682.0) -> 682
A50: F | B50: 100 Fly | C50: 18 | D50: 1 | E50: 59.57 | F50: =IFERROR(__xludf.DUMMYFUNCTION("IF( REGEXMATCH(E50, "":""), 60*VALUE(INDEX(SPLIT(E50, "":""),1,1)) + VALUE(INDEX(SPLIT(E50, "":""),1,2)), VALUE(E50) )"),59.57) -> 59.57 | G50: =average(F47-F50,F48-F51,F49-F52) -> 0.39666667 | H50: 0.39666667 | I50: =C44 -> 15 | J50: =C61 -> 23 | K50: {=INDEX('Podium Target Times'!$C:$C, MATCH(A50&B50, 'Podium Target Times'!$A:$A&'Podium Target Times'!$B:$B, 0))} -> 60.45 | L50: =L53+G53 -> 62.283333 | M50: =IF(L50<60, TEXT(L50,"0.00"), IF(L50<600, TEXT(L50/86400,"m:ss.00"), TEXT(L50/86400,"mm:ss.00"))) -> 1:02.28 | N50: =IFERROR(__xludf.DUMMYFUNCTION("LET( gen,$A50, ev,$B50, t,$M50, hdrs, ARRAYFORMULA(UPPER(TRIM(CLEAN(SUBSTITUTE('AQUA POINTS'!$1:$1,CHAR(160),"" ""))))), col, MATCH(UPPER(ev), hdrs, 0), base, INDEX('AQUA POINTS'!$1:$3, IF(gen=""M"",2,3), col), baseSec, IF(ISNUMBER(base), IF(ba"&"se<1, base*86400, base), IF(REGEXMATCH(base,"":""), VALUE(LEFT(base, FIND("":"",base)-1))*60 + VALUE(MID(base, FIND("":"",base)+1, 99)), VALUE(SUBSTITUTE(base,"","",""."")))), tSec, IF(ISNUMBER(t), IF(t<1, t*86400, t), "&" IF(REGEXMATCH(t,"":""), VALUE(LEFT(t, FIND("":"",t)-1))*60 + VALUE(MID(t, FIND("":"",t)+1, 99)), VALUE(SUBSTITUTE(t,"","",""."")))), INT(1000*(baseSec/tSec)^3) )"),695.0) -> 695
A51: F | B51: 100 Fly | C51: 18 | D51: 2 | E51: 59.77 | F51: =IFERROR(__xludf.DUMMYFUNCTION("IF( REGEXMATCH(E51, "":""), 60*VALUE(INDEX(SPLIT(E51, "":""),1,1)) + VALUE(INDEX(SPLIT(E51, "":""),1,2)), VALUE(E51) )"),59.77) -> 59.77 | G51: =average(F47-F50,F48-F51,F49-F52) -> 0.39666667 | H51: 0.39666667 | I51: =C44 -> 15 | J51: =C61 -> 23 | K51: {=INDEX('Podium Target Times'!$C:$C, MATCH(A51&B51, 'Podium Target Times'!$A:$A&'Podium Target Times'!$B:$B, 0))} -> 60.45 | L51: =L53+G53 -> 62.283333 | M51: =IF(L51<60, TEXT(L51,"0.00"), IF(L51<600, TEXT(L51/86400,"m:ss.00"), TEXT(L51/86400,"mm:ss.00"))) -> 1:02.28 | N51: =IFERROR(__xludf.DUMMYFUNCTION("LET( gen,$A51, ev,$B51, t,$M51, hdrs, ARRAYFORMULA(UPPER(TRIM(CLEAN(SUBSTITUTE('AQUA POINTS'!$1:$1,CHAR(160),"" ""))))), col, MATCH(UPPER(ev), hdrs, 0), base, INDEX('AQUA POINTS'!$1:$3, IF(gen=""M"",2,3), col), baseSec, IF(ISNUMBER(base), IF(ba"&"se<1, base*86400, base), IF(REGEXMATCH(base,"":""), VALUE(LEFT(base, FIND("":"",base)-1))*60 + VALUE(MID(base, FIND("":"",base)+1, 99)), VALUE(SUBSTITUTE(base,"","",""."")))), tSec, IF(ISNUMBER(t), IF(t<1, t*86400, t), "&" IF(REGEXMATCH(t,"":""), VALUE(LEFT(t, FIND("":"",t)-1))*60 + VALUE(MID(t, FIND("":"",t)+1, 99)), VALUE(SUBSTITUTE(t,"","",""."")))), INT(1000*(baseSec/tSec)^3) )"),695.0) -> 695
A52: F | B52: 100 Fly | C52: 18 | D52: 3 | E52: 59.77 | F52: =IFERROR(__xludf.DUMMYFUNCTION("IF( REGEXMATCH(E52, "":""), 60*VALUE(INDEX(SPLIT(E52, "":""),1,1)) + VALUE(INDEX(SPLIT(E52, "":""),1,2)), VALUE(E52) )"),59.77) -> 59.77 | G52: =average(F47-F50,F48-F51,F49-F52) -> 0.39666667 | H52: 0.39666667 | I52: =C44 -> 15 | J52: =C61 -> 23 | K52: {=INDEX('Podium Target Times'!$C:$C, MATCH(A52&B52, 'Podium Target Times'!$A:$A&'Podium Target Times'!$B:$B, 0))} -> 60.45 | L52: =L53+G53 -> 62.283333 | M52: =IF(L52<60, TEXT(L52,"0.00"), IF(L52<600, TEXT(L52/86400,"m:ss.00"), TEXT(L52/86400,"mm:ss.00"))) -> 1:02.28 | N52: =IFERROR(__xludf.DUMMYFUNCTION("LET( gen,$A52, ev,$B52, t,$M52, hdrs, ARRAYFORMULA(UPPER(TRIM(CLEAN(SUBSTITUTE('AQUA POINTS'!$1:$1,CHAR(160),"" ""))))), col, MATCH(UPPER(ev), hdrs, 0), base, INDEX('AQUA POINTS'!$1:$3, IF(gen=""M"",2,3), col), baseSec, IF(ISNUMBER(base), IF(ba"&"se<1, base*86400, base), IF(REGEXMATCH(base,"":""), VALUE(LEFT(base, FIND("":"",base)-1))*60 + VALUE(MID(base, FIND("":"",base)+1, 99)), VALUE(SUBSTITUTE(base,"","",""."")))), tSec, IF(ISNUMBER(t), IF(t<1, t*86400, t), "&" IF(REGEXMATCH(t,"":""), VALUE(LEFT(t, FIND("":"",t)-1))*60 + VALUE(MID(t, FIND("":"",t)+1, 99)), VALUE(SUBSTITUTE(t,"","",""."")))), INT(1000*(baseSec/tSec)^3) )"),695.0) -> 695
A53: F | B53: 100 Fly | C53: 19 | D53: 1 | E53: 58.33 | F53: =IFERROR(__xludf.DUMMYFUNCTION("IF( REGEXMATCH(E53, "":""), 60*VALUE(INDEX(SPLIT(E53, "":""),1,1)) + VALUE(INDEX(SPLIT(E53, "":""),1,2)), VALUE(E53) )"),58.33) -> 58.33 | G53: =average(F50-F53,F51-F54,F52-F55) -> 0.84333333 | H53: 0.84333333 | I53: =C44 -> 15 | J53: =C61 -> 23 | K53: {=INDEX('Podium Target Times'!$C:$C, MATCH(A53&B53, 'Podium Target Times'!$A:$A&'Podium Target Times'!$B:$B, 0))} -> 60.45 | L53: =L56+G56 -> 61.44 | M53: =IF(L53<60, TEXT(L53,"0.00"), IF(L53<600, TEXT(L53/86400,"m:ss.00"), TEXT(L53/86400,"mm:ss.00"))) -> 1:01.44 | N53: =IFERROR(__xludf.DUMMYFUNCTION("LET( gen,$A53, ev,$B53, t,$M53, hdrs, ARRAYFORMULA(UPPER(TRIM(CLEAN(SUBSTITUTE('AQUA POINTS'!$1:$1,CHAR(160),"" ""))))), col, MATCH(UPPER(ev), hdrs, 0), base, INDEX('AQUA POINTS'!$1:$3, IF(gen=""M"",2,3), col), baseSec, IF(ISNUMBER(base), IF(ba"&"se<1, base*86400, base), IF(REGEXMATCH(base,"":""), VALUE(LEFT(base, FIND("":"",base)-1))*60 + VALUE(MID(base, FIND("":"",base)+1, 99)), VALUE(SUBSTITUTE(base,"","",""."")))), tSec, IF(ISNUMBER(t), IF(t<1, t*86400, t), "&" IF(REGEXMATCH(t,"":""), VALUE(LEFT(t, FIND("":"",t)-1))*60 + VALUE(MID(t, FIND("":"",t)+1, 99)), VALUE(SUBSTITUTE(t,"","",""."")))), INT(1000*(baseSec/tSec)^3) )"),724.0) -> 724
A54: F | B54: 100 Fly | C54: 19 | D54: 2 | E54: 59.03 | F54: =IFERROR(__xludf.DUMMYFUNCTION("IF( REGEXMATCH(E54, "":""), 60*VALUE(INDEX(SPLIT(E54, "":""),1,1)) + VALUE(INDEX(SPLIT(E54, "":""),1,2)), VALUE(E54) )"),59.03) -> 59.03 | G54: =average(F50-F53,F51-F54,F52-F55) -> 0.84333333 | H54: 0.84333333 | I54: =C44 -> 15 | J54: =C61 -> 23 | K54: {=INDEX('Podium Target Times'!$C:$C, MATCH(A54&B54, 'Podium Target Times'!$A:$A&'Podium Target Times'!$B:$B, 0))} -> 60.45 | L54: =L56+G56 -> 61.44 | M54: =IF(L54<60, TEXT(L54,"0.00"), IF(L54<600, TEXT(L54/86400,"m:ss.00"), TEXT(L54/86400,"mm:ss.00"))) -> 1:01.44 | N54: =IFERROR(__xludf.DUMMYFUNCTION("LET( gen,$A54, ev,$B54, t,$M54, hdrs, ARRAYFORMULA(UPPER(TRIM(CLEAN(SUBSTITUTE('AQUA POINTS'!$1:$1,CHAR(160),"" ""))))), col, MATCH(UPPER(ev), hdrs, 0), base, INDEX('AQUA POINTS'!$1:$3, IF(gen=""M"",2,3), col), baseSec, IF(ISNUMBER(base), IF(ba"&"se<1, base*86400, base), IF(REGEXMATCH(base,"":""), VALUE(LEFT(base, FIND("":"",base)-1))*60 + VALUE(MID(base, FIND("":"",base)+1, 99)), VALUE(SUBSTITUTE(base,"","",""."")))), tSec, IF(ISNUMBER(t), IF(t<1, t*86400, t), "&" IF(REGEXMATCH(t,"":""), VALUE(LEFT(t, FIND("":"",t)-1))*60 + VALUE(MID(t, FIND("":"",t)+1, 99)), VALUE(SUBSTITUTE(t,"","",""."")))), INT(1000*(baseSec/tSec)^3) )"),724.0) -> 724
A55: F | B55: 100 Fly | C55: 19 | D55: 3 | E55: 59.22 | F55: =IFERROR(__xludf.DUMMYFUNCTION("IF( REGEXMATCH(E55, "":""), 60*VALUE(INDEX(SPLIT(E55, "":""),1,1)) + VALUE(INDEX(SPLIT(E55, "":""),1,2)), VALUE(E55) )"),59.22) -> 59.22 | G55: =average(F50-F53,F51-F54,F52-F55) -> 0.84333333 | H55: 0.84333333 | I55: =C44 -> 15 | J55: =C61 -> 23 | K55: {=INDEX('Podium Target Times'!$C:$C, MATCH(A55&B55, 'Podium Target Times'!$A:$A&'Podium Target Times'!$B:$B, 0))} -> 60.45 | L55: =L56+G56 -> 61.44 | M55: =IF(L55<60, TEXT(L55,"0.00"), IF(L55<600, TEXT(L55/86400,"m:ss.00"), TEXT(L55/86400,"mm:ss.00"))) -> 1:01.44 | N55: =IFERROR(__xludf.DUMMYFUNCTION("LET( gen,$A55, ev,$B55, t,$M55, hdrs, ARRAYFORMULA(UPPER(TRIM(CLEAN(SUBSTITUTE('AQUA POINTS'!$1:$1,CHAR(160),"" ""))))), col, MATCH(UPPER(ev), hdrs, 0), base, INDEX('AQUA POINTS'!$1:$3, IF(gen=""M"",2,3), col), baseSec, IF(ISNUMBER(base), IF(ba"&"se<1, base*86400, base), IF(REGEXMATCH(base,"":""), VALUE(LEFT(base, FIND("":"",base)-1))*60 + VALUE(MID(base, FIND("":"",base)+1, 99)), VALUE(SUBSTITUTE(base,"","",""."")))), tSec, IF(ISNUMBER(t), IF(t<1, t*86400, t), "&" IF(REGEXMATCH(t,"":""), VALUE(LEFT(t, FIND("":"",t)-1))*60 + VALUE(MID(t, FIND("":"",t)+1, 99)), VALUE(SUBSTITUTE(t,"","",""."")))), INT(1000*(baseSec/tSec)^3) )"),724.0) -> 724
A56: F | B56: 100 Fly | C56: 20 | D56: 2 | E56: 58.60 | F56: =IFERROR(__xludf.DUMMYFUNCTION("IF( REGEXMATCH(E56, "":""), 60*VALUE(INDEX(SPLIT(E56, "":""),1,1)) + VALUE(INDEX(SPLIT(E56, "":""),1,2)), VALUE(E56) )"),58.6) -> 58.6 | G56: =average(F54-F56,F55-F57) -> 0.425 | H56: 0.425 | I56: =C44 -> 15 | J56: =C61 -> 23 | K56: {=INDEX('Podium Target Times'!$C:$C, MATCH(A56&B56, 'Podium Target Times'!$A:$A&'Podium Target Times'!$B:$B, 0))} -> 60.45 | L56: =L58+G58 -> 61.015 | M56: =IF(L56<60, TEXT(L56,"0.00"), IF(L56<600, TEXT(L56/86400,"m:ss.00"), TEXT(L56/86400,"mm:ss.00"))) -> 1:01.02 | N56: =IFERROR(__xludf.DUMMYFUNCTION("LET( gen,$A56, ev,$B56, t,$M56, hdrs, ARRAYFORMULA(UPPER(TRIM(CLEAN(SUBSTITUTE('AQUA POINTS'!$1:$1,CHAR(160),"" ""))))), col, MATCH(UPPER(ev), hdrs, 0), base, INDEX('AQUA POINTS'!$1:$3, IF(gen=""M"",2,3), col), baseSec, IF(ISNUMBER(base), IF(ba"&"se<1, base*86400, base), IF(REGEXMATCH(base,"":""), VALUE(LEFT(base, FIND("":"",base)-1))*60 + VALUE(MID(base, FIND("":"",base)+1, 99)), VALUE(SUBSTITUTE(base,"","",""."")))), tSec, IF(ISNUMBER(t), IF(t<1, t*86400, t), "&" IF(REGEXMATCH(t,"":""), VALUE(LEFT(t, FIND("":"",t)-1))*60 + VALUE(MID(t, FIND("":"",t)+1, 99)), VALUE(SUBSTITUTE(t,"","",""."")))), INT(1000*(baseSec/tSec)^3) )"),739.0) -> 739
A57: F | B57: 100 Fly | C57: 20 | D57: 3 | E57: 58.80 | F57: =IFERROR(__xludf.DUMMYFUNCTION("IF( REGEXMATCH(E57, "":""), 60*VALUE(INDEX(SPLIT(E57, "":""),1,1)) + VALUE(INDEX(SPLIT(E57, "":""),1,2)), VALUE(E57) )"),58.8) -> 58.8 | G57: =average(F54-F56,F55-F57) -> 0.425 | H57: 0.425 | I57: =C44 -> 15 | J57: =C61 -> 23 | K57: {=INDEX('Podium Target Times'!$C:$C, MATCH(A57&B57, 'Podium Target Times'!$A:$A&'Podium Target Times'!$B:$B, 0))} -> 60.45 | L57: =L58+G58 -> 61.015 | M57: =IF(L57<60, TEXT(L57,"0.00"), IF(L57<600, TEXT(L57/86400,"m:ss.00"), TEXT(L57/86400,"mm:ss.00"))) -> 1:01.02 | N57: =IFERROR(__xludf.DUMMYFUNCTION("LET( gen,$A57, ev,$B57, t,$M57, hdrs, ARRAYFORMULA(UPPER(TRIM(CLEAN(SUBSTITUTE('AQUA POINTS'!$1:$1,CHAR(160),"" ""))))), col, MATCH(UPPER(ev), hdrs, 0), base, INDEX('AQUA POINTS'!$1:$3, IF(gen=""M"",2,3), col), baseSec, IF(ISNUMBER(base), IF(ba"&"se<1, base*86400, base), IF(REGEXMATCH(base,"":""), VALUE(LEFT(base, FIND("":"",base)-1))*60 + VALUE(MID(base, FIND("":"",base)+1, 99)), VALUE(SUBSTITUTE(base,"","",""."")))), tSec, IF(ISNUMBER(t), IF(t<1, t*86400, t), "&" IF(REGEXMATCH(t,"":""), VALUE(LEFT(t, FIND("":"",t)-1))*60 + VALUE(MID(t, FIND("":"",t)+1, 99)), VALUE(SUBSTITUTE(t,"","",""."")))), INT(1000*(baseSec/tSec)^3) )"),739.0) -> 739
A58: F | B58: 100 Fly | C58: 21 | D58: 2 | E58: 58.33 | F58: =IFERROR(__xludf.DUMMYFUNCTION("IF( REGEXMATCH(E58, "":""), 60*VALUE(INDEX(SPLIT(E58, "":""),1,1)) + VALUE(INDEX(SPLIT(E58, "":""),1,2)), VALUE(E58) )"),58.33) -> 58.33 | G58: =average(F56-F58,F57-F59) -> 0.275 | H58: 0.275 | I58: =C44 -> 15 | J58: =C61 -> 23 | K58: {=INDEX('Podium Target Times'!$C:$C, MATCH(A58&B58, 'Podium Target Times'!$A:$A&'Podium Target Times'!$B:$B, 0))} -> 60.45 | L58: =L60+G60 -> 60.74 | M58: =IF(L58<60, TEXT(L58,"0.00"), IF(L58<600, TEXT(L58/86400,"m:ss.00"), TEXT(L58/86400,"mm:ss.00"))) -> 1:00.74 | N58: =IFERROR(__xludf.DUMMYFUNCTION("LET( gen,$A58, ev,$B58, t,$M58, hdrs, ARRAYFORMULA(UPPER(TRIM(CLEAN(SUBSTITUTE('AQUA POINTS'!$1:$1,CHAR(160),"" ""))))), col, MATCH(UPPER(ev), hdrs, 0), base, INDEX('AQUA POINTS'!$1:$3, IF(gen=""M"",2,3), col), baseSec, IF(ISNUMBER(base), IF(ba"&"se<1, base*86400, base), IF(REGEXMATCH(base,"":""), VALUE(LEFT(base, FIND("":"",base)-1))*60 + VALUE(MID(base, FIND("":"",base)+1, 99)), VALUE(SUBSTITUTE(base,"","",""."")))), tSec, IF(ISNUMBER(t), IF(t<1, t*86400, t), "&" IF(REGEXMATCH(t,"":""), VALUE(LEFT(t, FIND("":"",t)-1))*60 + VALUE(MID(t, FIND("":"",t)+1, 99)), VALUE(SUBSTITUTE(t,"","",""."")))), INT(1000*(baseSec/tSec)^3) )"),749.0) -> 749
A59: F | B59: 100 Fly | C59: 21 | D59: 3 | E59: 58.52 | F59: =IFERROR(__xludf.DUMMYFUNCTION("IF( REGEXMATCH(E59, "":""), 60*VALUE(INDEX(SPLIT(E59, "":""),1,1)) + VALUE(INDEX(SPLIT(E59, "":""),1,2)), VALUE(E59) )"),58.52) -> 58.52 | G59: =average(F56-F58,F57-F59) -> 0.275 | H59: 0.275 | I59: =C44 -> 15 | J59: =C61 -> 23 | K59: {=INDEX('Podium Target Times'!$C:$C, MATCH(A59&B59, 'Podium Target Times'!$A:$A&'Podium Target Times'!$B:$B, 0))} -> 60.45 | L59: =L60+G60 -> 60.74 | M59: =IF(L59<60, TEXT(L59,"0.00"), IF(L59<600, TEXT(L59/86400,"m:ss.00"), TEXT(L59/86400,"mm:ss.00"))) -> 1:00.74 | N59: =IFERROR(__xludf.DUMMYFUNCTION("LET( gen,$A59, ev,$B59, t,$M59, hdrs, ARRAYFORMULA(UPPER(TRIM(CLEAN(SUBSTITUTE('AQUA POINTS'!$1:$1,CHAR(160),"" ""))))), col, MATCH(UPPER(ev), hdrs, 0), base, INDEX('AQUA POINTS'!$1:$3, IF(gen=""M"",2,3), col), baseSec, IF(ISNUMBER(base), IF(ba"&"se<1, base*86400, base), IF(REGEXMATCH(base,"":""), VALUE(LEFT(base, FIND("":"",base)-1))*60 + VALUE(MID(base, FIND("":"",base)+1, 99)), VALUE(SUBSTITUTE(base,"","",""."")))), tSec, IF(ISNUMBER(t), IF(t<1, t*86400, t), "&" IF(REGEXMATCH(t,"":""), VALUE(LEFT(t, FIND("":"",t)-1))*60 + VALUE(MID(t, FIND("":"",t)+1, 99)), VALUE(SUBSTITUTE(t,"","",""."")))), INT(1000*(baseSec/tSec)^3) )"),749.0) -> 749
A60: F | B60: 100 Fly | C60: 22 | D60: 3 | E60: 58.38 | F60: =IFERROR(__xludf.DUMMYFUNCTION("IF( REGEXMATCH(E60, "":""), 60*VALUE(INDEX(SPLIT(E60, "":""),1,1)) + VALUE(INDEX(SPLIT(E60, "":""),1,2)), VALUE(E60) )"),58.38) -> 58.38 | G60: =F59-F60 -> 0.14 | H60: 0.14 | I60: =C44 -> 15 | J60: =C61 -> 23 | K60: {=INDEX('Podium Target Times'!$C:$C, MATCH(A60&B60, 'Podium Target Times'!$A:$A&'Podium Target Times'!$B:$B, 0))} -> 60.45 | L60: =L61+G61 -> 60.6 | M60: =IF(L60<60, TEXT(L60,"0.00"), IF(L60<600, TEXT(L60/86400,"m:ss.00"), TEXT(L60/86400,"mm:ss.00"))) -> 1:00.60 | N60: =IFERROR(__xludf.DUMMYFUNCTION("LET( gen,$A60, ev,$B60, t,$M60, hdrs, ARRAYFORMULA(UPPER(TRIM(CLEAN(SUBSTITUTE('AQUA POINTS'!$1:$1,CHAR(160),"" ""))))), col, MATCH(UPPER(ev), hdrs, 0), base, INDEX('AQUA POINTS'!$1:$3, IF(gen=""M"",2,3), col), baseSec, IF(ISNUMBER(base), IF(ba"&"se<1, base*86400, base), IF(REGEXMATCH(base,"":""), VALUE(LEFT(base, FIND("":"",base)-1))*60 + VALUE(MID(base, FIND("":"",base)+1, 99)), VALUE(SUBSTITUTE(base,"","",""."")))), tSec, IF(ISNUMBER(t), IF(t<1, t*86400, t), "&" IF(REGEXMATCH(t,"":""), VALUE(LEFT(t, FIND("":"",t)-1))*60 + VALUE(MID(t, FIND("":"",t)+1, 99)), VALUE(SUBSTITUTE(t,"","",""."")))), INT(1000*(baseSec/tSec)^3) )"),754.0) -> 754
A61: F | B61: 100 Fly | C61: 23 | D61: 3 | E61: 58.33 | F61: =IFERROR(__xludf.DUMMYFUNCTION("IF( REGEXMATCH(E61, "":""), 60*VALUE(INDEX(SPLIT(E61, "":""),1,1)) + VALUE(INDEX(SPLIT(E61, "":""),1,2)), VALUE(E61) )"),58.33) -> 58.33 | G61: =F60-F61 -> 0.05 | H61: 0.05 | I61: =C44 -> 15 | J61: =C61 -> 23 | K61: {=INDEX('Podium Target Times'!$C:$C, MATCH(A61&B61, 'Podium Target Times'!$A:$A&'Podium Target Times'!$B:$B, 0))} -> 60.45 | L61: =G61+L62 -> 60.55 | M61: =IF(L61<60, TEXT(L61,"0.00"), IF(L61<600, TEXT(L61/86400,"m:ss.00"), TEXT(L61/86400,"mm:ss.00"))) -> 1:00.55 | N61: =IFERROR(__xludf.DUMMYFUNCTION("LET( gen,$A61, ev,$B61, t,$M61, hdrs, ARRAYFORMULA(UPPER(TRIM(CLEAN(SUBSTITUTE('AQUA POINTS'!$1:$1,CHAR(160),"" ""))))), col, MATCH(UPPER(ev), hdrs, 0), base, INDEX('AQUA POINTS'!$1:$3, IF(gen=""M"",2,3), col), baseSec, IF(ISNUMBER(base), IF(ba"&"se<1, base*86400, base), IF(REGEXMATCH(base,"":""), VALUE(LEFT(base, FIND("":"",base)-1))*60 + VALUE(MID(base, FIND("":"",base)+1, 99)), VALUE(SUBSTITUTE(base,"","",""."")))), tSec, IF(ISNUMBER(t), IF(t<1, t*86400, t), "&" IF(REGEXMATCH(t,"":""), VALUE(LEFT(t, FIND("":"",t)-1))*60 + VALUE(MID(t, FIND("":"",t)+1, 99)), VALUE(SUBSTITUTE(t,"","",""."")))), INT(1000*(baseSec/tSec)^3) )"),756.0) -> 756
A62: F | B62: 100 Fly | C62: 24 | F62: =IFERROR(__xludf.DUMMYFUNCTION("IF( REGEXMATCH(E62, "":""), 60*VALUE(INDEX(SPLIT(E62, "":""),1,1)) + VALUE(INDEX(SPLIT(E62, "":""),1,2)), VALUE(E62) )"),0.0) -> 0 | I62: =C44 -> 15 | J62: =C61 -> 23 | K62: {=INDEX('Podium Target Times'!$C:$C, MATCH(A62&B62, 'Podium Target Times'!$A:$A&'Podium Target Times'!$B:$B, 0))} -> 60.45 | L62: =G61+L63 -> 60.5 | M62: =IF(L62<60, TEXT(L62,"0.00"), IF(L62<600, TEXT(L62/86400,"m:ss.00"), TEXT(L62/86400,"mm:ss.00"))) -> 1:00.50 | N62: =IFERROR(__xludf.DUMMYFUNCTION("LET( gen,$A62, ev,$B62, t,$M62, hdrs, ARRAYFORMULA(UPPER(TRIM(CLEAN(SUBSTITUTE('AQUA POINTS'!$1:$1,CHAR(160),"" ""))))), col, MATCH(UPPER(ev), hdrs, 0), base, INDEX('AQUA POINTS'!$1:$3, IF(gen=""M"",2,3), col), baseSec, IF(ISNUMBER(base), IF(ba"&"se<1, base*86400, base), IF(REGEXMATCH(base,"":""), VALUE(LEFT(base, FIND("":"",base)-1))*60 + VALUE(MID(base, FIND("":"",base)+1, 99)), VALUE(SUBSTITUTE(base,"","",""."")))), tSec, IF(ISNUMBER(t), IF(t<1, t*86400, t), "&" IF(REGEXMATCH(t,"":""), VALUE(LEFT(t, FIND("":"",t)-1))*60 + VALUE(MID(t, FIND("":"",t)+1, 99)), VALUE(SUBSTITUTE(t,"","",""."")))), INT(1000*(baseSec/tSec)^3) )"),758.0) -> 758
A63: F | B63: 100 Fly | C63: 25 | F63: =IFERROR(__xludf.DUMMYFUNCTION("IF( REGEXMATCH(E63, "":""), 60*VALUE(INDEX(SPLIT(E63, "":""),1,1)) + VALUE(INDEX(SPLIT(E63, "":""),1,2)), VALUE(E63) )"),0.0) -> 0 | I63: =C44 -> 15 | J63: =C61 -> 23 | K63: {=INDEX('Podium Target Times'!$C:$C, MATCH(A63&B63, 'Podium Target Times'!$A:$A&'Podium Target Times'!$B:$B, 0))} -> 60.45 | L63: =K63 -> 60.45 | M63: =IF(L63<60, TEXT(L63,"0.00"), IF(L63<600, TEXT(L63/86400,"m:ss.00"), TEXT(L63/86400,"mm:ss.00"))) -> 1:00.45 | N63: =IFERROR(__xludf.DUMMYFUNCTION("LET( gen,$A63, ev,$B63, t,$M63, hdrs, ARRAYFORMULA(UPPER(TRIM(CLEAN(SUBSTITUTE('AQUA POINTS'!$1:$1,CHAR(160),"" ""))))), col, MATCH(UPPER(ev), hdrs, 0), base, INDEX('AQUA POINTS'!$1:$3, IF(gen=""M"",2,3), col), baseSec, IF(ISNUMBER(base), IF(ba"&"se<1, base*86400, base), IF(REGEXMATCH(base,"":""), VALUE(LEFT(base, FIND("":"",base)-1))*60 + VALUE(MID(base, FIND("":"",base)+1, 99)), VALUE(SUBSTITUTE(base,"","",""."")))), tSec, IF(ISNUMBER(t), IF(t<1, t*86400, t), "&" IF(REGEXMATCH(t,"":""), VALUE(LEFT(t, FIND("":"",t)-1))*60 + VALUE(MID(t, FIND("":"",t)+1, 99)), VALUE(SUBSTITUTE(t,"","",""."")))), INT(1000*(baseSec/tSec)^3) )"),760.0) -> 760
A64: F | B64: 100 Free | C64: 15 | D64: 1 | E64: 56.85 | F64: =IFERROR(__xludf.DUMMYFUNCTION("IF( REGEXMATCH(E64, "":""), 60*VALUE(INDEX(SPLIT(E64, "":""),1,1)) + VALUE(INDEX(SPLIT(E64, "":""),1,2)), VALUE(E64) )"),56.85) -> 56.85 | G64: 0 | H64: 0 | I64: =C64 -> 15 | J64: =C81 -> 23 | K64: {=INDEX('Podium Target Times'!$C:$C, MATCH(A64&B64, 'Podium Target Times'!$A:$A&'Podium Target Times'!$B:$B, 0))} -> 56.42 | L64: =L65+G65 -> 60.156667 | M64: =IF(L64<60, TEXT(L64,"0.00"), IF(L64<600, TEXT(L64/86400,"m:ss.00"), TEXT(L64/86400,"mm:ss.00"))) -> 1:00.16 | N64: =IFERROR(__xludf.DUMMYFUNCTION("LET( gen,$A64, ev,$B64, t,$M64, hdrs, ARRAYFORMULA(UPPER(TRIM(CLEAN(SUBSTITUTE('AQUA POINTS'!$1:$1,CHAR(160),"" ""))))), col, MATCH(UPPER(ev), hdrs, 0), base, INDEX('AQUA POINTS'!$1:$3, IF(gen=""M"",2,3), col), baseSec, IF(ISNUMBER(base), IF(ba"&"se<1, base*86400, base), IF(REGEXMATCH(base,"":""), VALUE(LEFT(base, FIND("":"",base)-1))*60 + VALUE(MID(base, FIND("":"",base)+1, 99)), VALUE(SUBSTITUTE(base,"","",""."")))), tSec, IF(ISNUMBER(t), IF(t<1, t*86400, t), "&" IF(REGEXMATCH(t,"":""), VALUE(LEFT(t, FIND("":"",t)-1))*60 + VALUE(MID(t, FIND("":"",t)+1, 99)), VALUE(SUBSTITUTE(t,"","",""."")))), INT(1000*(baseSec/tSec)^3) )"),635.0) -> 635
A65: F | B65: 100 Free | C65: 16 | D65: 1 | E65: 55.76 | F65: =IFERROR(__xludf.DUMMYFUNCTION("IF( REGEXMATCH(E65, "":""), 60*VALUE(INDEX(SPLIT(E65, "":""),1,1)) + VALUE(INDEX(SPLIT(E65, "":""),1,2)), VALUE(E65) )"),55.76) -> 55.76 | G65: =F64-F65 -> 1.09 | H65: 1.09 | I65: =C64 -> 15 | J65: =C81 -> 23 | K65: {=INDEX('Podium Target Times'!$C:$C, MATCH(A65&B65, 'Podium Target Times'!$A:$A&'Podium Target Times'!$B:$B, 0))} -> 56.42 | L65: =L67+G67 -> 59.066667 | M65: =IF(L65<60, TEXT(L65,"0.00"), IF(L65<600, TEXT(L65/86400,"m:ss.00"), TEXT(L65/86400,"mm:ss.00"))) -> 59.07 | N65: =IFERROR(__xludf.DUMMYFUNCTION("LET( gen,$A65, ev,$B65, t,$M65, hdrs, ARRAYFORMULA(UPPER(TRIM(CLEAN(SUBSTITUTE('AQUA POINTS'!$1:$1,CHAR(160),"" ""))))), col, MATCH(UPPER(ev), hdrs, 0), base, INDEX('AQUA POINTS'!$1:$3, IF(gen=""M"",2,3), col), baseSec, IF(ISNUMBER(base), IF(ba"&"se<1, base*86400, base), IF(REGEXMATCH(base,"":""), VALUE(LEFT(base, FIND("":"",base)-1))*60 + VALUE(MID(base, FIND("":"",base)+1, 99)), VALUE(SUBSTITUTE(base,"","",""."")))), tSec, IF(ISNUMBER(t), IF(t<1, t*86400, t), "&" IF(REGEXMATCH(t,"":""), VALUE(LEFT(t, FIND("":"",t)-1))*60 + VALUE(MID(t, FIND("":"",t)+1, 99)), VALUE(SUBSTITUTE(t,"","",""."")))), INT(1000*(baseSec/tSec)^3) )"),670.0) -> 670
A66: F | B66: 100 Free | C66: 16 | D66: 2 | E66: 56.38 | F66: =IFERROR(__xludf.DUMMYFUNCTION("IF( REGEXMATCH(E66, "":""), 60*VALUE(INDEX(SPLIT(E66, "":""),1,1)) + VALUE(INDEX(SPLIT(E66, "":""),1,2)), VALUE(E66) )"),56.38) -> 56.38 | G66: =F64-F65 -> 1.09 | H66: 1.09 | I66: =C64 -> 15 | J66: =C81 -> 23 | K66: {=INDEX('Podium Target Times'!$C:$C, MATCH(A66&B66, 'Podium Target Times'!$A:$A&'Podium Target Times'!$B:$B, 0))} -> 56.42 | L66: =L67+G67 -> 59.066667 | M66: =IF(L66<60, TEXT(L66,"0.00"), IF(L66<600, TEXT(L66/86400,"m:ss.00"), TEXT(L66/86400,"mm:ss.00"))) -> 59.07 | N66: =IFERROR(__xludf.DUMMYFUNCTION("LET( gen,$A66, ev,$B66, t,$M66, hdrs, ARRAYFORMULA(UPPER(TRIM(CLEAN(SUBSTITUTE('AQUA POINTS'!$1:$1,CHAR(160),"" ""))))), col, MATCH(UPPER(ev), hdrs, 0), base, INDEX('AQUA POINTS'!$1:$3, IF(gen=""M"",2,3), col), baseSec, IF(ISNUMBER(base), IF(ba"&"se<1, base*86400, base), IF(REGEXMATCH(base,"":""), VALUE(LEFT(base, FIND("":"",base)-1))*60 + VALUE(MID(base, FIND("":"",base)+1, 99)), VALUE(SUBSTITUTE(base,"","",""."")))), tSec, IF(ISNUMBER(t), IF(t<1, t*86400, t), "&" IF(REGEXMATCH(t,"":""), VALUE(LEFT(t, FIND("":"",t)-1))*60 + VALUE(MID(t, FIND("":"",t)+1, 99)), VALUE(SUBSTITUTE(t,"","",""."")))), INT(1000*(baseSec/tSec)^3) )"),670.0) -> 670
A67: F | B67: 100 Free | C67: 17 | D67: 1 | E67: 55.07 | F67: =IFERROR(__xludf.DUMMYFUNCTION("IF( REGEXMATCH(E67, "":""), 60*VALUE(INDEX(SPLIT(E67, "":""),1,1)) + VALUE(INDEX(SPLIT(E67, "":""),1,2)), VALUE(E67) )"),55.07) -> 55.07 | G67: =average(F65-F67,F66-F68) -> 0.695 | H67: 0.695 | I67: =C64 -> 15 | J67: =C81 -> 23 | K67: {=INDEX('Podium Target Times'!$C:$C, MATCH(A67&B67, 'Podium Target Times'!$A:$A&'Podium Target Times'!$B:$B, 0))} -> 56.42 | L67: =L70+G70 -> 58.371667 | M67: =IF(L67<60, TEXT(L67,"0.00"), IF(L67<600, TEXT(L67/86400,"m:ss.00"), TEXT(L67/86400,"mm:ss.00"))) -> 58.37 | N67: =IFERROR(__xludf.DUMMYFUNCTION("LET( gen,$A67, ev,$B67, t,$M67, hdrs, ARRAYFORMULA(UPPER(TRIM(CLEAN(SUBSTITUTE('AQUA POINTS'!$1:$1,CHAR(160),"" ""))))), col, MATCH(UPPER(ev), hdrs, 0), base, INDEX('AQUA POINTS'!$1:$3, IF(gen=""M"",2,3), col), baseSec, IF(ISNUMBER(base), IF(ba"&"se<1, base*86400, base), IF(REGEXMATCH(base,"":""), VALUE(LEFT(base, FIND("":"",base)-1))*60 + VALUE(MID(base, FIND("":"",base)+1, 99)), VALUE(SUBSTITUTE(base,"","",""."")))), tSec, IF(ISNUMBER(t), IF(t<1, t*86400, t), "&" IF(REGEXMATCH(t,"":""), VALUE(LEFT(t, FIND("":"",t)-1))*60 + VALUE(MID(t, FIND("":"",t)+1, 99)), VALUE(SUBSTITUTE(t,"","",""."")))), INT(1000*(baseSec/tSec)^3) )"),695.0) -> 695
A68: F | B68: 100 Free | C68: 17 | D68: 2 | E68: 55.68 | F68: =IFERROR(__xludf.DUMMYFUNCTION("IF( REGEXMATCH(E68, "":""), 60*VALUE(INDEX(SPLIT(E68, "":""),1,1)) + VALUE(INDEX(SPLIT(E68, "":""),1,2)), VALUE(E68) )"),55.68) -> 55.68 | G68: =average(F65-F67,F66-F68) -> 0.695 | H68: 0.695 | I68: =C64 -> 15 | J68: =C81 -> 23 | K68: {=INDEX('Podium Target Times'!$C:$C, MATCH(A68&B68, 'Podium Target Times'!$A:$A&'Podium Target Times'!$B:$B, 0))} -> 56.42 | L68: =L70+G70 -> 58.371667 | M68: =IF(L68<60, TEXT(L68,"0.00"), IF(L68<600, TEXT(L68/86400,"m:ss.00"), TEXT(L68/86400,"mm:ss.00"))) -> 58.37 | N68: =IFERROR(__xludf.DUMMYFUNCTION("LET( gen,$A68, ev,$B68, t,$M68, hdrs, ARRAYFORMULA(UPPER(TRIM(CLEAN(SUBSTITUTE('AQUA POINTS'!$1:$1,CHAR(160),"" ""))))), col, MATCH(UPPER(ev), hdrs, 0), base, INDEX('AQUA POINTS'!$1:$3, IF(gen=""M"",2,3), col), baseSec, IF(ISNUMBER(base), IF(ba"&"se<1, base*86400, base), IF(REGEXMATCH(base,"":""), VALUE(LEFT(base, FIND("":"",base)-1))*60 + VALUE(MID(base, FIND("":"",base)+1, 99)), VALUE(SUBSTITUTE(base,"","",""."")))), tSec, IF(ISNUMBER(t), IF(t<1, t*86400, t), "&" IF(REGEXMATCH(t,"":""), VALUE(LEFT(t, FIND("":"",t)-1))*60 + VALUE(MID(t, FIND("":"",t)+1, 99)), VALUE(SUBSTITUTE(t,"","",""."")))), INT(1000*(baseSec/tSec)^3) )"),695.0) -> 695
A69: F | B69: 100 Free | C69: 17 | D69: 3 | E69: 55.99 | F69: =IFERROR(__xludf.DUMMYFUNCTION("IF( REGEXMATCH(E69, "":""), 60*VALUE(INDEX(SPLIT(E69, "":""),1,1)) + VALUE(INDEX(SPLIT(E69, "":""),1,2)), VALUE(E69) )"),55.99) -> 55.99 | G69: =average(F65-F67,F66-F68) -> 0.695 | H69: 0.695 | I69: =C64 -> 15 | J69: =C81 -> 23 | K69: {=INDEX('Podium Target Times'!$C:$C, MATCH(A69&B69, 'Podium Target Times'!$A:$A&'Podium Target Times'!$B:$B, 0))} -> 56.42 | L69: =L70+G70 -> 58.371667 | M69: =IF(L69<60, TEXT(L69,"0.00"), IF(L69<600, TEXT(L69/86400,"m:ss.00"), TEXT(L69/86400,"mm:ss.00"))) -> 58.37 | N69: =IFERROR(__xludf.DUMMYFUNCTION("LET( gen,$A69, ev,$B69, t,$M69, hdrs, ARRAYFORMULA(UPPER(TRIM(CLEAN(SUBSTITUTE('AQUA POINTS'!$1:$1,CHAR(160),"" ""))))), col, MATCH(UPPER(ev), hdrs, 0), base, INDEX('AQUA POINTS'!$1:$3, IF(gen=""M"",2,3), col), baseSec, IF(ISNUMBER(base), IF(ba"&"se<1, base*86400, base), IF(REGEXMATCH(base,"":""), VALUE(LEFT(base, FIND("":"",base)-1))*60 + VALUE(MID(base, FIND("":"",base)+1, 99)), VALUE(SUBSTITUTE(base,"","",""."")))), tSec, IF(ISNUMBER(t), IF(t<1, t*86400, t), "&" IF(REGEXMATCH(t,"":""), VALUE(LEFT(t, FIND("":"",t)-1))*60 + VALUE(MID(t, FIND("":"",t)+1, 99)), VALUE(SUBSTITUTE(t,"","",""."")))), INT(1000*(baseSec/tSec)^3) )"),695.0) -> 695
A70: F | B70: 100 Free | C70: 18 | D70: 1 | E70: 54.62 | F70: =IFERROR(__xludf.DUMMYFUNCTION("IF( REGEXMATCH(E70, "":""), 60*VALUE(INDEX(SPLIT(E70, "":""),1,1)) + VALUE(INDEX(SPLIT(E70, "":""),1,2)), VALUE(E70) )"),54.62) -> 54.62 | G70: =average(F67-F70,F68-F71,F69-F72) -> 0.45666667 | H70: 0.45666667 | I70: =C64 -> 15 | J70: =C81 -> 23 | K70: {=INDEX('Podium Target Times'!$C:$C, MATCH(A70&B70, 'Podium Target Times'!$A:$A&'Podium Target Times'!$B:$B, 0))} -> 56.42 | L70: =L73+G73 -> 57.915 | M70: =IF(L70<60, TEXT(L70,"0.00"), IF(L70<600, TEXT(L70/86400,"m:ss.00"), TEXT(L70/86400,"mm:ss.00"))) -> 57.92 | N70: =IFERROR(__xludf.DUMMYFUNCTION("LET( gen,$A70, ev,$B70, t,$M70, hdrs, ARRAYFORMULA(UPPER(TRIM(CLEAN(SUBSTITUTE('AQUA POINTS'!$1:$1,CHAR(160),"" ""))))), col, MATCH(UPPER(ev), hdrs, 0), base, INDEX('AQUA POINTS'!$1:$3, IF(gen=""M"",2,3), col), baseSec, IF(ISNUMBER(base), IF(ba"&"se<1, base*86400, base), IF(REGEXMATCH(base,"":""), VALUE(LEFT(base, FIND("":"",base)-1))*60 + VALUE(MID(base, FIND("":"",base)+1, 99)), VALUE(SUBSTITUTE(base,"","",""."")))), tSec, IF(ISNUMBER(t), IF(t<1, t*86400, t), "&" IF(REGEXMATCH(t,"":""), VALUE(LEFT(t, FIND("":"",t)-1))*60 + VALUE(MID(t, FIND("":"",t)+1, 99)), VALUE(SUBSTITUTE(t,"","",""."")))), INT(1000*(baseSec/tSec)^3) )"),711.0) -> 711
A71: F | B71: 100 Free | C71: 18 | D71: 2 | E71: 55.22 | F71: =IFERROR(__xludf.DUMMYFUNCTION("IF( REGEXMATCH(E71, "":""), 60*VALUE(INDEX(SPLIT(E71, "":""),1,1)) + VALUE(INDEX(SPLIT(E71, "":""),1,2)), VALUE(E71) )"),55.22) -> 55.22 | G71: =average(F67-F70,F68-F71,F69-F72) -> 0.45666667 | H71: 0.45666667 | I71: =C64 -> 15 | J71: =C81 -> 23 | K71: {=INDEX('Podium Target Times'!$C:$C, MATCH(A71&B71, 'Podium Target Times'!$A:$A&'Podium Target Times'!$B:$B, 0))} -> 56.42 | L71: =L73+G73 -> 57.915 | M71: =IF(L71<60, TEXT(L71,"0.00"), IF(L71<600, TEXT(L71/86400,"m:ss.00"), TEXT(L71/86400,"mm:ss.00"))) -> 57.92 | N71: =IFERROR(__xludf.DUMMYFUNCTION("LET( gen,$A71, ev,$B71, t,$M71, hdrs, ARRAYFORMULA(UPPER(TRIM(CLEAN(SUBSTITUTE('AQUA POINTS'!$1:$1,CHAR(160),"" ""))))), col, MATCH(UPPER(ev), hdrs, 0), base, INDEX('AQUA POINTS'!$1:$3, IF(gen=""M"",2,3), col), baseSec, IF(ISNUMBER(base), IF(ba"&"se<1, base*86400, base), IF(REGEXMATCH(base,"":""), VALUE(LEFT(base, FIND("":"",base)-1))*60 + VALUE(MID(base, FIND("":"",base)+1, 99)), VALUE(SUBSTITUTE(base,"","",""."")))), tSec, IF(ISNUMBER(t), IF(t<1, t*86400, t), "&" IF(REGEXMATCH(t,"":""), VALUE(LEFT(t, FIND("":"",t)-1))*60 + VALUE(MID(t, FIND("":"",t)+1, 99)), VALUE(SUBSTITUTE(t,"","",""."")))), INT(1000*(baseSec/tSec)^3) )"),711.0) -> 711
A72: F | B72: 100 Free | C72: 18 | D72: 3 | E72: 55.53 | F72: =IFERROR(__xludf.DUMMYFUNCTION("IF( REGEXMATCH(E72, "":""), 60*VALUE(INDEX(SPLIT(E72, "":""),1,1)) + VALUE(INDEX(SPLIT(E72, "":""),1,2)), VALUE(E72) )"),55.53) -> 55.53 | G72: =average(F67-F70,F68-F71,F69-F72) -> 0.45666667 | H72: 0.45666667 | I72: =C64 -> 15 | J72: =C81 -> 23 | K72: {=INDEX('Podium Target Times'!$C:$C, MATCH(A72&B72, 'Podium Target Times'!$A:$A&'Podium Target Times'!$B:$B, 0))} -> 56.42 | L72: =L73+G73 -> 57.915 | M72: =IF(L72<60, TEXT(L72,"0.00"), IF(L72<600, TEXT(L72/86400,"m:ss.00"), TEXT(L72/86400,"mm:ss.00"))) -> 57.92 | N72: =IFERROR(__xludf.DUMMYFUNCTION("LET( gen,$A72, ev,$B72, t,$M72, hdrs, ARRAYFORMULA(UPPER(TRIM(CLEAN(SUBSTITUTE('AQUA POINTS'!$1:$1,CHAR(160),"" ""))))), col, MATCH(UPPER(ev), hdrs, 0), base, INDEX('AQUA POINTS'!$1:$3, IF(gen=""M"",2,3), col), baseSec, IF(ISNUMBER(base), IF(ba"&"se<1, base*86400, base), IF(REGEXMATCH(base,"":""), VALUE(LEFT(base, FIND("":"",base)-1))*60 + VALUE(MID(base, FIND("":"",base)+1, 99)), VALUE(SUBSTITUTE(base,"","",""."")))), tSec, IF(ISNUMBER(t), IF(t<1, t*86400, t), "&" IF(REGEXMATCH(t,"":""), VALUE(LEFT(t, FIND("":"",t)-1))*60 + VALUE(MID(t, FIND("":"",t)+1, 99)), VALUE(SUBSTITUTE(t,"","",""."")))), INT(1000*(baseSec/tSec)^3) )"),711.0) -> 711
A73: F | B73: 100 Free | C73: 19 | D73: 1 | E73: 54.25 | F73: =IFERROR(__xludf.DUMMYFUNCTION("IF( REGEXMATCH(E73, "":""), 60*VALUE(INDEX(SPLIT(E73, "":""),1,1)) + VALUE(INDEX(SPLIT(E73, "":""),1,2)), VALUE(E73) )"),54.25) -> 54.25 | G73: =average(F70-F73,F71-F74,F72-F75) -> 0.37 | H73: 0.37 | I73: =C64 -> 15 | J73: =C81 -> 23 | K73: {=INDEX('Podium Target Times'!$C:$C, MATCH(A73&B73, 'Podium Target Times'!$A:$A&'Podium Target Times'!$B:$B, 0))} -> 56.42 | L73: =L76+G76 -> 57.545 | M73: =IF(L73<60, TEXT(L73,"0.00"), IF(L73<600, TEXT(L73/86400,"m:ss.00"), TEXT(L73/86400,"mm:ss.00"))) -> 57.55 | N73: =IFERROR(__xludf.DUMMYFUNCTION("LET( gen,$A73, ev,$B73, t,$M73, hdrs, ARRAYFORMULA(UPPER(TRIM(CLEAN(SUBSTITUTE('AQUA POINTS'!$1:$1,CHAR(160),"" ""))))), col, MATCH(UPPER(ev), hdrs, 0), base, INDEX('AQUA POINTS'!$1:$3, IF(gen=""M"",2,3), col), baseSec, IF(ISNUMBER(base), IF(ba"&"se<1, base*86400, base), IF(REGEXMATCH(base,"":""), VALUE(LEFT(base, FIND("":"",base)-1))*60 + VALUE(MID(base, FIND("":"",base)+1, 99)), VALUE(SUBSTITUTE(base,"","",""."")))), tSec, IF(ISNUMBER(t), IF(t<1, t*86400, t), "&" IF(REGEXMATCH(t,"":""), VALUE(LEFT(t, FIND("":"",t)-1))*60 + VALUE(MID(t, FIND("":"",t)+1, 99)), VALUE(SUBSTITUTE(t,"","",""."")))), INT(1000*(baseSec/tSec)^3) )"),725.0) -> 725
A74: F | B74: 100 Free | C74: 19 | D74: 2 | E74: 54.85 | F74: =IFERROR(__xludf.DUMMYFUNCTION("IF( REGEXMATCH(E74, "":""), 60*VALUE(INDEX(SPLIT(E74, "":""),1,1)) + VALUE(INDEX(SPLIT(E74, "":""),1,2)), VALUE(E74) )"),54.85) -> 54.85 | G74: =average(F70-F73,F71-F74,F72-F75) -> 0.37 | H74: 0.37 | I74: =C64 -> 15 | J74: =C81 -> 23 | K74: {=INDEX('Podium Target Times'!$C:$C, MATCH(A74&B74, 'Podium Target Times'!$A:$A&'Podium Target Times'!$B:$B, 0))} -> 56.42 | L74: =L76+G76 -> 57.545 | M74: =IF(L74<60, TEXT(L74,"0.00"), IF(L74<600, TEXT(L74/86400,"m:ss.00"), TEXT(L74/86400,"mm:ss.00"))) -> 57.55 | N74: =IFERROR(__xludf.DUMMYFUNCTION("LET( gen,$A74, ev,$B74, t,$M74, hdrs, ARRAYFORMULA(UPPER(TRIM(CLEAN(SUBSTITUTE('AQUA POINTS'!$1:$1,CHAR(160),"" ""))))), col, MATCH(UPPER(ev), hdrs, 0), base, INDEX('AQUA POINTS'!$1:$3, IF(gen=""M"",2,3), col), baseSec, IF(ISNUMBER(base), IF(ba"&"se<1, base*86400, base), IF(REGEXMATCH(base,"":""), VALUE(LEFT(base, FIND("":"",base)-1))*60 + VALUE(MID(base, FIND("":"",base)+1, 99)), VALUE(SUBSTITUTE(base,"","",""."")))), tSec, IF(ISNUMBER(t), IF(t<1, t*86400, t), "&" IF(REGEXMATCH(t,"":""), VALUE(LEFT(t, FIND("":"",t)-1))*60 + VALUE(MID(t, FIND("":"",t)+1, 99)), VALUE(SUBSTITUTE(t,"","",""."")))), INT(1000*(baseSec/tSec)^3) )"),725.0) -> 725
A75: F | B75: 100 Free | C75: 19 | D75: 3 | E75: 55.16 | F75: =IFERROR(__xludf.DUMMYFUNCTION("IF( REGEXMATCH(E75, "":""), 60*VALUE(INDEX(SPLIT(E75, "":""),1,1)) + VALUE(INDEX(SPLIT(E75, "":""),1,2)), VALUE(E75) )"),55.16) -> 55.16 | G75: =average(F70-F73,F71-F74,F72-F75) -> 0.37 | H75: 0.37 | I75: =C64 -> 15 | J75: =C81 -> 23 | K75: {=INDEX('Podium Target Times'!$C:$C, MATCH(A75&B75, 'Podium Target Times'!$A:$A&'Podium Target Times'!$B:$B, 0))} -> 56.42 | L75: =L76+G76 -> 57.545 | M75: =IF(L75<60, TEXT(L75,"0.00"), IF(L75<600, TEXT(L75/86400,"m:ss.00"), TEXT(L75/86400,"mm:ss.00"))) -> 57.55 | N75: =IFERROR(__xludf.DUMMYFUNCTION("LET( gen,$A75, ev,$B75, t,$M75, hdrs, ARRAYFORMULA(UPPER(TRIM(CLEAN(SUBSTITUTE('AQUA POINTS'!$1:$1,CHAR(160),"" ""))))), col, MATCH(UPPER(ev), hdrs, 0), base, INDEX('AQUA POINTS'!$1:$3, IF(gen=""M"",2,3), col), baseSec, IF(ISNUMBER(base), IF(ba"&"se<1, base*86400, base), IF(REGEXMATCH(base,"":""), VALUE(LEFT(base, FIND("":"",base)-1))*60 + VALUE(MID(base, FIND("":"",base)+1, 99)), VALUE(SUBSTITUTE(base,"","",""."")))), tSec, IF(ISNUMBER(t), IF(t<1, t*86400, t), "&" IF(REGEXMATCH(t,"":""), VALUE(LEFT(t, FIND("":"",t)-1))*60 + VALUE(MID(t, FIND("":"",t)+1, 99)), VALUE(SUBSTITUTE(t,"","",""."")))), INT(1000*(baseSec/tSec)^3) )"),725.0) -> 725
A76: F | B76: 100 Free | C76: 20 | D76: 2 | E76: 54.53 | F76: =IFERROR(__xludf.DUMMYFUNCTION("IF( REGEXMATCH(E76, "":""), 60*VALUE(INDEX(SPLIT(E76, "":""),1,1)) + VALUE(INDEX(SPLIT(E76, "":""),1,2)), VALUE(E76) )"),54.53) -> 54.53 | G76: =average(F74-F76,F75-F77) -> 0.325 | H76: 0.325 | I76: =C64 -> 15 | J76: =C81 -> 23 | K76: {=INDEX('Podium Target Times'!$C:$C, MATCH(A76&B76, 'Podium Target Times'!$A:$A&'Podium Target Times'!$B:$B, 0))} -> 56.42 | L76: =L78+G78 -> 57.22 | M76: =IF(L76<60, TEXT(L76,"0.00"), IF(L76<600, TEXT(L76/86400,"m:ss.00"), TEXT(L76/86400,"mm:ss.00"))) -> 57.22 | N76: =IFERROR(__xludf.DUMMYFUNCTION("LET( gen,$A76, ev,$B76, t,$M76, hdrs, ARRAYFORMULA(UPPER(TRIM(CLEAN(SUBSTITUTE('AQUA POINTS'!$1:$1,CHAR(160),"" ""))))), col, MATCH(UPPER(ev), hdrs, 0), base, INDEX('AQUA POINTS'!$1:$3, IF(gen=""M"",2,3), col), baseSec, IF(ISNUMBER(base), IF(ba"&"se<1, base*86400, base), IF(REGEXMATCH(base,"":""), VALUE(LEFT(base, FIND("":"",base)-1))*60 + VALUE(MID(base, FIND("":"",base)+1, 99)), VALUE(SUBSTITUTE(base,"","",""."")))), tSec, IF(ISNUMBER(t), IF(t<1, t*86400, t), "&" IF(REGEXMATCH(t,"":""), VALUE(LEFT(t, FIND("":"",t)-1))*60 + VALUE(MID(t, FIND("":"",t)+1, 99)), VALUE(SUBSTITUTE(t,"","",""."")))), INT(1000*(baseSec/tSec)^3) )"),738.0) -> 738
A77: F | B77: 100 Free | C77: 20 | D77: 3 | E77: 54.83 | F77: =IFERROR(__xludf.DUMMYFUNCTION("IF( REGEXMATCH(E77, "":""), 60*VALUE(INDEX(SPLIT(E77, "":""),1,1)) + VALUE(INDEX(SPLIT(E77, "":""),1,2)), VALUE(E77) )"),54.83) -> 54.83 | G77: =average(F74-F76,F75-F77) -> 0.325 | H77: 0.325 | I77: =C64 -> 15 | J77: =C81 -> 23 | K77: {=INDEX('Podium Target Times'!$C:$C, MATCH(A77&B77, 'Podium Target Times'!$A:$A&'Podium Target Times'!$B:$B, 0))} -> 56.42 | L77: =L78+G78 -> 57.22 | M77: =IF(L77<60, TEXT(L77,"0.00"), IF(L77<600, TEXT(L77/86400,"m:ss.00"), TEXT(L77/86400,"mm:ss.00"))) -> 57.22 | N77: =IFERROR(__xludf.DUMMYFUNCTION("LET( gen,$A77, ev,$B77, t,$M77, hdrs, ARRAYFORMULA(UPPER(TRIM(CLEAN(SUBSTITUTE('AQUA POINTS'!$1:$1,CHAR(160),"" ""))))), col, MATCH(UPPER(ev), hdrs, 0), base, INDEX('AQUA POINTS'!$1:$3, IF(gen=""M"",2,3), col), baseSec, IF(ISNUMBER(base), IF(ba"&"se<1, base*86400, base), IF(REGEXMATCH(base,"":""), VALUE(LEFT(base, FIND("":"",base)-1))*60 + VALUE(MID(base, FIND("":"",base)+1, 99)), VALUE(SUBSTITUTE(base,"","",""."")))), tSec, IF(ISNUMBER(t), IF(t<1, t*86400, t), "&" IF(REGEXMATCH(t,"":""), VALUE(LEFT(t, FIND("":"",t)-1))*60 + VALUE(MID(t, FIND("":"",t)+1, 99)), VALUE(SUBSTITUTE(t,"","",""."")))), INT(1000*(baseSec/tSec)^3) )"),738.0) -> 738
A78: F | B78: 100 Free | C78: 21 | D78: 2 | E78: 54.25 | F78: =IFERROR(__xludf.DUMMYFUNCTION("IF( REGEXMATCH(E78, "":""), 60*VALUE(INDEX(SPLIT(E78, "":""),1,1)) + VALUE(INDEX(SPLIT(E78, "":""),1,2)), VALUE(E78) )"),54.25) -> 54.25 | G78: =average(F76-F78,F77-F79) -> 0.28 | H78: 0.28 | I78: =C64 -> 15 | J78: =C81 -> 23 | K78: {=INDEX('Podium Target Times'!$C:$C, MATCH(A78&B78, 'Podium Target Times'!$A:$A&'Podium Target Times'!$B:$B, 0))} -> 56.42 | L78: =L80+G80 -> 56.94 | M78: =IF(L78<60, TEXT(L78,"0.00"), IF(L78<600, TEXT(L78/86400,"m:ss.00"), TEXT(L78/86400,"mm:ss.00"))) -> 56.94 | N78: =IFERROR(__xludf.DUMMYFUNCTION("LET( gen,$A78, ev,$B78, t,$M78, hdrs, ARRAYFORMULA(UPPER(TRIM(CLEAN(SUBSTITUTE('AQUA POINTS'!$1:$1,CHAR(160),"" ""))))), col, MATCH(UPPER(ev), hdrs, 0), base, INDEX('AQUA POINTS'!$1:$3, IF(gen=""M"",2,3), col), baseSec, IF(ISNUMBER(base), IF(ba"&"se<1, base*86400, base), IF(REGEXMATCH(base,"":""), VALUE(LEFT(base, FIND("":"",base)-1))*60 + VALUE(MID(base, FIND("":"",base)+1, 99)), VALUE(SUBSTITUTE(base,"","",""."")))), tSec, IF(ISNUMBER(t), IF(t<1, t*86400, t), "&" IF(REGEXMATCH(t,"":""), VALUE(LEFT(t, FIND("":"",t)-1))*60 + VALUE(MID(t, FIND("":"",t)+1, 99)), VALUE(SUBSTITUTE(t,"","",""."")))), INT(1000*(baseSec/tSec)^3) )"),748.0) -> 748
A79: F | B79: 100 Free | C79: 21 | D79: 3 | E79: 54.55 | F79: =IFERROR(__xludf.DUMMYFUNCTION("IF( REGEXMATCH(E79, "":""), 60*VALUE(INDEX(SPLIT(E79, "":""),1,1)) + VALUE(INDEX(SPLIT(E79, "":""),1,2)), VALUE(E79) )"),54.55) -> 54.55 | G79: =average(F76-F78,F77-F79) -> 0.28 | H79: 0.28 | I79: =C64 -> 15 | J79: =C81 -> 23 | K79: {=INDEX('Podium Target Times'!$C:$C, MATCH(A79&B79, 'Podium Target Times'!$A:$A&'Podium Target Times'!$B:$B, 0))} -> 56.42 | L79: =L80+G80 -> 56.94 | M79: =IF(L79<60, TEXT(L79,"0.00"), IF(L79<600, TEXT(L79/86400,"m:ss.00"), TEXT(L79/86400,"mm:ss.00"))) -> 56.94 | N79: =IFERROR(__xludf.DUMMYFUNCTION("LET( gen,$A79, ev,$B79, t,$M79, hdrs, ARRAYFORMULA(UPPER(TRIM(CLEAN(SUBSTITUTE('AQUA POINTS'!$1:$1,CHAR(160),"" ""))))), col, MATCH(UPPER(ev), hdrs, 0), base, INDEX('AQUA POINTS'!$1:$3, IF(gen=""M"",2,3), col), baseSec, IF(ISNUMBER(base), IF(ba"&"se<1, base*86400, base), IF(REGEXMATCH(base,"":""), VALUE(LEFT(base, FIND("":"",base)-1))*60 + VALUE(MID(base, FIND("":"",base)+1, 99)), VALUE(SUBSTITUTE(base,"","",""."")))), tSec, IF(ISNUMBER(t), IF(t<1, t*86400, t), "&" IF(REGEXMATCH(t,"":""), VALUE(LEFT(t, FIND("":"",t)-1))*60 + VALUE(MID(t, FIND("":"",t)+1, 99)), VALUE(SUBSTITUTE(t,"","",""."")))), INT(1000*(baseSec/tSec)^3) )"),748.0) -> 748
A80: F | B80: 100 Free | C80: 22 | D80: 3 | E80: 54.36 | F80: =IFERROR(__xludf.DUMMYFUNCTION("IF( REGEXMATCH(E80, "":""), 60*VALUE(INDEX(SPLIT(E80, "":""),1,1)) + VALUE(INDEX(SPLIT(E80, "":""),1,2)), VALUE(E80) )"),54.36) -> 54.36 | G80: =F79-F80 -> 0.19 | H80: 0.19 | I80: =C64 -> 15 | J80: =C81 -> 23 | K80: {=INDEX('Podium Target Times'!$C:$C, MATCH(A80&B80, 'Podium Target Times'!$A:$A&'Podium Target Times'!$B:$B, 0))} -> 56.42 | L80: =L81+G81 -> 56.75 | M80: =IF(L80<60, TEXT(L80,"0.00"), IF(L80<600, TEXT(L80/86400,"m:ss.00"), TEXT(L80/86400,"mm:ss.00"))) -> 56.75 | N80: =IFERROR(__xludf.DUMMYFUNCTION("LET( gen,$A80, ev,$B80, t,$M80, hdrs, ARRAYFORMULA(UPPER(TRIM(CLEAN(SUBSTITUTE('AQUA POINTS'!$1:$1,CHAR(160),"" ""))))), col, MATCH(UPPER(ev), hdrs, 0), base, INDEX('AQUA POINTS'!$1:$3, IF(gen=""M"",2,3), col), baseSec, IF(ISNUMBER(base), IF(ba"&"se<1, base*86400, base), IF(REGEXMATCH(base,"":""), VALUE(LEFT(base, FIND("":"",base)-1))*60 + VALUE(MID(base, FIND("":"",base)+1, 99)), VALUE(SUBSTITUTE(base,"","",""."")))), tSec, IF(ISNUMBER(t), IF(t<1, t*86400, t), "&" IF(REGEXMATCH(t,"":""), VALUE(LEFT(t, FIND("":"",t)-1))*60 + VALUE(MID(t, FIND("":"",t)+1, 99)), VALUE(SUBSTITUTE(t,"","",""."")))), INT(1000*(baseSec/tSec)^3) )"),756.0) -> 756
A81: F | B81: 100 Free | C81: 23 | D81: 3 | E81: 54.25 | F81: =IFERROR(__xludf.DUMMYFUNCTION("IF( REGEXMATCH(E81, "":""), 60*VALUE(INDEX(SPLIT(E81, "":""),1,1)) + VALUE(INDEX(SPLIT(E81, "":""),1,2)), VALUE(E81) )"),54.25) -> 54.25 | G81: =F80-F81 -> 0.11 | H81: 0.11 | I81: =C64 -> 15 | J81: =C81 -> 23 | K81: {=INDEX('Podium Target Times'!$C:$C, MATCH(A81&B81, 'Podium Target Times'!$A:$A&'Podium Target Times'!$B:$B, 0))} -> 56.42 | L81: =G81+L82 -> 56.64 | M81: =IF(L81<60, TEXT(L81,"0.00"), IF(L81<600, TEXT(L81/86400,"m:ss.00"), TEXT(L81/86400,"mm:ss.00"))) -> 56.64 | N81: =IFERROR(__xludf.DUMMYFUNCTION("LET( gen,$A81, ev,$B81, t,$M81, hdrs, ARRAYFORMULA(UPPER(TRIM(CLEAN(SUBSTITUTE('AQUA POINTS'!$1:$1,CHAR(160),"" ""))))), col, MATCH(UPPER(ev), hdrs, 0), base, INDEX('AQUA POINTS'!$1:$3, IF(gen=""M"",2,3), col), baseSec, IF(ISNUMBER(base), IF(ba"&"se<1, base*86400, base), IF(REGEXMATCH(base,"":""), VALUE(LEFT(base, FIND("":"",base)-1))*60 + VALUE(MID(base, FIND("":"",base)+1, 99)), VALUE(SUBSTITUTE(base,"","",""."")))), tSec, IF(ISNUMBER(t), IF(t<1, t*86400, t), "&" IF(REGEXMATCH(t,"":""), VALUE(LEFT(t, FIND("":"",t)-1))*60 + VALUE(MID(t, FIND("":"",t)+1, 99)), VALUE(SUBSTITUTE(t,"","",""."")))), INT(1000*(baseSec/tSec)^3) )"),760.0) -> 760
A82: F | B82: 100 Free | C82: 24 | F82: =IFERROR(__xludf.DUMMYFUNCTION("IF( REGEXMATCH(E82, "":""), 60*VALUE(INDEX(SPLIT(E82, "":""),1,1)) + VALUE(INDEX(SPLIT(E82, "":""),1,2)), VALUE(E82) )"),0.0) -> 0 | I82: =C64 -> 15 | J82: =C81 -> 23 | K82: {=INDEX('Podium Target Times'!$C:$C, MATCH(A82&B82, 'Podium Target Times'!$A:$A&'Podium Target Times'!$B:$B, 0))} -> 56.42 | L82: =G81+L83 -> 56.53 | M82: =IF(L82<60, TEXT(L82,"0.00"), IF(L82<600, TEXT(L82/86400,"m:ss.00"), TEXT(L82/86400,"mm:ss.00"))) -> 56.53 | N82: =IFERROR(__xludf.DUMMYFUNCTION("LET( gen,$A82, ev,$B82, t,$M82, hdrs, ARRAYFORMULA(UPPER(TRIM(CLEAN(SUBSTITUTE('AQUA POINTS'!$1:$1,CHAR(160),"" ""))))), col, MATCH(UPPER(ev), hdrs, 0), base, INDEX('AQUA POINTS'!$1:$3, IF(gen=""M"",2,3), col), baseSec, IF(ISNUMBER(base), IF(ba"&"se<1, base*86400, base), IF(REGEXMATCH(base,"":""), VALUE(LEFT(base, FIND("":"",base)-1))*60 + VALUE(MID(base, FIND("":"",base)+1, 99)), VALUE(SUBSTITUTE(base,"","",""."")))), tSec, IF(ISNUMBER(t), IF(t<1, t*86400, t), "&" IF(REGEXMATCH(t,"":""), VALUE(LEFT(t, FIND("":"",t)-1))*60 + VALUE(MID(t, FIND("":"",t)+1, 99)), VALUE(SUBSTITUTE(t,"","",""."")))), INT(1000*(baseSec/tSec)^3) )"),765.0) -> 765
A83: F | B83: 100 Free | C83: 25 | F83: =IFERROR(__xludf.DUMMYFUNCTION("IF( REGEXMATCH(E83, "":""), 60*VALUE(INDEX(SPLIT(E83, "":""),1,1)) + VALUE(INDEX(SPLIT(E83, "":""),1,2)), VALUE(E83) )"),0.0) -> 0 | I83: =C64 -> 15 | J83: =C81 -> 23 | K83: {=INDEX('Podium Target Times'!$C:$C, MATCH(A83&B83, 'Podium Target Times'!$A:$A&'Podium Target Times'!$B:$B, 0))} -> 56.42 | L83: =K83 -> 56.42 | M83: =IF(L83<60, TEXT(L83,"0.00"), IF(L83<600, TEXT(L83/86400,"m:ss.00"), TEXT(L83/86400,"mm:ss.00"))) -> 56.42 | N83: =IFERROR(__xludf.DUMMYFUNCTION("LET( gen,$A83, ev,$B83, t,$M83, hdrs, ARRAYFORMULA(UPPER(TRIM(CLEAN(SUBSTITUTE('AQUA POINTS'!$1:$1,CHAR(160),"" ""))))), col, MATCH(UPPER(ev), hdrs, 0), base, INDEX('AQUA POINTS'!$1:$3, IF(gen=""M"",2,3), col), baseSec, IF(ISNUMBER(base), IF(ba"&"se<1, base*86400, base), IF(REGEXMATCH(base,"":""), VALUE(LEFT(base, FIND("":"",base)-1))*60 + VALUE(MID(base, FIND("":"",base)+1, 99)), VALUE(SUBSTITUTE(base,"","",""."")))), tSec, IF(ISNUMBER(t), IF(t<1, t*86400, t), "&" IF(REGEXMATCH(t,"":""), VALUE(LEFT(t, FIND("":"",t)-1))*60 + VALUE(MID(t, FIND("":"",t)+1, 99)), VALUE(SUBSTITUTE(t,"","",""."")))), INT(1000*(baseSec/tSec)^3) )"),769.0) -> 769
A84: F | B84: 1500 Free | C84: 14 | D84: 1 | E84: 17:12.17 | F84: =IFERROR(__xludf.DUMMYFUNCTION("IF( REGEXMATCH(E84, "":""), 60*VALUE(INDEX(SPLIT(E84, "":""),1,1)) + VALUE(INDEX(SPLIT(E84, "":""),1,2)), VALUE(E84) )"),1032.17) -> 1032.17 | G84: 0 | H84: 0 | I84: =C84 -> 14 | J84: =C101 -> 22 | K84: {=INDEX('Podium Target Times'!$C:$C, MATCH(A84&B84, 'Podium Target Times'!$A:$A&'Podium Target Times'!$B:$B, 0))} -> 1027.45 | L84: =L85+G85 -> 1084.9617 | M84: =IF(L84<60, TEXT(L84,"0.00"), IF(L84<600, TEXT(L84/86400,"m:ss.00"), TEXT(L84/86400,"mm:ss.00"))) -> 18:04.96 | N84: =IFERROR(__xludf.DUMMYFUNCTION("LET( gen,$A84, ev,$B84, t,$M84, hdrs, ARRAYFORMULA(UPPER(TRIM(CLEAN(SUBSTITUTE('AQUA POINTS'!$1:$1,CHAR(160),"" ""))))), col, MATCH(UPPER(ev), hdrs, 0), base, INDEX('AQUA POINTS'!$1:$3, IF(gen=""M"",2,3), col), baseSec, IF(ISNUMBER(base), IF(ba"&"se<1, base*86400, base), IF(REGEXMATCH(base,"":""), VALUE(LEFT(base, FIND("":"",base)-1))*60 + VALUE(MID(base, FIND("":"",base)+1, 99)), VALUE(SUBSTITUTE(base,"","",""."")))), tSec, IF(ISNUMBER(t), IF(t<1, t*86400, t), "&" IF(REGEXMATCH(t,"":""), VALUE(LEFT(t, FIND("":"",t)-1))*60 + VALUE(MID(t, FIND("":"",t)+1, 99)), VALUE(SUBSTITUTE(t,"","",""."")))), INT(1000*(baseSec/tSec)^3) )"),610.0) -> 610
A85: F | B85: 1500 Free | C85: 15 | D85: 1 | E85: 16:52.17 | F85: =IFERROR(__xludf.DUMMYFUNCTION("IF( REGEXMATCH(E85, "":""), 60*VALUE(INDEX(SPLIT(E85, "":""),1,1)) + VALUE(INDEX(SPLIT(E85, "":""),1,2)), VALUE(E85) )"),1012.17) -> 1012.17 | G85: =F84-F85 -> 20 | H85: 20 | I85: =C84 -> 14 | J85: =C101 -> 22 | K85: {=INDEX('Podium Target Times'!$C:$C, MATCH(A85&B85, 'Podium Target Times'!$A:$A&'Podium Target Times'!$B:$B, 0))} -> 1027.45 | L85: =L87+G87 -> 1064.9617 | M85: =IF(L85<60, TEXT(L85,"0.00"), IF(L85<600, TEXT(L85/86400,"m:ss.00"), TEXT(L85/86400,"mm:ss.00"))) -> 17:44.96 | N85: =IFERROR(__xludf.DUMMYFUNCTION("LET( gen,$A85, ev,$B85, t,$M85, hdrs, ARRAYFORMULA(UPPER(TRIM(CLEAN(SUBSTITUTE('AQUA POINTS'!$1:$1,CHAR(160),"" ""))))), col, MATCH(UPPER(ev), hdrs, 0), base, INDEX('AQUA POINTS'!$1:$3, IF(gen=""M"",2,3), col), baseSec, IF(ISNUMBER(base), IF(ba"&"se<1, base*86400, base), IF(REGEXMATCH(base,"":""), VALUE(LEFT(base, FIND("":"",base)-1))*60 + VALUE(MID(base, FIND("":"",base)+1, 99)), VALUE(SUBSTITUTE(base,"","",""."")))), tSec, IF(ISNUMBER(t), IF(t<1, t*86400, t), "&" IF(REGEXMATCH(t,"":""), VALUE(LEFT(t, FIND("":"",t)-1))*60 + VALUE(MID(t, FIND("":"",t)+1, 99)), VALUE(SUBSTITUTE(t,"","",""."")))), INT(1000*(baseSec/tSec)^3) )"),645.0) -> 645
A86: F | B86: 1500 Free | C86: 15 | D86: 2 | E86: 16:56.98 | F86: =IFERROR(__xludf.DUMMYFUNCTION("IF( REGEXMATCH(E86, "":""), 60*VALUE(INDEX(SPLIT(E86, "":""),1,1)) + VALUE(INDEX(SPLIT(E86, "":""),1,2)), VALUE(E86) )"),1016.98) -> 1016.98 | G86: =F84-F85 -> 20 | H86: 20 | I86: =C84 -> 14 | J86: =C101 -> 22 | K86: {=INDEX('Podium Target Times'!$C:$C, MATCH(A86&B86, 'Podium Target Times'!$A:$A&'Podium Target Times'!$B:$B, 0))} -> 1027.45 | L86: =L87+G87 -> 1064.9617 | M86: =IF(L86<60, TEXT(L86,"0.00"), IF(L86<600, TEXT(L86/86400,"m:ss.00"), TEXT(L86/86400,"mm:ss.00"))) -> 17:44.96 | N86: =IFERROR(__xludf.DUMMYFUNCTION("LET( gen,$A86, ev,$B86, t,$M86, hdrs, ARRAYFORMULA(UPPER(TRIM(CLEAN(SUBSTITUTE('AQUA POINTS'!$1:$1,CHAR(160),"" ""))))), col, MATCH(UPPER(ev), hdrs, 0), base, INDEX('AQUA POINTS'!$1:$3, IF(gen=""M"",2,3), col), baseSec, IF(ISNUMBER(base), IF(ba"&"se<1, base*86400, base), IF(REGEXMATCH(base,"":""), VALUE(LEFT(base, FIND("":"",base)-1))*60 + VALUE(MID(base, FIND("":"",base)+1, 99)), VALUE(SUBSTITUTE(base,"","",""."")))), tSec, IF(ISNUMBER(t), IF(t<1, t*86400, t), "&" IF(REGEXMATCH(t,"":""), VALUE(LEFT(t, FIND("":"",t)-1))*60 + VALUE(MID(t, FIND("":"",t)+1, 99)), VALUE(SUBSTITUTE(t,"","",""."")))), INT(1000*(baseSec/tSec)^3) )"),645.0) -> 645
A87: F | B87: 1500 Free | C87: 16 | D87: 1 | E87: 16:38.19 | F87: =IFERROR(__xludf.DUMMYFUNCTION("IF( REGEXMATCH(E87, "":""), 60*VALUE(INDEX(SPLIT(E87, "":""),1,1)) + VALUE(INDEX(SPLIT(E87, "":""),1,2)), VALUE(E87) )"),998.19) -> 998.19 | G87: =average(F85-F87,F86-F88) -> 14.01 | H87: 14.01 | I87: =C84 -> 14 | J87: =C101 -> 22 | K87: {=INDEX('Podium Target Times'!$C:$C, MATCH(A87&B87, 'Podium Target Times'!$A:$A&'Podium Target Times'!$B:$B, 0))} -> 1027.45 | L87: =L90+G90 -> 1050.9517 | M87: =IF(L87<60, TEXT(L87,"0.00"), IF(L87<600, TEXT(L87/86400,"m:ss.00"), TEXT(L87/86400,"mm:ss.00"))) -> 17:30.95 | N87: =IFERROR(__xludf.DUMMYFUNCTION("LET( gen,$A87, ev,$B87, t,$M87, hdrs, ARRAYFORMULA(UPPER(TRIM(CLEAN(SUBSTITUTE('AQUA POINTS'!$1:$1,CHAR(160),"" ""))))), col, MATCH(UPPER(ev), hdrs, 0), base, INDEX('AQUA POINTS'!$1:$3, IF(gen=""M"",2,3), col), baseSec, IF(ISNUMBER(base), IF(ba"&"se<1, base*86400, base), IF(REGEXMATCH(base,"":""), VALUE(LEFT(base, FIND("":"",base)-1))*60 + VALUE(MID(base, FIND("":"",base)+1, 99)), VALUE(SUBSTITUTE(base,"","",""."")))), tSec, IF(ISNUMBER(t), IF(t<1, t*86400, t), "&" IF(REGEXMATCH(t,"":""), VALUE(LEFT(t, FIND("":"",t)-1))*60 + VALUE(MID(t, FIND("":"",t)+1, 99)), VALUE(SUBSTITUTE(t,"","",""."")))), INT(1000*(baseSec/tSec)^3) )"),671.0) -> 671
A88: F | B88: 1500 Free | C88: 16 | D88: 2 | E88: 16:42.94 | F88: =IFERROR(__xludf.DUMMYFUNCTION("IF( REGEXMATCH(E88, "":""), 60*VALUE(INDEX(SPLIT(E88, "":""),1,1)) + VALUE(INDEX(SPLIT(E88, "":""),1,2)), VALUE(E88) )"),1002.94) -> 1002.94 | G88: =average(F85-F87,F86-F88) -> 14.01 | H88: 14.01 | I88: =C84 -> 14 | J88: =C101 -> 22 | K88: {=INDEX('Podium Target Times'!$C:$C, MATCH(A88&B88, 'Podium Target Times'!$A:$A&'Podium Target Times'!$B:$B, 0))} -> 1027.45 | L88: =L90+G90 -> 1050.9517 | M88: =IF(L88<60, TEXT(L88,"0.00"), IF(L88<600, TEXT(L88/86400,"m:ss.00"), TEXT(L88/86400,"mm:ss.00"))) -> 17:30.95 | N88: =IFERROR(__xludf.DUMMYFUNCTION("LET( gen,$A88, ev,$B88, t,$M88, hdrs, ARRAYFORMULA(UPPER(TRIM(CLEAN(SUBSTITUTE('AQUA POINTS'!$1:$1,CHAR(160),"" ""))))), col, MATCH(UPPER(ev), hdrs, 0), base, INDEX('AQUA POINTS'!$1:$3, IF(gen=""M"",2,3), col), baseSec, IF(ISNUMBER(base), IF(ba"&"se<1, base*86400, base), IF(REGEXMATCH(base,"":""), VALUE(LEFT(base, FIND("":"",base)-1))*60 + VALUE(MID(base, FIND("":"",base)+1, 99)), VALUE(SUBSTITUTE(base,"","",""."")))), tSec, IF(ISNUMBER(t), IF(t<1, t*86400, t), "&" IF(REGEXMATCH(t,"":""), VALUE(LEFT(t, FIND("":"",t)-1))*60 + VALUE(MID(t, FIND("":"",t)+1, 99)), VALUE(SUBSTITUTE(t,"","",""."")))), INT(1000*(baseSec/tSec)^3) )"),671.0) -> 671
A89: F | B89: 1500 Free | C89: 16 | D89: 3 | E89: 16:45.20 | F89: =IFERROR(__xludf.DUMMYFUNCTION("IF( REGEXMATCH(E89, "":""), 60*VALUE(INDEX(SPLIT(E89, "":""),1,1)) + VALUE(INDEX(SPLIT(E89, "":""),1,2)), VALUE(E89) )"),1005.2) -> 1005.2 | G89: =average(F85-F87,F86-F88) -> 14.01 | H89: 14.01 | I89: =C84 -> 14 | J89: =C101 -> 22 | K89: {=INDEX('Podium Target Times'!$C:$C, MATCH(A89&B89, 'Podium Target Times'!$A:$A&'Podium Target Times'!$B:$B, 0))} -> 1027.45 | L89: =L90+G90 -> 1050.9517 | M89: =IF(L89<60, TEXT(L89,"0.00"), IF(L89<600, TEXT(L89/86400,"m:ss.00"), TEXT(L89/86400,"mm:ss.00"))) -> 17:30.95 | N89: =IFERROR(__xludf.DUMMYFUNCTION("LET( gen,$A89, ev,$B89, t,$M89, hdrs, ARRAYFORMULA(UPPER(TRIM(CLEAN(SUBSTITUTE('AQUA POINTS'!$1:$1,CHAR(160),"" ""))))), col, MATCH(UPPER(ev), hdrs, 0), base, INDEX('AQUA POINTS'!$1:$3, IF(gen=""M"",2,3), col), baseSec, IF(ISNUMBER(base), IF(ba"&"se<1, base*86400, base), IF(REGEXMATCH(base,"":""), VALUE(LEFT(base, FIND("":"",base)-1))*60 + VALUE(MID(base, FIND("":"",base)+1, 99)), VALUE(SUBSTITUTE(base,"","",""."")))), tSec, IF(ISNUMBER(t), IF(t<1, t*86400, t), "&" IF(REGEXMATCH(t,"":""), VALUE(LEFT(t, FIND("":"",t)-1))*60 + VALUE(MID(t, FIND("":"",t)+1, 99)), VALUE(SUBSTITUTE(t,"","",""."")))), INT(1000*(baseSec/tSec)^3) )"),671.0) -> 671
A90: F | B90: 1500 Free | C90: 17 | D90: 1 | E90: 16:29.65 | F90: =IFERROR(__xludf.DUMMYFUNCTION("IF( REGEXMATCH(E90, "":""), 60*VALUE(INDEX(SPLIT(E90, "":""),1,1)) + VALUE(INDEX(SPLIT(E90, "":""),1,2)), VALUE(E90) )"),989.65) -> 989.65 | G90: =average(F87-F90,F88-F91,F89-F92) -> 8.5733333 | H90: 8.5733333 | I90: =C84 -> 14 | J90: =C101 -> 22 | K90: {=INDEX('Podium Target Times'!$C:$C, MATCH(A90&B90, 'Podium Target Times'!$A:$A&'Podium Target Times'!$B:$B, 0))} -> 1027.45 | L90: =L93+G93 -> 1042.3783 | M90: =IF(L90<60, TEXT(L90,"0.00"), IF(L90<600, TEXT(L90/86400,"m:ss.00"), TEXT(L90/86400,"mm:ss.00"))) -> 17:22.38 | N90: =IFERROR(__xludf.DUMMYFUNCTION("LET( gen,$A90, ev,$B90, t,$M90, hdrs, ARRAYFORMULA(UPPER(TRIM(CLEAN(SUBSTITUTE('AQUA POINTS'!$1:$1,CHAR(160),"" ""))))), col, MATCH(UPPER(ev), hdrs, 0), base, INDEX('AQUA POINTS'!$1:$3, IF(gen=""M"",2,3), col), baseSec, IF(ISNUMBER(base), IF(ba"&"se<1, base*86400, base), IF(REGEXMATCH(base,"":""), VALUE(LEFT(base, FIND("":"",base)-1))*60 + VALUE(MID(base, FIND("":"",base)+1, 99)), VALUE(SUBSTITUTE(base,"","",""."")))), tSec, IF(ISNUMBER(t), IF(t<1, t*86400, t), "&" IF(REGEXMATCH(t,"":""), VALUE(LEFT(t, FIND("":"",t)-1))*60 + VALUE(MID(t, FIND("":"",t)+1, 99)), VALUE(SUBSTITUTE(t,"","",""."")))), INT(1000*(baseSec/tSec)^3) )"),688.0) -> 688
A91: F | B91: 1500 Free | C91: 17 | D91: 2 | E91: 16:34.36 | F91: =IFERROR(__xludf.DUMMYFUNCTION("IF( REGEXMATCH(E91, "":""), 60*VALUE(INDEX(SPLIT(E91, "":""),1,1)) + VALUE(INDEX(SPLIT(E91, "":""),1,2)), VALUE(E91) )"),994.36) -> 994.36 | G91: =average(F87-F90,F88-F91,F89-F92) -> 8.5733333 | H91: 8.5733333 | I91: =C84 -> 14 | J91: =C101 -> 22 | K91: {=INDEX('Podium Target Times'!$C:$C, MATCH(A91&B91, 'Podium Target Times'!$A:$A&'Podium Target Times'!$B:$B, 0))} -> 1027.45 | L91: =L93+G93 -> 1042.3783 | M91: =IF(L91<60, TEXT(L91,"0.00"), IF(L91<600, TEXT(L91/86400,"m:ss.00"), TEXT(L91/86400,"mm:ss.00"))) -> 17:22.38 | N91: =IFERROR(__xludf.DUMMYFUNCTION("LET( gen,$A91, ev,$B91, t,$M91, hdrs, ARRAYFORMULA(UPPER(TRIM(CLEAN(SUBSTITUTE('AQUA POINTS'!$1:$1,CHAR(160),"" ""))))), col, MATCH(UPPER(ev), hdrs, 0), base, INDEX('AQUA POINTS'!$1:$3, IF(gen=""M"",2,3), col), baseSec, IF(ISNUMBER(base), IF(ba"&"se<1, base*86400, base), IF(REGEXMATCH(base,"":""), VALUE(LEFT(base, FIND("":"",base)-1))*60 + VALUE(MID(base, FIND("":"",base)+1, 99)), VALUE(SUBSTITUTE(base,"","",""."")))), tSec, IF(ISNUMBER(t), IF(t<1, t*86400, t), "&" IF(REGEXMATCH(t,"":""), VALUE(LEFT(t, FIND("":"",t)-1))*60 + VALUE(MID(t, FIND("":"",t)+1, 99)), VALUE(SUBSTITUTE(t,"","",""."")))), INT(1000*(baseSec/tSec)^3) )"),688.0) -> 688
A92: F | B92: 1500 Free | C92: 17 | D92: 3 | E92: 16:36.60 | F92: =IFERROR(__xludf.DUMMYFUNCTION("IF( REGEXMATCH(E92, "":""), 60*VALUE(INDEX(SPLIT(E92, "":""),1,1)) + VALUE(INDEX(SPLIT(E92, "":""),1,2)), VALUE(E92) )"),996.6) -> 996.6 | G92: =average(F87-F90,F88-F91,F89-F92) -> 8.5733333 | H92: 8.5733333 | I92: =C84 -> 14 | J92: =C101 -> 22 | K92: {=INDEX('Podium Target Times'!$C:$C, MATCH(A92&B92, 'Podium Target Times'!$A:$A&'Podium Target Times'!$B:$B, 0))} -> 1027.45 | L92: =L93+G93 -> 1042.3783 | M92: =IF(L92<60, TEXT(L92,"0.00"), IF(L92<600, TEXT(L92/86400,"m:ss.00"), TEXT(L92/86400,"mm:ss.00"))) -> 17:22.38 | N92: =IFERROR(__xludf.DUMMYFUNCTION("LET( gen,$A92, ev,$B92, t,$M92, hdrs, ARRAYFORMULA(UPPER(TRIM(CLEAN(SUBSTITUTE('AQUA POINTS'!$1:$1,CHAR(160),"" ""))))), col, MATCH(UPPER(ev), hdrs, 0), base, INDEX('AQUA POINTS'!$1:$3, IF(gen=""M"",2,3), col), baseSec, IF(ISNUMBER(base), IF(ba"&"se<1, base*86400, base), IF(REGEXMATCH(base,"":""), VALUE(LEFT(base, FIND("":"",base)-1))*60 + VALUE(MID(base, FIND("":"",base)+1, 99)), VALUE(SUBSTITUTE(base,"","",""."")))), tSec, IF(ISNUMBER(t), IF(t<1, t*86400, t), "&" IF(REGEXMATCH(t,"":""), VALUE(LEFT(t, FIND("":"",t)-1))*60 + VALUE(MID(t, FIND("":"",t)+1, 99)), VALUE(SUBSTITUTE(t,"","",""."")))), INT(1000*(baseSec/tSec)^3) )"),688.0) -> 688
A93: F | B93: 1500 Free | C93: 18 | D93: 1 | E93: 16:24.56 | F93: =IFERROR(__xludf.DUMMYFUNCTION("IF( REGEXMATCH(E93, "":""), 60*VALUE(INDEX(SPLIT(E93, "":""),1,1)) + VALUE(INDEX(SPLIT(E93, "":""),1,2)), VALUE(E93) )"),984.56) -> 984.56 | G93: =average(F90-F93,F91-F94,F92-F95) -> 5.1133333 | H93: 5.1133333 | I93: =C84 -> 14 | J93: =C101 -> 22 | K93: {=INDEX('Podium Target Times'!$C:$C, MATCH(A93&B93, 'Podium Target Times'!$A:$A&'Podium Target Times'!$B:$B, 0))} -> 1027.45 | L93: =L96+G96 -> 1037.265 | M93: =IF(L93<60, TEXT(L93,"0.00"), IF(L93<600, TEXT(L93/86400,"m:ss.00"), TEXT(L93/86400,"mm:ss.00"))) -> 17:17.27 | N93: =IFERROR(__xludf.DUMMYFUNCTION("LET( gen,$A93, ev,$B93, t,$M93, hdrs, ARRAYFORMULA(UPPER(TRIM(CLEAN(SUBSTITUTE('AQUA POINTS'!$1:$1,CHAR(160),"" ""))))), col, MATCH(UPPER(ev), hdrs, 0), base, INDEX('AQUA POINTS'!$1:$3, IF(gen=""M"",2,3), col), baseSec, IF(ISNUMBER(base), IF(ba"&"se<1, base*86400, base), IF(REGEXMATCH(base,"":""), VALUE(LEFT(base, FIND("":"",base)-1))*60 + VALUE(MID(base, FIND("":"",base)+1, 99)), VALUE(SUBSTITUTE(base,"","",""."")))), tSec, IF(ISNUMBER(t), IF(t<1, t*86400, t), "&" IF(REGEXMATCH(t,"":""), VALUE(LEFT(t, FIND("":"",t)-1))*60 + VALUE(MID(t, FIND("":"",t)+1, 99)), VALUE(SUBSTITUTE(t,"","",""."")))), INT(1000*(baseSec/tSec)^3) )"),698.0) -> 698
A94: F | B94: 1500 Free | C94: 18 | D94: 2 | E94: 16:29.24 | F94: =IFERROR(__xludf.DUMMYFUNCTION("IF( REGEXMATCH(E94, "":""), 60*VALUE(INDEX(SPLIT(E94, "":""),1,1)) + VALUE(INDEX(SPLIT(E94, "":""),1,2)), VALUE(E94) )"),989.24) -> 989.24 | G94: =average(F90-F93,F91-F94,F92-F95) -> 5.1133333 | H94: 5.1133333 | I94: =C84 -> 14 | J94: =C101 -> 22 | K94: {=INDEX('Podium Target Times'!$C:$C, MATCH(A94&B94, 'Podium Target Times'!$A:$A&'Podium Target Times'!$B:$B, 0))} -> 1027.45 | L94: =L96+G96 -> 1037.265 | M94: =IF(L94<60, TEXT(L94,"0.00"), IF(L94<600, TEXT(L94/86400,"m:ss.00"), TEXT(L94/86400,"mm:ss.00"))) -> 17:17.27 | N94: =IFERROR(__xludf.DUMMYFUNCTION("LET( gen,$A94, ev,$B94, t,$M94, hdrs, ARRAYFORMULA(UPPER(TRIM(CLEAN(SUBSTITUTE('AQUA POINTS'!$1:$1,CHAR(160),"" ""))))), col, MATCH(UPPER(ev), hdrs, 0), base, INDEX('AQUA POINTS'!$1:$3, IF(gen=""M"",2,3), col), baseSec, IF(ISNUMBER(base), IF(ba"&"se<1, base*86400, base), IF(REGEXMATCH(base,"":""), VALUE(LEFT(base, FIND("":"",base)-1))*60 + VALUE(MID(base, FIND("":"",base)+1, 99)), VALUE(SUBSTITUTE(base,"","",""."")))), tSec, IF(ISNUMBER(t), IF(t<1, t*86400, t), "&" IF(REGEXMATCH(t,"":""), VALUE(LEFT(t, FIND("":"",t)-1))*60 + VALUE(MID(t, FIND("":"",t)+1, 99)), VALUE(SUBSTITUTE(t,"","",""."")))), INT(1000*(baseSec/tSec)^3) )"),698.0) -> 698
A95: F | B95: 1500 Free | C95: 18 | D95: 3 | E95: 16:31.47 | F95: =IFERROR(__xludf.DUMMYFUNCTION("IF( REGEXMATCH(E95, "":""), 60*VALUE(INDEX(SPLIT(E95, "":""),1,1)) + VALUE(INDEX(SPLIT(E95, "":""),1,2)), VALUE(E95) )"),991.47) -> 991.47 | G95: =average(F90-F93,F91-F94,F92-F95) -> 5.1133333 | H95: 5.1133333 | I95: =C84 -> 14 | J95: =C101 -> 22 | K95: {=INDEX('Podium Target Times'!$C:$C, MATCH(A95&B95, 'Podium Target Times'!$A:$A&'Podium Target Times'!$B:$B, 0))} -> 1027.45 | L95: =L96+G96 -> 1037.265 | M95: =IF(L95<60, TEXT(L95,"0.00"), IF(L95<600, TEXT(L95/86400,"m:ss.00"), TEXT(L95/86400,"mm:ss.00"))) -> 17:17.27 | N95: =IFERROR(__xludf.DUMMYFUNCTION("LET( gen,$A95, ev,$B95, t,$M95, hdrs, ARRAYFORMULA(UPPER(TRIM(CLEAN(SUBSTITUTE('AQUA POINTS'!$1:$1,CHAR(160),"" ""))))), col, MATCH(UPPER(ev), hdrs, 0), base, INDEX('AQUA POINTS'!$1:$3, IF(gen=""M"",2,3), col), baseSec, IF(ISNUMBER(base), IF(ba"&"se<1, base*86400, base), IF(REGEXMATCH(base,"":""), VALUE(LEFT(base, FIND("":"",base)-1))*60 + VALUE(MID(base, FIND("":"",base)+1, 99)), VALUE(SUBSTITUTE(base,"","",""."")))), tSec, IF(ISNUMBER(t), IF(t<1, t*86400, t), "&" IF(REGEXMATCH(t,"":""), VALUE(LEFT(t, FIND("":"",t)-1))*60 + VALUE(MID(t, FIND("":"",t)+1, 99)), VALUE(SUBSTITUTE(t,"","",""."")))), INT(1000*(baseSec/tSec)^3) )"),698.0) -> 698
A96: F | B96: 1500 Free | C96: 19 | D96: 2 | E96: 16:26.24 | F96: =IFERROR(__xludf.DUMMYFUNCTION("IF( REGEXMATCH(E96, "":""), 60*VALUE(INDEX(SPLIT(E96, "":""),1,1)) + VALUE(INDEX(SPLIT(E96, "":""),1,2)), VALUE(E96) )"),986.24) -> 986.24 | G96: =average(F94-F96,F95-F97) -> 3.005 | H96: 3.005 | I96: =C84 -> 14 | J96: =C101 -> 22 | K96: {=INDEX('Podium Target Times'!$C:$C, MATCH(A96&B96, 'Podium Target Times'!$A:$A&'Podium Target Times'!$B:$B, 0))} -> 1027.45 | L96: =L98+G98 -> 1034.26 | M96: =IF(L96<60, TEXT(L96,"0.00"), IF(L96<600, TEXT(L96/86400,"m:ss.00"), TEXT(L96/86400,"mm:ss.00"))) -> 17:14.26 | N96: =IFERROR(__xludf.DUMMYFUNCTION("LET( gen,$A96, ev,$B96, t,$M96, hdrs, ARRAYFORMULA(UPPER(TRIM(CLEAN(SUBSTITUTE('AQUA POINTS'!$1:$1,CHAR(160),"" ""))))), col, MATCH(UPPER(ev), hdrs, 0), base, INDEX('AQUA POINTS'!$1:$3, IF(gen=""M"",2,3), col), baseSec, IF(ISNUMBER(base), IF(ba"&"se<1, base*86400, base), IF(REGEXMATCH(base,"":""), VALUE(LEFT(base, FIND("":"",base)-1))*60 + VALUE(MID(base, FIND("":"",base)+1, 99)), VALUE(SUBSTITUTE(base,"","",""."")))), tSec, IF(ISNUMBER(t), IF(t<1, t*86400, t), "&" IF(REGEXMATCH(t,"":""), VALUE(LEFT(t, FIND("":"",t)-1))*60 + VALUE(MID(t, FIND("":"",t)+1, 99)), VALUE(SUBSTITUTE(t,"","",""."")))), INT(1000*(baseSec/tSec)^3) )"),704.0) -> 704
A97: F | B97: 1500 Free | C97: 19 | D97: 3 | E97: 16:28.46 | F97: =IFERROR(__xludf.DUMMYFUNCTION("IF( REGEXMATCH(E97, "":""), 60*VALUE(INDEX(SPLIT(E97, "":""),1,1)) + VALUE(INDEX(SPLIT(E97, "":""),1,2)), VALUE(E97) )"),988.46) -> 988.46 | G97: =average(F94-F96,F95-F97) -> 3.005 | H97: 3.005 | I97: =C84 -> 14 | J97: =C101 -> 22 | K97: {=INDEX('Podium Target Times'!$C:$C, MATCH(A97&B97, 'Podium Target Times'!$A:$A&'Podium Target Times'!$B:$B, 0))} -> 1027.45 | L97: =L98+G98 -> 1034.26 | M97: =IF(L97<60, TEXT(L97,"0.00"), IF(L97<600, TEXT(L97/86400,"m:ss.00"), TEXT(L97/86400,"mm:ss.00"))) -> 17:14.26 | N97: =IFERROR(__xludf.DUMMYFUNCTION("LET( gen,$A97, ev,$B97, t,$M97, hdrs, ARRAYFORMULA(UPPER(TRIM(CLEAN(SUBSTITUTE('AQUA POINTS'!$1:$1,CHAR(160),"" ""))))), col, MATCH(UPPER(ev), hdrs, 0), base, INDEX('AQUA POINTS'!$1:$3, IF(gen=""M"",2,3), col), baseSec, IF(ISNUMBER(base), IF(ba"&"se<1, base*86400, base), IF(REGEXMATCH(base,"":""), VALUE(LEFT(base, FIND("":"",base)-1))*60 + VALUE(MID(base, FIND("":"",base)+1, 99)), VALUE(SUBSTITUTE(base,"","",""."")))), tSec, IF(ISNUMBER(t), IF(t<1, t*86400, t), "&" IF(REGEXMATCH(t,"":""), VALUE(LEFT(t, FIND("":"",t)-1))*60 + VALUE(MID(t, FIND("":"",t)+1, 99)), VALUE(SUBSTITUTE(t,"","",""."")))), INT(1000*(baseSec/tSec)^3) )"),704.0) -> 704
A98: F | B98: 1500 Free | C98: 20 | D98: 2 | E98: 16:24.56 | F98: =IFERROR(__xludf.DUMMYFUNCTION("IF( REGEXMATCH(E98, "":""), 60*VALUE(INDEX(SPLIT(E98, "":""),1,1)) + VALUE(INDEX(SPLIT(E98, "":""),1,2)), VALUE(E98) )"),984.56) -> 984.56 | G98: =average(F96-F98,F97-F99) -> 1.68 | H98: 1.68 | I98: =C84 -> 14 | J98: =C101 -> 22 | K98: {=INDEX('Podium Target Times'!$C:$C, MATCH(A98&B98, 'Podium Target Times'!$A:$A&'Podium Target Times'!$B:$B, 0))} -> 1027.45 | L98: =L100+G100 -> 1032.58 | M98: =IF(L98<60, TEXT(L98,"0.00"), IF(L98<600, TEXT(L98/86400,"m:ss.00"), TEXT(L98/86400,"mm:ss.00"))) -> 17:12.58 | N98: =IFERROR(__xludf.DUMMYFUNCTION("LET( gen,$A98, ev,$B98, t,$M98, hdrs, ARRAYFORMULA(UPPER(TRIM(CLEAN(SUBSTITUTE('AQUA POINTS'!$1:$1,CHAR(160),"" ""))))), col, MATCH(UPPER(ev), hdrs, 0), base, INDEX('AQUA POINTS'!$1:$3, IF(gen=""M"",2,3), col), baseSec, IF(ISNUMBER(base), IF(ba"&"se<1, base*86400, base), IF(REGEXMATCH(base,"":""), VALUE(LEFT(base, FIND("":"",base)-1))*60 + VALUE(MID(base, FIND("":"",base)+1, 99)), VALUE(SUBSTITUTE(base,"","",""."")))), tSec, IF(ISNUMBER(t), IF(t<1, t*86400, t), "&" IF(REGEXMATCH(t,"":""), VALUE(LEFT(t, FIND("":"",t)-1))*60 + VALUE(MID(t, FIND("":"",t)+1, 99)), VALUE(SUBSTITUTE(t,"","",""."")))), INT(1000*(baseSec/tSec)^3) )"),708.0) -> 708
A99: F | B99: 1500 Free | C99: 20 | D99: 3 | E99: 16:26.78 | F99: =IFERROR(__xludf.DUMMYFUNCTION("IF( REGEXMATCH(E99, "":""), 60*VALUE(INDEX(SPLIT(E99, "":""),1,1)) + VALUE(INDEX(SPLIT(E99, "":""),1,2)), VALUE(E99) )"),986.78) -> 986.78 | G99: =average(F96-F98,F97-F99) -> 1.68 | H99: 1.68 | I99: =C84 -> 14 | J99: =C101 -> 22 | K99: {=INDEX('Podium Target Times'!$C:$C, MATCH(A99&B99, 'Podium Target Times'!$A:$A&'Podium Target Times'!$B:$B, 0))} -> 1027.45 | L99: =L100+G100 -> 1032.58 | M99: =IF(L99<60, TEXT(L99,"0.00"), IF(L99<600, TEXT(L99/86400,"m:ss.00"), TEXT(L99/86400,"mm:ss.00"))) -> 17:12.58 | N99: =IFERROR(__xludf.DUMMYFUNCTION("LET( gen,$A99, ev,$B99, t,$M99, hdrs, ARRAYFORMULA(UPPER(TRIM(CLEAN(SUBSTITUTE('AQUA POINTS'!$1:$1,CHAR(160),"" ""))))), col, MATCH(UPPER(ev), hdrs, 0), base, INDEX('AQUA POINTS'!$1:$3, IF(gen=""M"",2,3), col), baseSec, IF(ISNUMBER(base), IF(ba"&"se<1, base*86400, base), IF(REGEXMATCH(base,"":""), VALUE(LEFT(base, FIND("":"",base)-1))*60 + VALUE(MID(base, FIND("":"",base)+1, 99)), VALUE(SUBSTITUTE(base,"","",""."")))), tSec, IF(ISNUMBER(t), IF(t<1, t*86400, t), "&" IF(REGEXMATCH(t,"":""), VALUE(LEFT(t, FIND("":"",t)-1))*60 + VALUE(MID(t, FIND("":"",t)+1, 99)), VALUE(SUBSTITUTE(t,"","",""."")))), INT(1000*(baseSec/tSec)^3) )"),708.0) -> 708
A100: F | B100: 1500 Free | C100: 21 | D100: 3 | E100: 16:25.53 | F100: =IFERROR(__xludf.DUMMYFUNCTION("IF( REGEXMATCH(E100, "":""), 60*VALUE(INDEX(SPLIT(E100, "":""),1,1)) + VALUE(INDEX(SPLIT(E100, "":""),1,2)), VALUE(E100) )"),985.53) -> 985.53 | G100: =F99-F100 -> 1.25 | H100: 1.25 | I100: =C84 -> 14 | J100: =C101 -> 22 | K100: {=INDEX('Podium Target Times'!$C:$C, MATCH(A100&B100, 'Podium Target Times'!$A:$A&'Podium Target Times'!$B:$B, 0))} -> 1027.45 | L100: =L101+G101 -> 1031.33 | M100: =IF(L100<60, TEXT(L100,"0.00"), IF(L100<600, TEXT(L100/86400,"m:ss.00"), TEXT(L100/86400,"mm:ss.00"))) -> 17:11.33 | N100: =IFERROR(__xludf.DUMMYFUNCTION("LET( gen,$A100, ev,$B100, t,$M100, hdrs, ARRAYFORMULA(UPPER(TRIM(CLEAN(SUBSTITUTE('AQUA POINTS'!$1:$1,CHAR(160),"" ""))))), col, MATCH(UPPER(ev), hdrs, 0), base, INDEX('AQUA POINTS'!$1:$3, IF(gen=""M"",2,3), col), baseSec, IF(ISNUMBER(base), IF"&"(base<1, base*86400, base), IF(REGEXMATCH(base,"":""), VALUE(LEFT(base, FIND("":"",base)-1))*60 + VALUE(MID(base, FIND("":"",base)+1, 99)), VALUE(SUBSTITUTE(base,"","",""."")))), tSec, IF(ISNUMBER(t), IF(t<1, t*86400, t), "&" IF(REGEXMATCH(t,"":""), VALUE(LEFT(t, FIND("":"",t)-1))*60 + VALUE(MID(t, FIND("":"",t)+1, 99)), VALUE(SUBSTITUTE(t,"","",""."")))), INT(1000*(baseSec/tSec)^3) )"),710.0) -> 710
...

Sheet Podium Target Times
A1: Gender | B1: Event | C1: Time | D1: AQUA
A2: M | B2: 50 Free | C2: 22.84 | D2: =IFERROR(__xludf.DUMMYFUNCTION("LET( gen,$A2, ev,$B2, t,$C2, hdrs, ARRAYFORMULA(UPPER(TRIM(CLEAN(SUBSTITUTE('AQUA POINTS'!$1:$1,CHAR(160),"" ""))))), col, MATCH(UPPER(ev), hdrs, 0), base, INDEX('AQUA POINTS'!$1:$3, IF(gen=""M"",2,3), col), baseSec, IF(ISNUMBER(base), IF(base<"&"1, base*86400, base), IF(REGEXMATCH(base,"":""), VALUE(LEFT(base, FIND("":"",base)-1))*60 + VALUE(MID(base, FIND("":"",base)+1, 99)), VALUE(SUBSTITUTE(base,"","",""."")))), tSec, IF(ISNUMBER(t), IF(t<1, t*86400, t), "&" IF(REGEXMATCH(t,"":""), VALUE(LEFT(t, FIND("":"",t)-1))*60 + VALUE(MID(t, FIND("":"",t)+1, 99)), VALUE(SUBSTITUTE(t,"","",""."")))), INT(1000*(baseSec/tSec)^3) )"),767.0) -> 767
A3: M | B3: 100 Free | C3: 49.69 | D3: =IFERROR(__xludf.DUMMYFUNCTION("LET( gen,$A3, ev,$B3, t,$C3, hdrs, ARRAYFORMULA(UPPER(TRIM(CLEAN(SUBSTITUTE('AQUA POINTS'!$1:$1,CHAR(160),"" ""))))), col, MATCH(UPPER(ev), hdrs, 0), base, INDEX('AQUA POINTS'!$1:$3, IF(gen=""M"",2,3), col), baseSec, IF(ISNUMBER(base), IF(base<"&"1, base*86400, base), IF(REGEXMATCH(base,"":""), VALUE(LEFT(base, FIND("":"",base)-1))*60 + VALUE(MID(base, FIND("":"",base)+1, 99)), VALUE(SUBSTITUTE(base,"","",""."")))), tSec, IF(ISNUMBER(t), IF(t<1, t*86400, t), "&" IF(REGEXMATCH(t,"":""), VALUE(LEFT(t, FIND("":"",t)-1))*60 + VALUE(MID(t, FIND("":"",t)+1, 99)), VALUE(SUBSTITUTE(t,"","",""."")))), INT(1000*(baseSec/tSec)^3) )"),814.0) -> 814
A4: M | B4: 200 Free | C4: 109.31 | D4: =IFERROR(__xludf.DUMMYFUNCTION("LET( gen,$A4, ev,$B4, t,$C4, hdrs, ARRAYFORMULA(UPPER(TRIM(CLEAN(SUBSTITUTE('AQUA POINTS'!$1:$1,CHAR(160),"" ""))))), col, MATCH(UPPER(ev), hdrs, 0), base, INDEX('AQUA POINTS'!$1:$3, IF(gen=""M"",2,3), col), baseSec, IF(ISNUMBER(base), IF(base<"&"1, base*86400, base), IF(REGEXMATCH(base,"":""), VALUE(LEFT(base, FIND("":"",base)-1))*60 + VALUE(MID(base, FIND("":"",base)+1, 99)), VALUE(SUBSTITUTE(base,"","",""."")))), tSec, IF(ISNUMBER(t), IF(t<1, t*86400, t), "&" IF(REGEXMATCH(t,"":""), VALUE(LEFT(t, FIND("":"",t)-1))*60 + VALUE(MID(t, FIND("":"",t)+1, 99)), VALUE(SUBSTITUTE(t,"","",""."")))), INT(1000*(baseSec/tSec)^3) )"),812.0) -> 812
A5: M | B5: 400 Free | C5: 233.78 | D5: =IFERROR(__xludf.DUMMYFUNCTION("LET( gen,$A5, ev,$B5, t,$C5, hdrs, ARRAYFORMULA(UPPER(TRIM(CLEAN(SUBSTITUTE('AQUA POINTS'!$1:$1,CHAR(160),"" ""))))), col, MATCH(UPPER(ev), hdrs, 0), base, INDEX('AQUA POINTS'!$1:$3, IF(gen=""M"",2,3), col), baseSec, IF(ISNUMBER(base), IF(base<"&"1, base*86400, base), IF(REGEXMATCH(base,"":""), VALUE(LEFT(base, FIND("":"",base)-1))*60 + VALUE(MID(base, FIND("":"",base)+1, 99)), VALUE(SUBSTITUTE(base,"","",""."")))), tSec, IF(ISNUMBER(t), IF(t<1, t*86400, t), "&" IF(REGEXMATCH(t,"":""), VALUE(LEFT(t, FIND("":"",t)-1))*60 + VALUE(MID(t, FIND("":"",t)+1, 99)), VALUE(SUBSTITUTE(t,"","",""."")))), INT(1000*(baseSec/tSec)^3) )"),834.0) -> 834
A6: M | B6: 800 Free | C6: 486.71 | D6: =IFERROR(__xludf.DUMMYFUNCTION("LET( gen,$A6, ev,$B6, t,$C6, hdrs, ARRAYFORMULA(UPPER(TRIM(CLEAN(SUBSTITUTE('AQUA POINTS'!$1:$1,CHAR(160),"" ""))))), col, MATCH(UPPER(ev), hdrs, 0), base, INDEX('AQUA POINTS'!$1:$3, IF(gen=""M"",2,3), col), baseSec, IF(ISNUMBER(base), IF(base<"&"1, base*86400, base), IF(REGEXMATCH(base,"":""), VALUE(LEFT(base, FIND("":"",base)-1))*60 + VALUE(MID(base, FIND("":"",base)+1, 99)), VALUE(SUBSTITUTE(base,"","",""."")))), tSec, IF(ISNUMBER(t), IF(t<1, t*86400, t), "&" IF(REGEXMATCH(t,"":""), VALUE(LEFT(t, FIND("":"",t)-1))*60 + VALUE(MID(t, FIND("":"",t)+1, 99)), VALUE(SUBSTITUTE(t,"","",""."")))), INT(1000*(baseSec/tSec)^3) )"),801.0) -> 801
A7: M | B7: 1500 Free | C7: 940.49 | D7: =IFERROR(__xludf.DUMMYFUNCTION("LET( gen,$A7, ev,$B7, t,$C7, hdrs, ARRAYFORMULA(UPPER(TRIM(CLEAN(SUBSTITUTE('AQUA POINTS'!$1:$1,CHAR(160),"" ""))))), col, MATCH(UPPER(ev), hdrs, 0), base, INDEX('AQUA POINTS'!$1:$3, IF(gen=""M"",2,3), col), baseSec, IF(ISNUMBER(base), IF(base<"&"1, base*86400, base), IF(REGEXMATCH(base,"":""), VALUE(LEFT(base, FIND("":"",base)-1))*60 + VALUE(MID(base, FIND("":"",base)+1, 99)), VALUE(SUBSTITUTE(base,"","",""."")))), tSec, IF(ISNUMBER(t), IF(t<1, t*86400, t), "&" IF(REGEXMATCH(t,"":""), VALUE(LEFT(t, FIND("":"",t)-1))*60 + VALUE(MID(t, FIND("":"",t)+1, 99)), VALUE(SUBSTITUTE(t,"","",""."")))), INT(1000*(baseSec/tSec)^3) )"),793.0) -> 793
A8: M | B8: 100 Back | C8: 55.99 | D8: =IFERROR(__xludf.DUMMYFUNCTION("LET( gen,$A8, ev,$B8, t,$C8, hdrs, ARRAYFORMULA(UPPER(TRIM(CLEAN(SUBSTITUTE('AQUA POINTS'!$1:$1,CHAR(160),"" ""))))), col, MATCH(UPPER(ev), hdrs, 0), base, INDEX('AQUA POINTS'!$1:$3, IF(gen=""M"",2,3), col), baseSec, IF(ISNUMBER(base), IF(base<"&"1, base*86400, base), IF(REGEXMATCH(base,"":""), VALUE(LEFT(base, FIND("":"",base)-1))*60 + VALUE(MID(base, FIND("":"",base)+1, 99)), VALUE(SUBSTITUTE(base,"","",""."")))), tSec, IF(ISNUMBER(t), IF(t<1, t*86400, t), "&" IF(REGEXMATCH(t,"":""), VALUE(LEFT(t, FIND("":"",t)-1))*60 + VALUE(MID(t, FIND("":"",t)+1, 99)), VALUE(SUBSTITUTE(t,"","",""."")))), INT(1000*(baseSec/tSec)^3) )"),782.0) -> 782
A9: M | B9: 200 Back | C9: 121.74 | D9: =IFERROR(__xludf.DUMMYFUNCTION("LET( gen,$A9, ev,$B9, t,$C9, hdrs, ARRAYFORMULA(UPPER(TRIM(CLEAN(SUBSTITUTE('AQUA POINTS'!$1:$1,CHAR(160),"" ""))))), col, MATCH(UPPER(ev), hdrs, 0), base, INDEX('AQUA POINTS'!$1:$3, IF(gen=""M"",2,3), col), baseSec, IF(ISNUMBER(base), IF(base<"&"1, base*86400, base), IF(REGEXMATCH(base,"":""), VALUE(LEFT(base, FIND("":"",base)-1))*60 + VALUE(MID(base, FIND("":"",base)+1, 99)), VALUE(SUBSTITUTE(base,"","",""."")))), tSec, IF(ISNUMBER(t), IF(t<1, t*86400, t), "&" IF(REGEXMATCH(t,"":""), VALUE(LEFT(t, FIND("":"",t)-1))*60 + VALUE(MID(t, FIND("":"",t)+1, 99)), VALUE(SUBSTITUTE(t,"","",""."")))), INT(1000*(baseSec/tSec)^3) )"),777.0) -> 777
A10: M | B10: 100 Breast | C10: 62.22 | D10: =IFERROR(__xludf.DUMMYFUNCTION("LET( gen,$A10, ev,$B10, t,$C10, hdrs, ARRAYFORMULA(UPPER(TRIM(CLEAN(SUBSTITUTE('AQUA POINTS'!$1:$1,CHAR(160),"" ""))))), col, MATCH(UPPER(ev), hdrs, 0), base, INDEX('AQUA POINTS'!$1:$3, IF(gen=""M"",2,3), col), baseSec, IF(ISNUMBER(base), IF(ba"&"se<1, base*86400, base), IF(REGEXMATCH(base,"":""), VALUE(LEFT(base, FIND("":"",base)-1))*60 + VALUE(MID(base, FIND("":"",base)+1, 99)), VALUE(SUBSTITUTE(base,"","",""."")))), tSec, IF(ISNUMBER(t), IF(t<1, t*86400, t), "&" IF(REGEXMATCH(t,"":""), VALUE(LEFT(t, FIND("":"",t)-1))*60 + VALUE(MID(t, FIND("":"",t)+1, 99)), VALUE(SUBSTITUTE(t,"","",""."")))), INT(1000*(baseSec/tSec)^3) )"),763.0) -> 763
A11: M | B11: 200 Breast | C11: 134.3 | D11: =IFERROR(__xludf.DUMMYFUNCTION("LET( gen,$A11, ev,$B11, t,$C11, hdrs, ARRAYFORMULA(UPPER(TRIM(CLEAN(SUBSTITUTE('AQUA POINTS'!$1:$1,CHAR(160),"" ""))))), col, MATCH(UPPER(ev), hdrs, 0), base, INDEX('AQUA POINTS'!$1:$3, IF(gen=""M"",2,3), col), baseSec, IF(ISNUMBER(base), IF(ba"&"se<1, base*86400, base), IF(REGEXMATCH(base,"":""), VALUE(LEFT(base, FIND("":"",base)-1))*60 + VALUE(MID(base, FIND("":"",base)+1, 99)), VALUE(SUBSTITUTE(base,"","",""."")))), tSec, IF(ISNUMBER(t), IF(t<1, t*86400, t), "&" IF(REGEXMATCH(t,"":""), VALUE(LEFT(t, FIND("":"",t)-1))*60 + VALUE(MID(t, FIND("":"",t)+1, 99)), VALUE(SUBSTITUTE(t,"","",""."")))), INT(1000*(baseSec/tSec)^3) )"),815.0) -> 815
A12: M | B12: 100 Fly | C12: 52.91 | D12: =IFERROR(__xludf.DUMMYFUNCTION("LET( gen,$A12, ev,$B12, t,$C12, hdrs, ARRAYFORMULA(UPPER(TRIM(CLEAN(SUBSTITUTE('AQUA POINTS'!$1:$1,CHAR(160),"" ""))))), col, MATCH(UPPER(ev), hdrs, 0), base, INDEX('AQUA POINTS'!$1:$3, IF(gen=""M"",2,3), col), baseSec, IF(ISNUMBER(base), IF(ba"&"se<1, base*86400, base), IF(REGEXMATCH(base,"":""), VALUE(LEFT(base, FIND("":"",base)-1))*60 + VALUE(MID(base, FIND("":"",base)+1, 99)), VALUE(SUBSTITUTE(base,"","",""."")))), tSec, IF(ISNUMBER(t), IF(t<1, t*86400, t), "&" IF(REGEXMATCH(t,"":""), VALUE(LEFT(t, FIND("":"",t)-1))*60 + VALUE(MID(t, FIND("":"",t)+1, 99)), VALUE(SUBSTITUTE(t,"","",""."")))), INT(1000*(baseSec/tSec)^3) )"),816.0) -> 816
A13: M | B13: 200 Fly | C13: 120.6 | D13: =IFERROR(__xludf.DUMMYFUNCTION("LET( gen,$A13, ev,$B13, t,$C13, hdrs, ARRAYFORMULA(UPPER(TRIM(CLEAN(SUBSTITUTE('AQUA POINTS'!$1:$1,CHAR(160),"" ""))))), col, MATCH(UPPER(ev), hdrs, 0), base, INDEX('AQUA POINTS'!$1:$3, IF(gen=""M"",2,3), col), baseSec, IF(ISNUMBER(base), IF(ba"&"se<1, base*86400, base), IF(REGEXMATCH(base,"":""), VALUE(LEFT(base, FIND("":"",base)-1))*60 + VALUE(MID(base, FIND("":"",base)+1, 99)), VALUE(SUBSTITUTE(base,"","",""."")))), tSec, IF(ISNUMBER(t), IF(t<1, t*86400, t), "&" IF(REGEXMATCH(t,"":""), VALUE(LEFT(t, FIND("":"",t)-1))*60 + VALUE(MID(t, FIND("":"",t)+1, 99)), VALUE(SUBSTITUTE(t,"","",""."")))), INT(1000*(baseSec/tSec)^3) )"),765.0) -> 765
A14: M | B14: 200 IM | C14: 122.42 | D14: =IFERROR(__xludf.DUMMYFUNCTION("LET( gen,$A14, ev,$B14, t,$C14, hdrs, ARRAYFORMULA(UPPER(TRIM(CLEAN(SUBSTITUTE('AQUA POINTS'!$1:$1,CHAR(160),"" ""))))), col, MATCH(UPPER(ev), hdrs, 0), base, INDEX('AQUA POINTS'!$1:$3, IF(gen=""M"",2,3), col), baseSec, IF(ISNUMBER(base), IF(ba"&"se<1, base*86400, base), IF(REGEXMATCH(base,"":""), VALUE(LEFT(base, FIND("":"",base)-1))*60 + VALUE(MID(base, FIND("":"",base)+1, 99)), VALUE(SUBSTITUTE(base,"","",""."")))), tSec, IF(ISNUMBER(t), IF(t<1, t*86400, t), "&" IF(REGEXMATCH(t,"":""), VALUE(LEFT(t, FIND("":"",t)-1))*60 + VALUE(MID(t, FIND("":"",t)+1, 99)), VALUE(SUBSTITUTE(t,"","",""."")))), INT(1000*(baseSec/tSec)^3) )"),807.0) -> 807
A15: M | B15: 400 IM | C15: 263.24 | D15: =IFERROR(__xludf.DUMMYFUNCTION("LET( gen,$A15, ev,$B15, t,$C15, hdrs, ARRAYFORMULA(UPPER(TRIM(CLEAN(SUBSTITUTE('AQUA POINTS'!$1:$1,CHAR(160),"" ""))))), col, MATCH(UPPER(ev), hdrs, 0), base, INDEX('AQUA POINTS'!$1:$3, IF(gen=""M"",2,3), col), baseSec, IF(ISNUMBER(base), IF(ba"&"se<1, base*86400, base), IF(REGEXMATCH(base,"":""), VALUE(LEFT(base, FIND("":"",base)-1))*60 + VALUE(MID(base, FIND("":"",base)+1, 99)), VALUE(SUBSTITUTE(base,"","",""."")))), tSec, IF(ISNUMBER(t), IF(t<1, t*86400, t), "&" IF(REGEXMATCH(t,"":""), VALUE(LEFT(t, FIND("":"",t)-1))*60 + VALUE(MID(t, FIND("":"",t)+1, 99)), VALUE(SUBSTITUTE(t,"","",""."")))), INT(1000*(baseSec/tSec)^3) )"),781.0) -> 781
A16: F | B16: 50 Free | C16: 25.32 | D16: =IFERROR(__xludf.DUMMYFUNCTION("LET( gen,$A16, ev,$B16, t,$C16, hdrs, ARRAYFORMULA(UPPER(TRIM(CLEAN(SUBSTITUTE('AQUA POINTS'!$1:$1,CHAR(160),"" ""))))), col, MATCH(UPPER(ev), hdrs, 0), base, INDEX('AQUA POINTS'!$1:$3, IF(gen=""M"",2,3), col), baseSec, IF(ISNUMBER(base), IF(ba"&"se<1, base*86400, base), IF(REGEXMATCH(base,"":""), VALUE(LEFT(base, FIND("":"",base)-1))*60 + VALUE(MID(base, FIND("":"",base)+1, 99)), VALUE(SUBSTITUTE(base,"","",""."")))), tSec, IF(ISNUMBER(t), IF(t<1, t*86400, t), "&" IF(REGEXMATCH(t,"":""), VALUE(LEFT(t, FIND("":"",t)-1))*60 + VALUE(MID(t, FIND("":"",t)+1, 99)), VALUE(SUBSTITUTE(t,"","",""."")))), INT(1000*(baseSec/tSec)^3) )"),810.0) -> 810
A17: F | B17: 100 Free | C17: 56.42 | D17: =IFERROR(__xludf.DUMMYFUNCTION("LET( gen,$A17, ev,$B17, t,$C17, hdrs, ARRAYFORMULA(UPPER(TRIM(CLEAN(SUBSTITUTE('AQUA POINTS'!$1:$1,CHAR(160),"" ""))))), col, MATCH(UPPER(ev), hdrs, 0), base, INDEX('AQUA POINTS'!$1:$3, IF(gen=""M"",2,3), col), baseSec, IF(ISNUMBER(base), IF(ba"&"se<1, base*86400, base), IF(REGEXMATCH(base,"":""), VALUE(LEFT(base, FIND("":"",base)-1))*60 + VALUE(MID(base, FIND("":"",base)+1, 99)), VALUE(SUBSTITUTE(base,"","",""."")))), tSec, IF(ISNUMBER(t), IF(t<1, t*86400, t), "&" IF(REGEXMATCH(t,"":""), VALUE(LEFT(t, FIND("":"",t)-1))*60 + VALUE(MID(t, FIND("":"",t)+1, 99)), VALUE(SUBSTITUTE(t,"","",""."")))), INT(1000*(baseSec/tSec)^3) )"),769.0) -> 769
A18: F | B18: 200 Free | C18: 122.94 | D18: =IFERROR(__xludf.DUMMYFUNCTION("LET( gen,$A18, ev,$B18, t,$C18, hdrs, ARRAYFORMULA(UPPER(TRIM(CLEAN(SUBSTITUTE('AQUA POINTS'!$1:$1,CHAR(160),"" ""))))), col, MATCH(UPPER(ev), hdrs, 0), base, INDEX('AQUA POINTS'!$1:$3, IF(gen=""M"",2,3), col), baseSec, IF(ISNUMBER(base), IF(ba"&"se<1, base*86400, base), IF(REGEXMATCH(base,"":""), VALUE(LEFT(base, FIND("":"",base)-1))*60 + VALUE(MID(base, FIND("":"",base)+1, 99)), VALUE(SUBSTITUTE(base,"","",""."")))), tSec, IF(ISNUMBER(t), IF(t<1, t*86400, t), "&" IF(REGEXMATCH(t,"":""), VALUE(LEFT(t, FIND("":"",t)-1))*60 + VALUE(MID(t, FIND("":"",t)+1, 99)), VALUE(SUBSTITUTE(t,"","",""."")))), INT(1000*(baseSec/tSec)^3) )"),760.0) -> 760
A19: F | B19: 400 Free | C19: 257.55 | D19: =IFERROR(__xludf.DUMMYFUNCTION("LET( gen,$A19, ev,$B19, t,$C19, hdrs, ARRAYFORMULA(UPPER(TRIM(CLEAN(SUBSTITUTE('AQUA POINTS'!$1:$1,CHAR(160),"" ""))))), col, MATCH(UPPER(ev), hdrs, 0), base, INDEX('AQUA POINTS'!$1:$3, IF(gen=""M"",2,3), col), baseSec, IF(ISNUMBER(base), IF(ba"&"se<1, base*86400, base), IF(REGEXMATCH(base,"":""), VALUE(LEFT(base, FIND("":"",base)-1))*60 + VALUE(MID(base, FIND("":"",base)+1, 99)), VALUE(SUBSTITUTE(base,"","",""."")))), tSec, IF(ISNUMBER(t), IF(t<1, t*86400, t), "&" IF(REGEXMATCH(t,"":""), VALUE(LEFT(t, FIND("":"",t)-1))*60 + VALUE(MID(t, FIND("":"",t)+1, 99)), VALUE(SUBSTITUTE(t,"","",""."")))), INT(1000*(baseSec/tSec)^3) )"),763.0) -> 763
A20: F | B20: 800 Free | C20: 536.07 | D20: =IFERROR(__xludf.DUMMYFUNCTION("LET( gen,$A20, ev,$B20, t,$C20, hdrs, ARRAYFORMULA(UPPER(TRIM(CLEAN(SUBSTITUTE('AQUA POINTS'!$1:$1,CHAR(160),"" ""))))), col, MATCH(UPPER(ev), hdrs, 0), base, INDEX('AQUA POINTS'!$1:$3, IF(gen=""M"",2,3), col), baseSec, IF(ISNUMBER(base), IF(ba"&"se<1, base*86400, base), IF(REGEXMATCH(base,"":""), VALUE(LEFT(base, FIND("":"",base)-1))*60 + VALUE(MID(base, FIND("":"",base)+1, 99)), VALUE(SUBSTITUTE(base,"","",""."")))), tSec, IF(ISNUMBER(t), IF(t<1, t*86400, t), "&" IF(REGEXMATCH(t,"":""), VALUE(LEFT(t, FIND("":"",t)-1))*60 + VALUE(MID(t, FIND("":"",t)+1, 99)), VALUE(SUBSTITUTE(t,"","",""."")))), INT(1000*(baseSec/tSec)^3) )"),739.0) -> 739
A21: F | B21: 1500 Free | C21: 1027.45 | D21: =IFERROR(__xludf.DUMMYFUNCTION("LET( gen,$A21, ev,$B21, t,$C21, hdrs, ARRAYFORMULA(UPPER(TRIM(CLEAN(SUBSTITUTE('AQUA POINTS'!$1:$1,CHAR(160),"" ""))))), col, MATCH(UPPER(ev), hdrs, 0), base, INDEX('AQUA POINTS'!$1:$3, IF(gen=""M"",2,3), col), baseSec, IF(ISNUMBER(base), IF(ba"&"se<1, base*86400, base), IF(REGEXMATCH(base,"":""), VALUE(LEFT(base, FIND("":"",base)-1))*60 + VALUE(MID(base, FIND("":"",base)+1, 99)), VALUE(SUBSTITUTE(base,"","",""."")))), tSec, IF(ISNUMBER(t), IF(t<1, t*86400, t), "&" IF(REGEXMATCH(t,"":""), VALUE(LEFT(t, FIND("":"",t)-1))*60 + VALUE(MID(t, FIND("":"",t)+1, 99)), VALUE(SUBSTITUTE(t,"","",""."")))), INT(1000*(baseSec/tSec)^3) )"),719.0) -> 719
A22: F | B22: 100 Back | C22: 63.71 | D22: =IFERROR(__xludf.DUMMYFUNCTION("LET( gen,$A22, ev,$B22, t,$C22, hdrs, ARRAYFORMULA(UPPER(TRIM(CLEAN(SUBSTITUTE('AQUA POINTS'!$1:$1,CHAR(160),"" ""))))), col, MATCH(UPPER(ev), hdrs, 0), base, INDEX('AQUA POINTS'!$1:$3, IF(gen=""M"",2,3), col), baseSec, IF(ISNUMBER(base), IF(ba"&"se<1, base*86400, base), IF(REGEXMATCH(base,"":""), VALUE(LEFT(base, FIND("":"",base)-1))*60 + VALUE(MID(base, FIND("":"",base)+1, 99)), VALUE(SUBSTITUTE(base,"","",""."")))), tSec, IF(ISNUMBER(t), IF(t<1, t*86400, t), "&" IF(REGEXMATCH(t,"":""), VALUE(LEFT(t, FIND("":"",t)-1))*60 + VALUE(MID(t, FIND("":"",t)+1, 99)), VALUE(SUBSTITUTE(t,"","",""."")))), INT(1000*(baseSec/tSec)^3) )"),721.0) -> 721
A23: F | B23: 200 Back | C23: 137.95 | D23: =IFERROR(__xludf.DUMMYFUNCTION("LET( gen,$A23, ev,$B23, t,$C23, hdrs, ARRAYFORMULA(UPPER(TRIM(CLEAN(SUBSTITUTE('AQUA POINTS'!$1:$1,CHAR(160),"" ""))))), col, MATCH(UPPER(ev), hdrs, 0), base, INDEX('AQUA POINTS'!$1:$3, IF(gen=""M"",2,3), col), baseSec, IF(ISNUMBER(base), IF(ba"&"se<1, base*86400, base), IF(REGEXMATCH(base,"":""), VALUE(LEFT(base, FIND("":"",base)-1))*60 + VALUE(MID(base, FIND("":"",base)+1, 99)), VALUE(SUBSTITUTE(base,"","",""."")))), tSec, IF(ISNUMBER(t), IF(t<1, t*86400, t), "&" IF(REGEXMATCH(t,"":""), VALUE(LEFT(t, FIND("":"",t)-1))*60 + VALUE(MID(t, FIND("":"",t)+1, 99)), VALUE(SUBSTITUTE(t,"","",""."")))), INT(1000*(baseSec/tSec)^3) )"),711.0) -> 711
A24: F | B24: 100 Breast | C24: 70.94 | D24: =IFERROR(__xludf.DUMMYFUNCTION("LET( gen,$A24, ev,$B24, t,$C24, hdrs, ARRAYFORMULA(UPPER(TRIM(CLEAN(SUBSTITUTE('AQUA POINTS'!$1:$1,CHAR(160),"" ""))))), col, MATCH(UPPER(ev), hdrs, 0), base, INDEX('AQUA POINTS'!$1:$3, IF(gen=""M"",2,3), col), baseSec, IF(ISNUMBER(base), IF(ba"&"se<1, base*86400, base), IF(REGEXMATCH(base,"":""), VALUE(LEFT(base, FIND("":"",base)-1))*60 + VALUE(MID(base, FIND("":"",base)+1, 99)), VALUE(SUBSTITUTE(base,"","",""."")))), tSec, IF(ISNUMBER(t), IF(t<1, t*86400, t), "&" IF(REGEXMATCH(t,"":""), VALUE(LEFT(t, FIND("":"",t)-1))*60 + VALUE(MID(t, FIND("":"",t)+1, 99)), VALUE(SUBSTITUTE(t,"","",""."")))), INT(1000*(baseSec/tSec)^3) )"),738.0) -> 738
A25: F | B25: 200 Breast | C25: 152.6 | D25: =IFERROR(__xludf.DUMMYFUNCTION("LET( gen,$A25, ev,$B25, t,$C25, hdrs, ARRAYFORMULA(UPPER(TRIM(CLEAN(SUBSTITUTE('AQUA POINTS'!$1:$1,CHAR(160),"" ""))))), col, MATCH(UPPER(ev), hdrs, 0), base, INDEX('AQUA POINTS'!$1:$3, IF(gen=""M"",2,3), col), baseSec, IF(ISNUMBER(base), IF(ba"&"se<1, base*86400, base), IF(REGEXMATCH(base,"":""), VALUE(LEFT(base, FIND("":"",base)-1))*60 + VALUE(MID(base, FIND("":"",base)+1, 99)), VALUE(SUBSTITUTE(base,"","",""."")))), tSec, IF(ISNUMBER(t), IF(t<1, t*86400, t), "&" IF(REGEXMATCH(t,"":""), VALUE(LEFT(t, FIND("":"",t)-1))*60 + VALUE(MID(t, FIND("":"",t)+1, 99)), VALUE(SUBSTITUTE(t,"","",""."")))), INT(1000*(baseSec/tSec)^3) )"),732.0) -> 732
A26: F | B26: 100 Fly | C26: 60.45 | D26: =IFERROR(__xludf.DUMMYFUNCTION("LET( gen,$A26, ev,$B26, t,$C26, hdrs, ARRAYFORMULA(UPPER(TRIM(CLEAN(SUBSTITUTE('AQUA POINTS'!$1:$1,CHAR(160),"" ""))))), col, MATCH(UPPER(ev), hdrs, 0), base, INDEX('AQUA POINTS'!$1:$3, IF(gen=""M"",2,3), col), baseSec, IF(ISNUMBER(base), IF(ba"&"se<1, base*86400, base), IF(REGEXMATCH(base,"":""), VALUE(LEFT(base, FIND("":"",base)-1))*60 + VALUE(MID(base, FIND("":"",base)+1, 99)), VALUE(SUBSTITUTE(base,"","",""."")))), tSec, IF(ISNUMBER(t), IF(t<1, t*86400, t), "&" IF(REGEXMATCH(t,"":""), VALUE(LEFT(t, FIND("":"",t)-1))*60 + VALUE(MID(t, FIND("":"",t)+1, 99)), VALUE(SUBSTITUTE(t,"","",""."")))), INT(1000*(baseSec/tSec)^3) )"),760.0) -> 760
A27: F | B27: 200 Fly | C27: 134.37 | D27: =IFERROR(__xludf.DUMMYFUNCTION("LET( gen,$A27, ev,$B27, t,$C27, hdrs, ARRAYFORMULA(UPPER(TRIM(CLEAN(SUBSTITUTE('AQUA POINTS'!$1:$1,CHAR(160),"" ""))))), col, MATCH(UPPER(ev), hdrs, 0), base, INDEX('AQUA POINTS'!$1:$3, IF(gen=""M"",2,3), col), baseSec, IF(ISNUMBER(base), IF(ba"&"se<1, base*86400, base), IF(REGEXMATCH(base,"":""), VALUE(LEFT(base, FIND("":"",base)-1))*60 + VALUE(MID(base, FIND("":"",base)+1, 99)), VALUE(SUBSTITUTE(base,"","",""."")))), tSec, IF(ISNUMBER(t), IF(t<1, t*86400, t), "&" IF(REGEXMATCH(t,"":""), VALUE(LEFT(t, FIND("":"",t)-1))*60 + VALUE(MID(t, FIND("":"",t)+1, 99)), VALUE(SUBSTITUTE(t,"","",""."")))), INT(1000*(baseSec/tSec)^3) )"),744.0) -> 744
A28: F | B28: 200 IM | C28: 136.39 | D28: =IFERROR(__xludf.DUMMYFUNCTION("LET( gen,$A28, ev,$B28, t,$C28, hdrs, ARRAYFORMULA(UPPER(TRIM(CLEAN(SUBSTITUTE('AQUA POINTS'!$1:$1,CHAR(160),"" ""))))), col, MATCH(UPPER(ev), hdrs, 0), base, INDEX('AQUA POINTS'!$1:$3, IF(gen=""M"",2,3), col), baseSec, IF(ISNUMBER(base), IF(ba"&"se<1, base*86400, base), IF(REGEXMATCH(base,"":""), VALUE(LEFT(base, FIND("":"",base)-1))*60 + VALUE(MID(base, FIND("":"",base)+1, 99)), VALUE(SUBSTITUTE(base,"","",""."")))), tSec, IF(ISNUMBER(t), IF(t<1, t*86400, t), "&" IF(REGEXMATCH(t,"":""), VALUE(LEFT(t, FIND("":"",t)-1))*60 + VALUE(MID(t, FIND("":"",t)+1, 99)), VALUE(SUBSTITUTE(t,"","",""."")))), INT(1000*(baseSec/tSec)^3) )"),790.0) -> 790
A29: F | B29: 400 IM | C29: 292.08 | D29: =IFERROR(__xludf.DUMMYFUNCTION("LET( gen,$A29, ev,$B29, t,$C29, hdrs, ARRAYFORMULA(UPPER(TRIM(CLEAN(SUBSTITUTE('AQUA POINTS'!$1:$1,CHAR(160),"" ""))))), col, MATCH(UPPER(ev), hdrs, 0), base, INDEX('AQUA POINTS'!$1:$3, IF(gen=""M"",2,3), col), baseSec, IF(ISNUMBER(base), IF(ba"&"se<1, base*86400, base), IF(REGEXMATCH(base,"":""), VALUE(LEFT(base, FIND("":"",base)-1))*60 + VALUE(MID(base, FIND("":"",base)+1, 99)), VALUE(SUBSTITUTE(base,"","",""."")))), tSec, IF(ISNUMBER(t), IF(t<1, t*86400, t), "&" IF(REGEXMATCH(t,"":""), VALUE(LEFT(t, FIND("":"",t)-1))*60 + VALUE(MID(t, FIND("":"",t)+1, 99)), VALUE(SUBSTITUTE(t,"","",""."")))), INT(1000*(baseSec/tSec)^3) )"),741.0) -> 741
A30: F | B30: 50 Back | C30: 28.99 | D30: =IFERROR(__xludf.DUMMYFUNCTION("LET( gen,$A30, ev,$B30, t,$C30, hdrs, ARRAYFORMULA(UPPER(TRIM(CLEAN(SUBSTITUTE('AQUA POINTS'!$1:$1,CHAR(160),"" ""))))), col, MATCH(UPPER(ev), hdrs, 0), base, INDEX('AQUA POINTS'!$1:$3, IF(gen=""M"",2,3), col), baseSec, IF(ISNUMBER(base), IF(ba"&"se<1, base*86400, base), IF(REGEXMATCH(base,"":""), VALUE(LEFT(base, FIND("":"",base)-1))*60 + VALUE(MID(base, FIND("":"",base)+1, 99)), VALUE(SUBSTITUTE(base,"","",""."")))), tSec, IF(ISNUMBER(t), IF(t<1, t*86400, t), "&" IF(REGEXMATCH(t,"":""), VALUE(LEFT(t, FIND("":"",t)-1))*60 + VALUE(MID(t, FIND("":"",t)+1, 99)), VALUE(SUBSTITUTE(t,"","",""."")))), INT(1000*(baseSec/tSec)^3) )"),795.0) -> 795
A31: F | B31: 50 Breast | C31: 31.94 | D31: =IFERROR(__xludf.DUMMYFUNCTION("LET( gen,$A31, ev,$B31, t,$C31, hdrs, ARRAYFORMULA(UPPER(TRIM(CLEAN(SUBSTITUTE('AQUA POINTS'!$1:$1,CHAR(160),"" ""))))), col, MATCH(UPPER(ev), hdrs, 0), base, INDEX('AQUA POINTS'!$1:$3, IF(gen=""M"",2,3), col), baseSec, IF(ISNUMBER(base), IF(ba"&"se<1, base*86400, base), IF(REGEXMATCH(base,"":""), VALUE(LEFT(base, FIND("":"",base)-1))*60 + VALUE(MID(base, FIND("":"",base)+1, 99)), VALUE(SUBSTITUTE(base,"","",""."")))), tSec, IF(ISNUMBER(t), IF(t<1, t*86400, t), "&" IF(REGEXMATCH(t,"":""), VALUE(LEFT(t, FIND("":"",t)-1))*60 + VALUE(MID(t, FIND("":"",t)+1, 99)), VALUE(SUBSTITUTE(t,"","",""."")))), INT(1000*(baseSec/tSec)^3) )"),760.0) -> 760
A32: F | B32: 50 Fly | C32: 27.02 | D32: =IFERROR(__xludf.DUMMYFUNCTION("LET( gen,$A32, ev,$B32, t,$C32, hdrs, ARRAYFORMULA(UPPER(TRIM(CLEAN(SUBSTITUTE('AQUA POINTS'!$1:$1,CHAR(160),"" ""))))), col, MATCH(UPPER(ev), hdrs, 0), base, INDEX('AQUA POINTS'!$1:$3, IF(gen=""M"",2,3), col), baseSec, IF(ISNUMBER(base), IF(ba"&"se<1, base*86400, base), IF(REGEXMATCH(base,"":""), VALUE(LEFT(base, FIND("":"",base)-1))*60 + VALUE(MID(base, FIND("":"",base)+1, 99)), VALUE(SUBSTITUTE(base,"","",""."")))), tSec, IF(ISNUMBER(t), IF(t<1, t*86400, t), "&" IF(REGEXMATCH(t,"":""), VALUE(LEFT(t, FIND("":"",t)-1))*60 + VALUE(MID(t, FIND("":"",t)+1, 99)), VALUE(SUBSTITUTE(t,"","",""."")))), INT(1000*(baseSec/tSec)^3) )"),739.0) -> 739
A33: M | B33: 50 Back | C33: 25.61 | D33: =IFERROR(__xludf.DUMMYFUNCTION("LET( gen,$A33, ev,$B33, t,$C33, hdrs, ARRAYFORMULA(UPPER(TRIM(CLEAN(SUBSTITUTE('AQUA POINTS'!$1:$1,CHAR(160),"" ""))))), col, MATCH(UPPER(ev), hdrs, 0), base, INDEX('AQUA POINTS'!$1:$3, IF(gen=""M"",2,3), col), baseSec, IF(ISNUMBER(base), IF(ba"&"se<1, base*86400, base), IF(REGEXMATCH(base,"":""), VALUE(LEFT(base, FIND("":"",base)-1))*60 + VALUE(MID(base, FIND("":"",base)+1, 99)), VALUE(SUBSTITUTE(base,"","",""."")))), tSec, IF(ISNUMBER(t), IF(t<1, t*86400, t), "&" IF(REGEXMATCH(t,"":""), VALUE(LEFT(t, FIND("":"",t)-1))*60 + VALUE(MID(t, FIND("":"",t)+1, 99)), VALUE(SUBSTITUTE(t,"","",""."")))), INT(1000*(baseSec/tSec)^3) )"),777.0) -> 777
A34: M | B34: 50 Breast | C34: 28.01 | D34: =IFERROR(__xludf.DUMMYFUNCTION("LET( gen,$A34, ev,$B34, t,$C34, hdrs, ARRAYFORMULA(UPPER(TRIM(CLEAN(SUBSTITUTE('AQUA POINTS'!$1:$1,CHAR(160),"" ""))))), col, MATCH(UPPER(ev), hdrs, 0), base, INDEX('AQUA POINTS'!$1:$3, IF(gen=""M"",2,3), col), baseSec, IF(ISNUMBER(base), IF(ba"&"se<1, base*86400, base), IF(REGEXMATCH(base,"":""), VALUE(LEFT(base, FIND("":"",base)-1))*60 + VALUE(MID(base, FIND("":"",base)+1, 99)), VALUE(SUBSTITUTE(base,"","",""."")))), tSec, IF(ISNUMBER(t), IF(t<1, t*86400, t), "&" IF(REGEXMATCH(t,"":""), VALUE(LEFT(t, FIND("":"",t)-1))*60 + VALUE(MID(t, FIND("":"",t)+1, 99)), VALUE(SUBSTITUTE(t,"","",""."")))), INT(1000*(baseSec/tSec)^3) )"),795.0) -> 795
A35: M | B35: 50 Fly | C35: 23.89 | D35: =IFERROR(__xludf.DUMMYFUNCTION("LET( gen,$A35, ev,$B35, t,$C35, hdrs, ARRAYFORMULA(UPPER(TRIM(CLEAN(SUBSTITUTE('AQUA POINTS'!$1:$1,CHAR(160),"" ""))))), col, MATCH(UPPER(ev), hdrs, 0), base, INDEX('AQUA POINTS'!$1:$3, IF(gen=""M"",2,3), col), baseSec, IF(ISNUMBER(base), IF(ba"&"se<1, base*86400, base), IF(REGEXMATCH(base,"":""), VALUE(LEFT(base, FIND("":"",base)-1))*60 + VALUE(MID(base, FIND("":"",base)+1, 99)), VALUE(SUBSTITUTE(base,"","",""."")))), tSec, IF(ISNUMBER(t), IF(t<1, t*86400, t), "&" IF(REGEXMATCH(t,"":""), VALUE(LEFT(t, FIND("":"",t)-1))*60 + VALUE(MID(t, FIND("":"",t)+1, 99)), VALUE(SUBSTITUTE(t,"","",""."")))), INT(1000*(baseSec/tSec)^3) )"),810.0) -> 810

Sheet AQUA POINTS
B1: 50 Free | C1: 100 Free | D1: 200 Free | E1: 400 Free | F1: 800 Free | G1: 1500 Free | H1: 50 Back | I1: 100 Back | J1: 200 Back | K1: 50 Breast | L1: 100 Breast | M1: 200 Breast | N1: 50 Fly | O1: 100 Fly | P1: 200 Fly | Q1: 200 IM | R1: 400 IM
A2: Male | B2: 20.91 | C2: 46.4 | D2: 102 | E2: 220.07 | F2: 452.12 | G2: 870.67 | H2: 23.55 | I2: 51.6 | J2: 111.92 | K2: 25.95 | L2: 56.88 | M2: 125.48 | N2: 22.27 | O2: 49.45 | P2: 110.34 | Q2: 114 | R2: 242.5
A3: Female | B3: 23.61 | C3: 51.71 | D3: 112.23 | E3: 235.38 | F3: 484.79 | G3: 920.48 | H3: 26.86 | I3: 57.13 | J3: 123.14 | K3: 29.16 | L3: 64.13 | M3: 137.55 | N3: 24.43 | O3: 55.18 | P3: 121.81 | Q3: 126.12 | R3: 264.38 | S3: 258.94
